;Identificador do acidente;Data;Dia da semana;Horário;Estado;BR;km;Município;Causa do acidente;Tipo do acidente;Gravidade do acidente;Fase do dia;Sentido da via;Condição do tempo;Tipo de pista;Traçado da via;uso_solo;Número de passageiros;Número de cavaleiro;Número de condutor;Número de pedestre
3137;575537;2024-01-18;quinta-feira;10:00:00;SP;116.0;210.0;GUARULHOS;Manobra de mudança de faixa;Colisão lateral mesmo sentido;Sem Vítimas;Pleno dia;Crescente;Ensolarado;Dupla;Reta;Urbano;1;0;2;0
3146;575548;2024-01-18;quinta-feira;18:10:00;SP;116.0;217.0;GUARULHOS;Reação tardia ou ineficiente do condutor;Colisão traseira;Com Vítimas Feridas;Anoitecer;Crescente;Nublado;Múltipla;Reta;Urbano;0;0;2;0
3148;575551;2024-01-18;quinta-feira;17:10:00;SP;381.0;61.0;MAIRIPORA;Avarias e/ou desgaste excessivo no pneu;Colisão com objeto;Com Vítimas Feridas;Pleno dia;Decrescente;Chuvoso;Dupla;Curva;Rural;0;0;1;0
3150;575553;2024-01-18;quinta-feira;17:30:00;SP;116.0;521.0;CAJATI;Chuva;Saída de leito carroçável;Com Vítimas Feridas;Pleno dia;Crescente;Chuvoso;Simples;"Curva;Aclive";Rural;1;0;1;0
3165;575571;2024-01-18;quinta-feira;19:15:00;SP;101.0;51.9;UBATUBA;Acessar a via sem observar a presença dos outros veículos;Colisão transversal;Com Vítimas Feridas;Plena Noite;Crescente;Ensolarado;Simples;Reta;Urbano;0;0;2;0
3172;575578;2024-01-18;quinta-feira;20:20:00;SP;116.0;222.0;GUARULHOS;Entrada inopinada do pedestre;Atropelamento de Pedestre;Com Vítimas Fatais;Plena Noite;Crescente;Nublado;Múltipla;Reta;Urbano;0;0;1;1
3185;575595;2024-01-18;quinta-feira;22:25:00;SP;116.0;282.0;EMBU DAS ARTES;Acessar a via sem observar a presença dos outros veículos;Colisão traseira;Com Vítimas Feridas;Plena Noite;Crescente;Chuvoso;Dupla;Reta;Urbano;0;0;2;0
3206;575616;2024-01-19;sexta-feira;03:00:00;SP;116.0;212.0;GUARULHOS;Acesso irregular;Capotamento;Com Vítimas Feridas;Plena Noite;Decrescente;Chuvoso;Múltipla;Reta;Urbano;1;0;1;0
3228;575643;2024-01-19;sexta-feira;08:30:00;SP;116.0;439.0;REGISTRO;Acumulo de óleo sobre o pavimento;Tombamento;Com Vítimas Feridas;Pleno dia;Decrescente;Nublado;Simples;Curva;Urbano;0;0;1;0
3236;575651;2024-01-19;sexta-feira;08:40:00;SP;116.0;439.0;REGISTRO;Pista Escorregadia;Queda de ocupante de veículo;Com Vítimas Feridas;Pleno dia;Decrescente;Nublado;Simples;"Curva;Aclive";Urbano;0;0;1;0
3237;575652;2024-01-19;sexta-feira;08:50:00;SP;116.0;439.0;REGISTRO;Acumulo de óleo sobre o pavimento;Tombamento;Com Vítimas Feridas;Pleno dia;Decrescente;Nublado;Simples;Curva;Urbano;0;0;1;0
3246;575665;2024-01-19;sexta-feira;10:00:00;SP;153.0;64.0;SAO JOSE DO RIO PRETO;Demais falhas mecânicas ou elétricas;Tombamento;Com Vítimas Feridas;Pleno dia;Crescente;Ensolarado;Dupla;Reta;Rural;0;0;1;0
3249;575669;2024-01-19;sexta-feira;10:05:00;SP;381.0;16.0;BRAGANCA PAULISTA;Demais falhas mecânicas ou elétricas;Incêndio;Sem Vítimas;Pleno dia;Crescente;Ensolarado;Dupla;Declive;Rural;0;0;1;0
3267;575690;2024-01-19;sexta-feira;11:20:00;SP;116.0;59.4;GUARATINGUETA;Transitar no Acostamento;Colisão lateral mesmo sentido;Com Vítimas Feridas;Pleno dia;Decrescente;Nublado;Dupla;Reta;Rural;0;0;2;0
3280;575705;2024-01-19;sexta-feira;12:00:00;SP;116.0;92.3;PINDAMONHANGABA;Condutor deixou de manter distância do veículo da frente;Colisão traseira;Com Vítimas Feridas;Pleno dia;Crescente;Ensolarado;Dupla;Reta;Rural;1;0;2;0
3323;575761;2024-01-19;sexta-feira;17:45:00;SP;116.0;227.0;GUARULHOS;Ausência de reação do condutor;Tombamento;Com Vítimas Feridas;Anoitecer;Decrescente;Chuvoso;Múltipla;Reta;Urbano;0;0;1;0
3330;575768;2024-01-19;sexta-feira;12:30:00;SP;116.0;99.0;PINDAMONHANGABA;Condutor deixou de manter distância do veículo da frente;Colisão traseira;Com Vítimas Feridas;Pleno dia;Crescente;Ensolarado;Dupla;"Reta;Aclive";Rural;0;0;3;0
3361;575802;2024-01-19;sexta-feira;20:00:00;SP;116.0;334.0;JUQUITIBA;Ausência de reação do condutor;Colisão lateral mesmo sentido;Com Vítimas Feridas;Plena Noite;Crescente;Ensolarado;Dupla;Curva;Rural;1;0;1;0
3371;575813;2024-01-19;sexta-feira;21:00:00;SP;116.0;217.0;GUARULHOS;Acumulo de água sobre o pavimento;Queda de ocupante de veículo;Com Vítimas Feridas;Plena Noite;Decrescente;Chuvoso;Dupla;Reta;Rural;0;0;1;0
3372;575814;2024-01-19;sexta-feira;20:10:00;SP;381.0;2.0;VARGEM;Chuva;Colisão traseira;Sem Vítimas;Plena Noite;Crescente;Chuvoso;Dupla;Reta;Rural;0;0;2;0
3393;575838;2024-01-19;sexta-feira;23:10:00;SP;116.0;152.8;SAO JOSE DOS CAMPOS;Ausência de reação do condutor;Colisão traseira;Com Vítimas Fatais;Plena Noite;Crescente;Nublado;Dupla;Reta;Urbano;0;0;2;0
3413;575861;2024-01-20;sábado;03:10:00;SP;116.0;145.0;SAO JOSE DOS CAMPOS;Velocidade Incompatível;Colisão traseira;Com Vítimas Feridas;Plena Noite;Decrescente;Nublado;Dupla;"Reta;Aclive";Urbano;1;0;2;0
3428;575879;2024-01-20;sábado;05:30:00;SP;116.0;82.5;ROSEIRA;Ingestão de álcool pelo condutor;Colisão traseira;Com Vítimas Feridas;Amanhecer;Decrescente;Nublado;Dupla;Reta;Rural;0;0;2;0
3435;575886;2024-01-20;sábado;07:25:00;SP;101.0;39.0;UBATUBA;Reação tardia ou ineficiente do condutor;Colisão traseira;Com Vítimas Feridas;Pleno dia;Decrescente;Nublado;Simples;"Reta;Aclive";Rural;4;0;2;0
3449;575900;2024-01-20;sábado;06:10:00;SP;116.0;141.0;SAO JOSE DOS CAMPOS;Reação tardia ou ineficiente do condutor;Colisão lateral mesmo sentido;Com Vítimas Fatais;Pleno dia;Decrescente;Nublado;Dupla;Reta;Urbano;4;0;2;0
3498;575957;2024-01-20;sábado;14:30:00;SP;116.0;221.0;GUARULHOS;Trafegar com motocicleta (ou similar) entre as faixas;Colisão lateral mesmo sentido;Com Vítimas Feridas;Pleno dia;Crescente;Nublado;Múltipla;Reta;Urbano;1;0;2;0
3515;575975;2024-01-20;sábado;16:30:00;SP;116.0;505.8;CAJATI;Reação tardia ou ineficiente do condutor;Saída de leito carroçável;Com Vítimas Feridas;Pleno dia;Crescente;Chuvoso;Simples;Curva;Rural;1;0;1;0
3523;575984;2024-01-20;sábado;16:30:00;SP;101.0;25.0;UBATUBA;Reação tardia ou ineficiente do condutor;Colisão lateral mesmo sentido;Com Vítimas Feridas;Pleno dia;Crescente;Ensolarado;Múltipla;Reta;Rural;2;0;2;0
3525;575986;2024-01-20;sábado;16:30:00;SP;116.0;225.0;GUARULHOS;Reação tardia ou ineficiente do condutor;Colisão transversal;Com Vítimas Feridas;Anoitecer;Crescente;Nublado;Múltipla;Reta;Urbano;0;0;2;0
3584;576047;2024-01-20;sábado;20:30:00;SP;101.0;52.0;UBATUBA;Manobra de mudança de faixa;Colisão transversal;Com Vítimas Feridas;Plena Noite;Crescente;Chuvoso;Simples;Reta;Urbano;0;0;2;0
3587;576050;2024-01-20;sábado;21:10:00;SP;101.0;44.3;UBATUBA;Acessar a via sem observar a presença dos outros veículos;Colisão transversal;Com Vítimas Feridas;Plena Noite;Decrescente;Nublado;Simples;Reta;Urbano;1;0;2;0
3589;576052;2024-01-20;sábado;21:30:00;SP;381.0;70.5;MAIRIPORA;Reação tardia ou ineficiente do condutor;Colisão com objeto;Sem Vítimas;Plena Noite;Crescente;Chuvoso;Dupla;"Curva;Aclive";Rural;2;0;1;0
3617;576083;2024-01-20;sábado;23:46:00;SP;381.0;59.1;MAIRIPORA;Reação tardia ou ineficiente do condutor;Colisão traseira;Sem Vítimas;Plena Noite;Decrescente;Chuvoso;Múltipla;Curva;Rural;2;0;2;0
3657;576128;2024-01-21;domingo;06:12:00;SP;116.0;224.0;GUARULHOS;Reação tardia ou ineficiente do condutor;Capotamento;Com Vítimas Feridas;Amanhecer;Crescente;Ensolarado;Múltipla;Reta;Urbano;0;0;1;0
3670;576141;2024-01-21;domingo;07:00:00;SP;116.0;511.0;CAJATI;Velocidade Incompatível;Tombamento;Com Vítimas Feridas;Pleno dia;Decrescente;Ensolarado;Dupla;Reta;Rural;0;0;1;0
3695;576172;2024-01-21;domingo;08:30:00;SP;116.0;538.0;BARRA DO TURVO;Reação tardia ou ineficiente do condutor;Colisão com objeto;Com Vítimas Feridas;Pleno dia;Crescente;Chuvoso;Dupla;Curva;Rural;2;0;1;0
3702;576182;2024-01-21;domingo;12:00:00;SP;116.0;380.0;MIRACATU;Pista Escorregadia;Colisão transversal;Com Vítimas Feridas;Pleno dia;Decrescente;Chuvoso;Dupla;Curva;Rural;1;0;3;0
3716;576199;2024-01-21;domingo;13:05:00;SP;153.0;76.6;BADY BASSITT;Ausência de reação do condutor;Colisão com objeto;Sem Vítimas;Pleno dia;Crescente;Nublado;Dupla;Reta;Rural;1;0;2;0
3741;576229;2024-01-21;domingo;16:00:00;SP;116.0;514.0;CAJATI;Reação tardia ou ineficiente do condutor;Saída de leito carroçável;Com Vítimas Feridas;Pleno dia;Crescente;Chuvoso;Simples;"Curva;Aclive";Rural;2;0;1;0
3752;576244;2024-01-21;domingo;17:30:00;SP;381.0;10.0;VARGEM;Ausência de reação do condutor;Saída de leito carroçável;Sem Vítimas;Pleno dia;Crescente;Chuvoso;Simples;"Rotatória;Viaduto";Rural;0;0;1;0
3754;576246;2024-01-21;domingo;16:20:00;SP;116.0;330.0;JUQUITIBA;Ausência de reação do condutor;Saída de leito carroçável;Com Vítimas Feridas;Pleno dia;Crescente;Chuvoso;Dupla;Curva;Rural;0;0;1;0
3778;576272;2024-01-21;domingo;19:40:00;SP;116.0;541.0;BARRA DO TURVO;Velocidade Incompatível;Colisão com objeto;Com Vítimas Feridas;Plena Noite;Crescente;Chuvoso;Dupla;"Curva;Aclive";Rural;1;0;1;0
3805;576301;2024-01-21;domingo;22:00:00;SP;153.0;64.0;SAO JOSE DO RIO PRETO;Reação tardia ou ineficiente do condutor;Saída de leito carroçável;Com Vítimas Feridas;Plena Noite;Crescente;Ensolarado;Simples;Curva;Rural;0;0;1;0
3817;576314;2024-01-21;domingo;22:20:00;SP;116.0;548.0;BARRA DO TURVO;Reação tardia ou ineficiente do condutor;Saída de leito carroçável;Com Vítimas Feridas;Plena Noite;Crescente;Chuvoso;Simples;Curva;Rural;1;0;1;0
3829;576328;2024-01-22;segunda-feira;04:20:00;SP;116.0;222.0;GUARULHOS;Reação tardia ou ineficiente do condutor;Colisão com objeto;Com Vítimas Feridas;Plena Noite;Crescente;Não Informado;Múltipla;Reta;Urbano;2;0;3;1
3844;576343;2024-01-22;segunda-feira;05:30:00;SP;381.0;85.0;SAO PAULO;Demais falhas mecânicas ou elétricas;Incêndio;Sem Vítimas;Amanhecer;Decrescente;Ensolarado;Dupla;"Reta;Aclive;Viaduto";Urbano;0;0;1;0
3847;576347;2024-01-22;segunda-feira;06:40:00;SP;101.0;49.3;UBATUBA;Animais na Pista;Colisão traseira;Com Vítimas Feridas;Pleno dia;Decrescente;Chuvoso;Simples;Reta;Rural;0;0;2;0
3850;576351;2024-01-22;segunda-feira;07:00:00;SP;116.0;545.0;BARRA DO TURVO;Velocidade Incompatível;Tombamento;Com Vítimas Feridas;Pleno dia;Crescente;Ensolarado;Simples;"Curva;Declive";Rural;0;0;1;0
3884;576392;2024-01-22;segunda-feira;10:00:00;SP;116.0;59.9;GUARATINGUETA;Demais falhas mecânicas ou elétricas;Queda de ocupante de veículo;Com Vítimas Feridas;Pleno dia;Decrescente;Nublado;Dupla;Declive;Urbano;1;0;1;0
3887;576397;2024-01-22;segunda-feira;09:52:00;SP;116.0;224.0;GUARULHOS;Reação tardia ou ineficiente do condutor;Colisão lateral mesmo sentido;Com Vítimas Feridas;Pleno dia;Crescente;Nublado;Múltipla;Reta;Rural;0;0;2;0
3913;576428;2024-01-22;segunda-feira;13:00:00;SP;116.0;513.3;CAJATI;Reação tardia ou ineficiente do condutor;Tombamento;Com Vítimas Fatais;Pleno dia;Decrescente;Nublado;Simples;"Curva;Declive";Rural;1;0;1;0
3922;576439;2024-01-22;segunda-feira;14:49:00;SP;116.0;279.0;EMBU DAS ARTES;Demais falhas mecânicas ou elétricas;Incêndio;Sem Vítimas;Pleno dia;Crescente;Ensolarado;Dupla;Reta;Urbano;0;0;1;0
3928;576446;2024-01-22;segunda-feira;15:00:00;SP;153.0;37.0;ONDA VERDE;Ausência de reação do condutor;Colisão traseira;Com Vítimas Feridas;Pleno dia;Crescente;Nublado;Simples;Reta;Rural;0;0;2;0
3936;576458;2024-01-22;segunda-feira;16:30:00;SP;116.0;227.0;GUARULHOS;Demais falhas mecânicas ou elétricas;Incêndio;Sem Vítimas;Anoitecer;Decrescente;Ensolarado;Múltipla;Declive;Urbano;0;0;1;0
3942;576465;2024-01-22;segunda-feira;17:10:00;SP;116.0;227.0;SAO PAULO;Reação tardia ou ineficiente do condutor;Colisão lateral mesmo sentido;Sem Vítimas;Pleno dia;Crescente;Nublado;Múltipla;Declive;Urbano;0;0;2;0
3950;576473;2024-01-22;segunda-feira;16:45:00;SP;116.0;227.0;GUARULHOS;Avarias e/ou desgaste excessivo no pneu;Queda de ocupante de veículo;Com Vítimas Feridas;Pleno dia;Crescente;Nublado;Dupla;Reta;Urbano;1;0;1;0
3982;576508;2024-01-22;segunda-feira;20:30:00;SP;116.0;220.0;GUARULHOS;Condutor deixou de manter distância do veículo da frente;Colisão traseira;Com Vítimas Feridas;Plena Noite;Decrescente;Ensolarado;Múltipla;Reta;Urbano;2;0;3;0
3988;576517;2024-01-22;segunda-feira;21:10:00;SP;116.0;399.0;MIRACATU;Manobra de mudança de faixa;Colisão lateral mesmo sentido;Com Vítimas Feridas;Plena Noite;Crescente;Chuvoso;Dupla;Curva;Rural;0;0;2;0
3996;576525;2024-01-22;segunda-feira;22:03:00;SP;116.0;229.0;SAO PAULO;Reação tardia ou ineficiente do condutor;Colisão lateral mesmo sentido;Com Vítimas Feridas;Plena Noite;Decrescente;Nublado;Múltipla;Reta;Urbano;0;0;2;0
4025;576559;2024-01-23;terça-feira;06:50:00;SP;116.0;219.0;GUARULHOS;Reação tardia ou ineficiente do condutor;Colisão lateral mesmo sentido;Com Vítimas Feridas;Pleno dia;Crescente;Chuvoso;Múltipla;Reta;Urbano;0;0;2;0
4029;576564;2024-01-23;terça-feira;07:00:00;SP;116.0;210.0;GUARULHOS;Reação tardia ou ineficiente do condutor;Colisão lateral mesmo sentido;Com Vítimas Feridas;Pleno dia;Crescente;Nublado;Múltipla;Aclive;Urbano;0;0;2;0
4056;576601;2024-01-23;terça-feira;10:34:00;SP;116.0;388.0;MIRACATU;Ausência de reação do condutor;Engavetamento;Sem Vítimas;Pleno dia;Decrescente;Chuvoso;Dupla;Reta;Rural;0;0;3;0
4060;576606;2024-01-23;terça-feira;11:35:00;SP;116.0;299.0;ITAPECERICA DA SERRA;Reação tardia ou ineficiente do condutor;Colisão traseira;Com Vítimas Feridas;Pleno dia;Crescente;Chuvoso;Múltipla;"Reta;Aclive";Rural;2;0;2;0
4077;576625;2024-01-23;terça-feira;12:40:00;SP;116.0;360.0;MIRACATU;Demais falhas mecânicas ou elétricas;Incêndio;Sem Vítimas;Pleno dia;Decrescente;Chuvoso;Múltipla;Reta;Rural;0;0;1;0
4083;576634;2024-01-23;terça-feira;15:10:00;SP;116.0;222.0;GUARULHOS;Manobra de mudança de faixa;Colisão lateral mesmo sentido;Com Vítimas Feridas;Pleno dia;Crescente;Chuvoso;Múltipla;Reta;Urbano;0;0;2;0
4102;576654;2024-01-23;terça-feira;09:50:00;SP;153.0;257.7;MARILIA;Ausência de reação do condutor;Saída de leito carroçável;Com Vítimas Feridas;Pleno dia;Decrescente;Ensolarado;Dupla;Reta;Urbano;0;0;1;0
4108;576661;2024-01-23;terça-feira;16:01:00;SP;116.0;37.8;CACHOEIRA PAULISTA;Chuva;Colisão com objeto;Sem Vítimas;Pleno dia;Decrescente;Chuvoso;Dupla;Curva;Urbano;0;0;1;0
4113;576667;2024-01-19;sexta-feira;21:50:00;SP;116.0;217.0;GUARULHOS;Iluminação deficiente;Colisão com objeto;Sem Vítimas;Plena Noite;Decrescente;Chuvoso;Múltipla;Reta;Urbano;2;0;1;0
4133;576690;2024-01-23;terça-feira;17:31:00;SP;116.0;286.0;ITAPECERICA DA SERRA;Condutor deixou de manter distância do veículo da frente;Colisão traseira;Sem Vítimas;Pleno dia;Decrescente;Chuvoso;Dupla;Reta;Urbano;0;0;2;0
4134;576691;2024-01-23;terça-feira;17:30:00;SP;116.0;362.0;MIRACATU;Ausência de reação do condutor;Tombamento;Com Vítimas Feridas;Pleno dia;Crescente;Chuvoso;Dupla;"Curva;Declive";Rural;0;0;1;0
4151;576714;2024-01-23;terça-feira;20:00:00;SP;116.0;231.0;SAO PAULO;Demais falhas mecânicas ou elétricas;Incêndio;Sem Vítimas;Plena Noite;Decrescente;Nublado;Múltipla;Reta;Rural;0;0;1;0
4185;576754;2024-01-24;quarta-feira;05:40:00;SP;116.0;31.0;CRUZEIRO;Ausência de reação do condutor;Colisão traseira;Sem Vítimas;Amanhecer;Crescente;Ensolarado;Múltipla;"Reta;Aclive";Rural;0;0;2;0
4199;576773;2024-01-24;quarta-feira;09:50:00;SP;116.0;218.0;GUARULHOS;Ausência de reação do condutor;Engavetamento;Com Vítimas Feridas;Pleno dia;Crescente;Ensolarado;Múltipla;Reta;Urbano;0;0;4;0
4212;576788;2024-01-24;quarta-feira;11:25:00;SP;116.0;227.0;SAO PAULO;Trafegar com motocicleta (ou similar) entre as faixas;Tombamento;Com Vítimas Feridas;Pleno dia;Crescente;Ensolarado;Múltipla;Reta;Urbano;0;0;1;0
4213;576789;2024-01-24;quarta-feira;11:10:00;SP;153.0;61.8;SAO JOSE DO RIO PRETO;Condutor deixou de manter distância do veículo da frente;Colisão traseira;Com Vítimas Feridas;Pleno dia;Crescente;Ensolarado;Dupla;Aclive;Rural;0;0;3;0
4221;576797;2024-01-24;quarta-feira;12:00:00;SP;488.0;1.0;APARECIDA;Ausência de reação do condutor;Colisão traseira;Com Vítimas Feridas;Pleno dia;Decrescente;Ensolarado;Dupla;Reta;Urbano;1;0;2;0
4222;576798;2024-01-24;quarta-feira;10:32:00;SP;116.0;509.0;CAJATI;Reação tardia ou ineficiente do condutor;Saída de leito carroçável;Com Vítimas Feridas;Pleno dia;Decrescente;Nublado;Dupla;Curva;Rural;1;0;1;0
4235;576812;2024-01-24;quarta-feira;13:45:00;SP;116.0;214.0;GUARULHOS;Reação tardia ou ineficiente do condutor;Colisão traseira;Com Vítimas Feridas;Pleno dia;Crescente;Nublado;Múltipla;Reta;Urbano;0;0;2;0
4249;576831;2024-01-24;quarta-feira;14:00:00;SP;116.0;398.0;MIRACATU;Acumulo de água sobre o pavimento;Saída de leito carroçável;Com Vítimas Feridas;Pleno dia;Decrescente;Chuvoso;Dupla;Reta;Rural;1;0;1;0
4251;576834;2024-01-24;quarta-feira;15:00:00;SP;116.0;283.5;EMBU DAS ARTES;Acessar a via sem observar a presença dos outros veículos;Colisão transversal;Com Vítimas Feridas;Pleno dia;Crescente;Nublado;Dupla;Reta;Urbano;0;0;2;0
4258;576841;2024-01-24;quarta-feira;16:05:00;SP;381.0;88.5;GUARULHOS;Reação tardia ou ineficiente do condutor;Colisão traseira;Com Vítimas Feridas;Pleno dia;Crescente;Nublado;Múltipla;Reta;Urbano;0;0;2;0
4262;576846;2024-01-24;quarta-feira;16:15:00;SP;116.0;476.5;JACUPIRANGA;Ultrapassagem Indevida;Colisão lateral mesmo sentido;Com Vítimas Feridas;Pleno dia;Decrescente;Chuvoso;Simples;Reta;Urbano;0;0;2;0
4285;576871;2024-01-24;quarta-feira;19:30:00;SP;116.0;215.0;GUARULHOS;Reação tardia ou ineficiente do condutor;Colisão traseira;Com Vítimas Feridas;Plena Noite;Decrescente;Nublado;Múltipla;"Reta;Declive";Urbano;0;0;2;0
4316;576906;2024-01-24;quarta-feira;23:45:00;SP;381.0;0.5;VARGEM;Objeto estático sobre o leito carroçável;Colisão traseira;Com Vítimas Feridas;Plena Noite;Decrescente;Nublado;Múltipla;Curva;Urbano;5;0;2;0
4327;576918;2024-01-25;quinta-feira;05:07:00;SP;116.0;282.0;EMBU DAS ARTES;Reação tardia ou ineficiente do condutor;Colisão com objeto;Com Vítimas Feridas;Amanhecer;Crescente;Ensolarado;Simples;Curva;Urbano;1;0;1;0
4348;576940;2024-01-25;quinta-feira;07:00:00;SP;116.0;140.3;SAO JOSE DOS CAMPOS;Condutor deixou de manter distância do veículo da frente;Tombamento;Com Vítimas Fatais;Pleno dia;Crescente;Nublado;Dupla;Reta;Urbano;0;0;2;0
4350;576942;2024-01-25;quinta-feira;06:20:00;SP;116.0;126.0;CACAPAVA;Velocidade Incompatível;Colisão com objeto;Sem Vítimas;Pleno dia;Crescente;Ensolarado;Dupla;"Reta;Aclive";Urbano;0;0;1;0
4363;576959;2024-01-25;quinta-feira;10:20:00;SP;116.0;269.0;TABOAO DA SERRA;Reação tardia ou ineficiente do condutor;Tombamento;Com Vítimas Feridas;Pleno dia;Crescente;Chuvoso;Dupla;Retorno Regulamentado;Urbano;0;0;2;0
4371;576971;2024-01-25;quinta-feira;11:00:00;SP;116.0;222.0;GUARULHOS;Velocidade Incompatível;Colisão traseira;Com Vítimas Feridas;Pleno dia;Crescente;Ensolarado;Múltipla;Reta;Rural;0;0;4;0
4372;576972;2024-01-25;quinta-feira;11:20:00;SP;116.0;509.0;CAJATI;Reação tardia ou ineficiente do condutor;Saída de leito carroçável;Com Vítimas Feridas;Pleno dia;Crescente;Chuvoso;Simples;Curva;Rural;1;0;1;0
4373;576973;2024-01-25;quinta-feira;12:40:00;SP;116.0;560.0;BARRA DO TURVO;Reação tardia ou ineficiente do condutor;Colisão com objeto;Com Vítimas Feridas;Pleno dia;Crescente;Chuvoso;Simples;Curva;Rural;0;0;2;0
4382;576986;2024-01-25;quinta-feira;12:05:00;SP;116.0;117.1;TAUBATE;Reação tardia ou ineficiente do condutor;Colisão lateral mesmo sentido;Com Vítimas Feridas;Pleno dia;Decrescente;Nublado;Dupla;Reta;Urbano;0;0;2;0
4385;576989;2024-01-25;quinta-feira;13:00:00;SP;116.0;95.2;PINDAMONHANGABA;Ausência de reação do condutor;Tombamento;Com Vítimas Feridas;Pleno dia;Decrescente;Ensolarado;Dupla;Reta;Rural;1;0;1;0
4386;576992;2024-01-25;quinta-feira;13:30:00;SP;116.0;394.0;MIRACATU;Avarias e/ou desgaste excessivo no pneu;Saída de leito carroçável;Com Vítimas Feridas;Pleno dia;Crescente;Chuvoso;Dupla;Reta;Urbano;0;0;1;0
4387;576994;2024-01-25;quinta-feira;12:55:00;SP;116.0;6.7;QUELUZ;Reação tardia ou ineficiente do condutor;Colisão traseira;Com Vítimas Feridas;Pleno dia;Crescente;Ensolarado;Dupla;Curva;Rural;1;0;2;0
4395;577005;2024-01-25;quinta-feira;13:30:00;SP;116.0;561.0;BARRA DO TURVO;Reação tardia ou ineficiente do condutor;Saída de leito carroçável;Com Vítimas Fatais;Pleno dia;Decrescente;Chuvoso;Dupla;"Curva;Aclive";Rural;5;0;1;0
4399;577011;2024-01-25;quinta-feira;14:35:00;SP;116.0;222.0;GUARULHOS;Ausência de reação do condutor;Colisão lateral mesmo sentido;Com Vítimas Feridas;Pleno dia;Decrescente;Nublado;Múltipla;"Reta;Interseção de Vias;Desvio Temporário";Urbano;0;0;2;0
4410;577023;2024-01-25;quinta-feira;16:00:00;SP;116.0;282.0;EMBU DAS ARTES;Trafegar com motocicleta (ou similar) entre as faixas;Colisão lateral mesmo sentido;Com Vítimas Feridas;Pleno dia;Decrescente;Chuvoso;Dupla;Reta;Rural;0;0;2;0
4437;577058;2024-01-25;quinta-feira;17:00:00;SP;116.0;564.0;BARRA DO TURVO;Reação tardia ou ineficiente do condutor;Colisão com objeto;Com Vítimas Feridas;Pleno dia;Crescente;Chuvoso;Simples;"Curva;Aclive";Rural;2;0;1;0
4441;577062;2024-01-25;quinta-feira;19:40:00;SP;116.0;153.0;SAO JOSE DOS CAMPOS;Reação tardia ou ineficiente do condutor;Tombamento;Com Vítimas Feridas;Plena Noite;Crescente;Chuvoso;Simples;Reta;Urbano;0;0;1;0
4447;577070;2024-01-25;quinta-feira;16:55:00;SP;116.0;455.0;REGISTRO;Ausência de reação do condutor;Saída de leito carroçável;Com Vítimas Fatais;Pleno dia;Decrescente;Nublado;Dupla;Curva;Rural;0;0;1;0
4477;577104;2024-01-25;quinta-feira;22:15:00;SP;101.0;50.0;UBATUBA;Conversão proibida;Colisão lateral mesmo sentido;Com Vítimas Feridas;Plena Noite;Crescente;Chuvoso;Simples;Reta;Rural;0;0;2;0
4478;577105;2024-01-25;quinta-feira;22:30:00;SP;101.0;47.1;UBATUBA;Entrada inopinada do pedestre;Atropelamento de Pedestre;Com Vítimas Feridas;Plena Noite;Crescente;Chuvoso;Simples;Reta;Urbano;0;0;1;1
4487;577116;2024-01-26;sexta-feira;05:40:00;SP;116.0;218.0;GUARULHOS;Reação tardia ou ineficiente do condutor;Colisão com objeto;Com Vítimas Feridas;Amanhecer;Decrescente;Ensolarado;Múltipla;"Reta;Aclive";Rural;0;0;1;0
4515;577150;2024-01-26;sexta-feira;09:00:00;SP;116.0;168.3;JACAREI;Manobra de mudança de faixa;Colisão lateral mesmo sentido;Com Vítimas Feridas;Pleno dia;Decrescente;Nublado;Dupla;"Reta;Declive";Urbano;1;0;2;0
4543;577182;2024-01-26;sexta-feira;12:35:00;SP;116.0;488.0;CAJATI;Ausência de reação do condutor;Capotamento;Com Vítimas Feridas;Pleno dia;Crescente;Chuvoso;Dupla;Curva;Urbano;1;0;1;0
4551;577191;2024-01-26;sexta-feira;13:30:00;SP;116.0;123.0;CACAPAVA;Reação tardia ou ineficiente do condutor;Saída de leito carroçável;Com Vítimas Feridas;Pleno dia;Crescente;Chuvoso;Dupla;Reta;Rural;1;0;1;0
4553;577193;2024-01-26;sexta-feira;13:55:00;SP;116.0;274.0;TABOAO DA SERRA;Acumulo de areia ou detritos sobre o pavimento;Tombamento;Com Vítimas Feridas;Pleno dia;Crescente;Nublado;Dupla;Interseção de Vias;Urbano;0;0;1;0
4561;577201;2024-01-25;quinta-feira;15:55:00;SP;116.0;482.2;JACUPIRANGA;Ausência de reação do condutor;Saída de leito carroçável;Com Vítimas Feridas;Pleno dia;Decrescente;Chuvoso;Dupla;Reta;Rural;0;0;1;0
4581;577227;2024-01-26;sexta-feira;17:10:00;SP;381.0;47.0;ATIBAIA;Ausência de reação do condutor;Queda de ocupante de veículo;Com Vítimas Feridas;Pleno dia;Crescente;Ensolarado;Dupla;Reta;Urbano;0;0;1;0
4587;577235;2024-01-26;sexta-feira;17:55:00;SP;153.0;86.0;MIRASSOL;Ingestão de álcool pelo condutor;Colisão traseira;Sem Vítimas;Pleno dia;Decrescente;Ensolarado;Simples;"Declive;Reta;Em Obras";Rural;2;0;2;0
4591;577239;2024-01-26;sexta-feira;18:10:00;SP;116.0;204.0;GUARULHOS;Frear bruscamente;Colisão traseira;Com Vítimas Feridas;Pleno dia;Decrescente;Ensolarado;Múltipla;Reta;Rural;0;0;2;0