;Identificador do acidente;Data;Dia da semana;Horário;Estado;BR;km;Município;Causa do acidente;Tipo do acidente;Gravidade do acidente;Fase do dia;Sentido da via;Condição do tempo;Tipo de pista;Traçado da via;uso_solo;Número de passageiros;Número de cavaleiro;Número de condutor;Número de pedestre
4599;577249;2024-01-26;sexta-feira;18:50:00;SP;116.0;289.0;ITAPECERICA DA SERRA;Frear bruscamente;Tombamento;Com Vítimas Feridas;Plena Noite;Decrescente;Nublado;Dupla;Curva;Rural;2;0;1;0
4634;577288;2024-01-26;sexta-feira;19:42:00;SP;153.0;262.0;MARILIA;Ausência de reação do condutor;Colisão traseira;Com Vítimas Feridas;Plena Noite;Decrescente;Ensolarado;Simples;Reta;Rural;1;0;2;0
4643;577299;2024-01-27;sábado;00:05:00;SP;116.0;59.4;GUARATINGUETA;Condutor deixou de manter distância do veículo da frente;Colisão traseira;Com Vítimas Feridas;Plena Noite;Crescente;Ensolarado;Dupla;Reta;Urbano;0;0;2;0
4647;577303;2024-01-27;sábado;00:30:00;SP;116.0;107.0;TAUBATE;Animais na Pista;Atropelamento de Animal;Com Vítimas Feridas;Plena Noite;Decrescente;Nublado;Dupla;Reta;Urbano;0;0;1;0
4668;577327;2024-01-27;sábado;06:50:00;SP;116.0;210.0;GUARULHOS;Trafegar com motocicleta (ou similar) entre as faixas;Colisão lateral mesmo sentido;Com Vítimas Feridas;Pleno dia;Crescente;Ensolarado;Múltipla;Reta;Urbano;0;0;2;0
4669;577328;2024-01-27;sábado;07:00:00;SP;116.0;207.0;GUARULHOS;Manobra de mudança de faixa;Colisão lateral mesmo sentido;Com Vítimas Feridas;Pleno dia;Crescente;Nublado;Dupla;Reta;Urbano;1;0;2;0
4678;577337;2024-01-27;sábado;08:25:00;SP;116.0;141.7;SAO JOSE DOS CAMPOS;Condutor deixou de manter distância do veículo da frente;Colisão traseira;Com Vítimas Feridas;Pleno dia;Decrescente;Ensolarado;Dupla;Reta;Urbano;1;0;2;0
4679;577338;2024-01-27;sábado;07:15:00;SP;381.0;2.0;VARGEM;Transitar no Acostamento;Colisão lateral mesmo sentido;Com Vítimas Feridas;Pleno dia;Crescente;Ensolarado;Dupla;Curva;Rural;1;0;2;0
4683;577344;2024-01-27;sábado;09:15:00;SP;116.0;226.1;GUARULHOS;Avarias e/ou desgaste excessivo no pneu;Tombamento;Com Vítimas Feridas;Pleno dia;Decrescente;Nublado;Múltipla;"Reta;Aclive";Urbano;1;0;1;0
4690;577352;2024-01-27;sábado;09:40:00;SP;116.0;134.0;CACAPAVA;Avarias e/ou desgaste excessivo no pneu;Colisão lateral mesmo sentido;Sem Vítimas;Pleno dia;Crescente;Ensolarado;Dupla;Reta;Rural;0;0;2;0
4709;577374;2024-01-27;sábado;10:00:00;SP;116.0;505.5;CAJATI;Animais na Pista;Atropelamento de Animal;Com Vítimas Feridas;Pleno dia;Crescente;Ensolarado;Simples;"Curva;Declive";Rural;1;0;1;0
4726;577393;2024-01-27;sábado;13:50:00;SP;116.0;224.0;GUARULHOS;Demais falhas mecânicas ou elétricas;Queda de ocupante de veículo;Com Vítimas Feridas;Pleno dia;Crescente;Ensolarado;Múltipla;Reta;Urbano;1;0;1;0
4733;577400;2024-01-27;sábado;14:45:00;SP;381.0;26.0;ATIBAIA;Acumulo de água sobre o pavimento;Colisão com objeto;Com Vítimas Feridas;Pleno dia;Crescente;Ensolarado;Dupla;Aclive;Rural;1;0;1;0
4739;577407;2024-01-27;sábado;14:57:00;SP;116.0;122.0;CACAPAVA;Demais falhas mecânicas ou elétricas;Incêndio;Sem Vítimas;Pleno dia;Decrescente;Chuvoso;Dupla;Reta;Rural;0;0;1;0
4743;577412;2024-01-27;sábado;14:45:00;SP;101.0;52.0;UBATUBA;Acumulo de areia ou detritos sobre o pavimento;Tombamento;Com Vítimas Feridas;Pleno dia;Decrescente;Chuvoso;Simples;Rotatória;Urbano;1;0;1;0
4747;577417;2024-01-27;sábado;14:35:00;SP;116.0;26.2;SILVEIRAS;Reação tardia ou ineficiente do condutor;Colisão traseira;Com Vítimas Feridas;Pleno dia;Decrescente;Ensolarado;Múltipla;"Reta;Aclive";Rural;0;0;2;0
4829;577505;2024-01-28;domingo;00:40:00;SP;116.0;69.2;APARECIDA;Ingestão de álcool pelo condutor;Colisão frontal;Com Vítimas Feridas;Plena Noite;Decrescente;Ensolarado;Dupla;"Curva;Declive";Urbano;7;0;3;0
4849;577525;2024-01-28;domingo;04:00:00;SP;116.0;216.0;GUARULHOS;Ingestão de álcool pelo condutor;Tombamento;Com Vítimas Feridas;Plena Noite;Decrescente;Nublado;Múltipla;Reta;Rural;0;0;1;0
4851;577527;2024-01-28;domingo;06:30:00;SP;116.0;157.0;SAO JOSE DOS CAMPOS;Ausência de reação do condutor;Saída de leito carroçável;Sem Vítimas;Amanhecer;Decrescente;Ensolarado;Múltipla;Reta;Urbano;0;0;1;0
4903;577587;2024-01-28;domingo;13:20:00;SP;101.0;15.2;UBATUBA;Manobra de mudança de faixa;Colisão frontal;Com Vítimas Feridas;Pleno dia;Crescente;Chuvoso;Simples;"Reta;Interseção de Vias";Rural;2;0;2;0
4943;577630;2024-01-28;domingo;18:01:00;SP;153.0;67.0;SAO JOSE DO RIO PRETO;Condutor deixou de manter distância do veículo da frente;Colisão traseira;Com Vítimas Feridas;Anoitecer;Crescente;Ensolarado;Dupla;Reta;Urbano;0;0;2;0
4976;577666;2024-01-28;domingo;17:15:00;SP;116.0;108.5;TAUBATE;Entrada inopinada do pedestre;Atropelamento de Pedestre;Com Vítimas Feridas;Pleno dia;Crescente;Nublado;Dupla;"Reta;Aclive";Urbano;0;0;1;1
4984;577675;2024-01-28;domingo;20:40:00;SP;116.0;447.0;REGISTRO;Ausência de reação do condutor;Colisão traseira;Com Vítimas Feridas;Plena Noite;Decrescente;Ensolarado;Dupla;Reta;Rural;0;0;2;0
5041;577737;2024-01-29;segunda-feira;06:00:00;SP;116.0;210.0;GUARULHOS;Ausência de reação do condutor;Colisão lateral mesmo sentido;Com Vítimas Feridas;Pleno dia;Crescente;Nublado;Múltipla;Reta;Urbano;0;0;2;0
5046;577744;2024-01-29;segunda-feira;07:00:00;SP;116.0;287.0;ITAPECERICA DA SERRA;Acessar a via sem observar a presença dos outros veículos;Colisão lateral mesmo sentido;Com Vítimas Feridas;Pleno dia;Decrescente;Ensolarado;Dupla;Reta;Rural;0;0;2;0
5047;577745;2024-01-29;segunda-feira;03:00:00;SP;116.0;144.0;SAO JOSE DOS CAMPOS;Frear bruscamente;Capotamento;Com Vítimas Feridas;Plena Noite;Decrescente;Nublado;Múltipla;Reta;Urbano;0;0;1;0
5075;577778;2024-01-29;segunda-feira;10:00:00;SP;116.0;519.0;CAJATI;Reação tardia ou ineficiente do condutor;Saída de leito carroçável;Com Vítimas Feridas;Pleno dia;Crescente;Ensolarado;Simples;Reta;Rural;0;0;1;0
5081;577786;2024-01-10;quarta-feira;18:11:00;SP;381.0;60.0;MAIRIPORA;Ausência de reação do condutor;Capotamento;Com Vítimas Feridas;Pleno dia;Crescente;Nublado;Dupla;Curva;Rural;0;0;1;0
5088;577799;2024-01-29;segunda-feira;13:00:00;SP;101.0;47.0;UBATUBA;Ausência de reação do condutor;Colisão traseira;Sem Vítimas;Pleno dia;Decrescente;Ensolarado;Simples;Reta;Urbano;0;0;2;0
5097;577812;2024-01-29;segunda-feira;14:45:00;SP;116.0;222.8;GUARULHOS;Manobra de mudança de faixa;Colisão lateral mesmo sentido;Com Vítimas Feridas;Pleno dia;Decrescente;Ensolarado;Múltipla;Reta;Urbano;2;0;2;0
5146;577876;2024-01-29;segunda-feira;14:45:00;SP;116.0;433.0;REGISTRO;Demais Fenômenos da natureza;Queda de ocupante de veículo;Com Vítimas Fatais;Pleno dia;Crescente;Chuvoso;Dupla;Reta;Rural;0;0;1;0
5162;577893;2024-01-29;segunda-feira;15:05:00;SP;116.0;430.9;REGISTRO;Condutor deixou de manter distância do veículo da frente;Colisão traseira;Com Vítimas Feridas;Pleno dia;Crescente;Chuvoso;Dupla;Reta;Rural;0;0;3;0
5165;577898;2024-01-29;segunda-feira;17:40:00;SP;116.0;187.0;SANTA ISABEL;Mal súbito do condutor;Queda de ocupante de veículo;Com Vítimas Feridas;Pleno dia;Crescente;Ensolarado;Dupla;"Reta;Declive";Rural;0;0;1;0
5178;577912;2024-01-29;segunda-feira;23:30:00;SP;116.0;557.0;BARRA DO TURVO;Reação tardia ou ineficiente do condutor;Saída de leito carroçável;Com Vítimas Feridas;Plena Noite;Decrescente;Chuvoso;Simples;Curva;Rural;0;0;1;0
5180;577915;2024-01-30;terça-feira;00:20:00;SP;116.0;230.0;SAO PAULO;Ausência de reação do condutor;Colisão traseira;Com Vítimas Feridas;Plena Noite;Decrescente;Ensolarado;Múltipla;Reta;Urbano;0;0;2;0
5181;577916;2024-01-30;terça-feira;00:28:00;SP;381.0;88.0;GUARULHOS;Participar de racha;Colisão traseira;Com Vítimas Feridas;Plena Noite;Decrescente;Ensolarado;Dupla;Reta;Rural;1;0;2;0
5203;577941;2024-01-30;terça-feira;07:30:00;SP;116.0;222.0;GUARULHOS;Trafegar com motocicleta (ou similar) entre as faixas;Tombamento;Com Vítimas Feridas;Pleno dia;Crescente;Ensolarado;Múltipla;Reta;Urbano;0;0;1;0
5242;577987;2024-01-30;terça-feira;10:00:00;SP;116.0;281.0;ITAPECERICA DA SERRA;Ausência de reação do condutor;Colisão traseira;Com Vítimas Feridas;Pleno dia;Decrescente;Ensolarado;Dupla;Reta;Urbano;0;0;2;0
5244;577989;2024-01-30;terça-feira;10:50:00;SP;153.0;114.3;JOSE BONIFACIO;Reação tardia ou ineficiente do condutor;Colisão traseira;Com Vítimas Fatais;Pleno dia;Decrescente;Ensolarado;Simples;"Reta;Em Obras";Rural;3;0;4;0
5251;577998;2024-01-30;terça-feira;11:30:00;SP;153.0;258.0;MARILIA;Reação tardia ou ineficiente do condutor;Queda de ocupante de veículo;Com Vítimas Feridas;Pleno dia;Decrescente;Ensolarado;Simples;Curva;Urbano;0;0;1;0
5264;578014;2024-01-30;terça-feira;13:40:00;SP;116.0;226.8;GUARULHOS;Reação tardia ou ineficiente do condutor;Queda de ocupante de veículo;Com Vítimas Feridas;Pleno dia;Crescente;Ensolarado;Múltipla;Reta;Urbano;0;0;1;0
5280;578035;2024-01-30;terça-feira;15:30:00;SP;116.0;111.0;TAUBATE;Acessar a via sem observar a presença dos outros veículos;Colisão lateral mesmo sentido;Com Vítimas Feridas;Pleno dia;Crescente;Ensolarado;Dupla;Reta;Urbano;0;0;2;0
5283;578039;2024-01-30;terça-feira;16:40:00;SP;101.0;40.0;UBATUBA;Acessar a via sem observar a presença dos outros veículos;Colisão transversal;Com Vítimas Feridas;Pleno dia;Decrescente;Ensolarado;Simples;Reta;Rural;3;0;2;0
5322;578081;2024-01-30;terça-feira;20:15:00;SP;381.0;67.5;MAIRIPORA;Velocidade Incompatível;Tombamento;Com Vítimas Feridas;Plena Noite;Decrescente;Ensolarado;Múltipla;Curva;Rural;0;0;2;0
5330;578090;2024-01-30;terça-feira;21:38:00;SP;116.0;284.1;ITAPECERICA DA SERRA;Reação tardia ou ineficiente do condutor;Colisão traseira;Sem Vítimas;Pleno dia;Crescente;Ensolarado;Dupla;"Reta;Retorno Regulamentado";Rural;2;0;2;0
5332;578092;2024-01-30;terça-feira;22:25:00;SP;101.0;46.0;UBATUBA;Transitar no Acostamento;Colisão frontal;Com Vítimas Feridas;Plena Noite;Crescente;Ensolarado;Simples;Reta;Rural;0;0;2;0
5342;578106;2024-01-30;terça-feira;23:00:00;SP;116.0;79.2;ROSEIRA;Demais falhas mecânicas ou elétricas;Saída de leito carroçável;Com Vítimas Feridas;Plena Noite;Crescente;Ensolarado;Dupla;Reta;Rural;0;0;1;0
5356;578120;2024-01-31;quarta-feira;04:40:00;SP;381.0;86.0;SAO PAULO;Entrada inopinada do pedestre;Atropelamento de Pedestre;Com Vítimas Fatais;Amanhecer;Decrescente;Ensolarado;Múltipla;Reta;Urbano;0;0;2;1
5367;578133;2024-01-31;quarta-feira;06:40:00;SP;381.0;52.0;ATIBAIA;Reação tardia ou ineficiente do condutor;Engavetamento;Com Vítimas Feridas;Pleno dia;Decrescente;Ensolarado;Dupla;"Reta;Declive";Rural;1;0;3;0
5371;578138;2024-01-31;quarta-feira;07:25:00;SP;116.0;335.0;JUQUITIBA;Reação tardia ou ineficiente do condutor;Tombamento;Com Vítimas Feridas;Pleno dia;Crescente;Ensolarado;Dupla;Curva;Rural;0;0;1;0
5381;578149;2024-01-31;quarta-feira;08:00:00;SP;116.0;214.0;GUARULHOS;Reação tardia ou ineficiente do condutor;Tombamento;Com Vítimas Feridas;Pleno dia;Crescente;Ensolarado;Dupla;Declive;Urbano;1;0;1;0
5427;578207;2024-01-15;segunda-feira;10:15:00;SP;116.0;219.0;GUARULHOS;Trafegar com motocicleta (ou similar) entre as faixas;Colisão lateral mesmo sentido;Com Vítimas Feridas;Pleno dia;Crescente;Ensolarado;Múltipla;Reta;Urbano;1;0;2;0
5428;578208;2024-01-23;terça-feira;12:00:00;SP;116.0;561.0;BARRA DO TURVO;Velocidade Incompatível;Capotamento;Com Vítimas Feridas;Pleno dia;Crescente;Chuvoso;Dupla;Curva;Rural;4;0;2;0
5439;578220;2024-01-31;quarta-feira;17:50:00;SP;116.0;219.0;GUARULHOS;Reação tardia ou ineficiente do condutor;Colisão traseira;Com Vítimas Feridas;Pleno dia;Crescente;Chuvoso;Múltipla;Reta;Urbano;1;0;2;0
5441;578222;2024-01-31;quarta-feira;17:05:00;SP;116.0;209.0;GUARULHOS;Reação tardia ou ineficiente do condutor;Colisão traseira;Com Vítimas Feridas;Pleno dia;Decrescente;Chuvoso;Múltipla;"Reta;Declive";Urbano;1;0;2;0
5442;578224;2024-01-31;quarta-feira;18:39:00;SP;116.0;225.9;GUARULHOS;Pista Escorregadia;Tombamento;Com Vítimas Feridas;Plena Noite;Decrescente;Chuvoso;Múltipla;"Reta;Em Obras";Urbano;0;0;1;0
5455;578240;2024-01-31;quarta-feira;18:20:00;SP;116.0;217.0;GUARULHOS;Ausência de reação do condutor;Tombamento;Com Vítimas Feridas;Pleno dia;Decrescente;Chuvoso;Múltipla;Reta;Urbano;0;0;1;0
5470;578256;2024-01-31;quarta-feira;21:40:00;SP;116.0;219.0;GUARULHOS;Trafegar com motocicleta (ou similar) entre as faixas;Colisão lateral mesmo sentido;Com Vítimas Feridas;Plena Noite;Decrescente;Nublado;Múltipla;"Reta;Em Obras";Urbano;0;0;3;0
5471;578257;2024-01-15;segunda-feira;12:10:00;SP;381.0;58.0;MAIRIPORA;Reação tardia ou ineficiente do condutor;Colisão lateral mesmo sentido;Com Vítimas Feridas;Pleno dia;Decrescente;Ensolarado;Dupla;Reta;Rural;0;0;2;0
5503;578291;2024-01-31;quarta-feira;22:05:00;SP;153.0;55.8;SAO JOSE DO RIO PRETO;Ausência de reação do condutor;Saída de leito carroçável;Sem Vítimas;Plena Noite;Decrescente;Chuvoso;Múltipla;Reta;Urbano;0;0;1;0
5505;578293;2024-02-01;quinta-feira;05:40:00;SP;116.0;210.0;GUARULHOS;Reação tardia ou ineficiente do condutor;Colisão lateral mesmo sentido;Com Vítimas Feridas;Pleno dia;Crescente;Nublado;Múltipla;"Reta;Aclive";Urbano;0;0;2;0
5508;578296;2024-02-01;quinta-feira;06:20:00;SP;116.0;208.2;GUARULHOS;Trafegar com motocicleta (ou similar) entre as faixas;Colisão traseira;Com Vítimas Feridas;Pleno dia;Crescente;Ensolarado;Múltipla;Reta;Rural;0;0;2;0
5536;578331;2024-02-01;quinta-feira;09:10:00;SP;153.0;347.0;OURINHOS;Objeto estático sobre o leito carroçável;Tombamento;Com Vítimas Feridas;Pleno dia;Decrescente;Ensolarado;Dupla;Reta;Rural;0;0;1;0
5561;578366;2024-02-01;quinta-feira;13:00:00;SP;116.0;279.3;EMBU DAS ARTES;Reação tardia ou ineficiente do condutor;Colisão traseira;Com Vítimas Feridas;Pleno dia;Crescente;Ensolarado;Dupla;"Reta;Viaduto";Urbano;0;0;2;0
5575;578381;2024-02-01;quinta-feira;13:00:00;SP;381.0;47.0;ATIBAIA;Avarias e/ou desgaste excessivo no pneu;Eventos atípicos;Com Vítimas Feridas;Pleno dia;Crescente;Ensolarado;Múltipla;Reta;Rural;0;0;2;0
5606;578413;2024-02-01;quinta-feira;17:25:00;SP;116.0;99.5;PINDAMONHANGABA;Velocidade Incompatível;Saída de leito carroçável;Com Vítimas Feridas;Pleno dia;Decrescente;Ensolarado;Dupla;Curva;Rural;0;0;1;0
5609;578416;2024-01-31;quarta-feira;11:30:00;SP;101.0;47.9;UBATUBA;Pedestre cruzava a pista fora da faixa;Atropelamento de Pedestre;Com Vítimas Feridas;Pleno dia;Crescente;Ensolarado;Simples;Curva;Urbano;0;0;2;0
5612;578421;2024-02-01;quinta-feira;15:56:00;SP;381.0;86.3;SAO PAULO;Manobra de mudança de faixa;Colisão lateral mesmo sentido;Com Vítimas Feridas;Pleno dia;Decrescente;Ensolarado;Múltipla;Curva;Urbano;0;0;2;0
5613;578422;2024-02-01;quinta-feira;17:50:00;SP;116.0;154.2;SAO JOSE DOS CAMPOS;Reação tardia ou ineficiente do condutor;Colisão traseira;Com Vítimas Feridas;Anoitecer;Crescente;Nublado;Dupla;Reta;Urbano;0;0;2;0
5634;578450;2024-02-01;quinta-feira;21:00:00;SP;116.0;156.0;SAO JOSE DOS CAMPOS;Ausência de reação do condutor;Saída de leito carroçável;Com Vítimas Feridas;Plena Noite;Crescente;Ensolarado;Dupla;Declive;Rural;0;0;1;0
5650;578466;2024-02-01;quinta-feira;17:30:00;SP;116.0;210.0;GUARULHOS;Frear bruscamente;Tombamento;Com Vítimas Feridas;Pleno dia;Crescente;Chuvoso;Múltipla;Reta;Urbano;0;0;2;0
5651;578467;2024-02-02;sexta-feira;00:45:00;SP;116.0;275.4;TABOAO DA SERRA;Entrada inopinada do pedestre;Tombamento;Com Vítimas Feridas;Plena Noite;Decrescente;Nublado;Dupla;Reta;Urbano;1;0;1;0
5653;578469;2024-02-02;sexta-feira;01:55:00;SP;116.0;394.0;MIRACATU;Condutor Dormindo;Saída de leito carroçável;Com Vítimas Feridas;Plena Noite;Decrescente;Nublado;Dupla;Reta;Rural;0;0;1;0
5669;578490;2024-02-02;sexta-feira;07:01:00;SP;116.0;515.7;CAJATI;Reação tardia ou ineficiente do condutor;Capotamento;Com Vítimas Feridas;Amanhecer;Decrescente;Chuvoso;Dupla;Curva;Rural;1;0;1;0
5697;578520;2024-02-02;sexta-feira;08:35:00;SP;116.0;229.0;SAO PAULO;Ausência de reação do condutor;Colisão traseira;Com Vítimas Feridas;Pleno dia;Crescente;Nublado;Múltipla;Reta;Rural;0;0;2;0
5700;578524;2024-02-02;sexta-feira;07:40:00;SP;116.0;145.0;SAO JOSE DOS CAMPOS;Trafegar com motocicleta (ou similar) entre as faixas;Queda de ocupante de veículo;Com Vítimas Feridas;Pleno dia;Crescente;Ensolarado;Dupla;Reta;Rural;1;0;1;0
5705;578530;2024-02-02;sexta-feira;10:50:00;SP;116.0;210.0;GUARULHOS;Trafegar com motocicleta (ou similar) entre as faixas;Colisão lateral mesmo sentido;Com Vítimas Feridas;Pleno dia;Crescente;Ensolarado;Múltipla;Reta;Urbano;2;0;4;0
5708;578534;2024-02-02;sexta-feira;10:50:00;SP;116.0;506.0;CAJATI;Problema com o freio;Incêndio;Com Vítimas Feridas;Pleno dia;Decrescente;Ensolarado;Simples;Curva;Rural;0;0;1;0
5721;578552;2024-02-02;sexta-feira;12:00:00;SP;381.0;60.0;MAIRIPORA;Avarias e/ou desgaste excessivo no pneu;Saída de leito carroçável;Sem Vítimas;Pleno dia;Decrescente;Chuvoso;Dupla;"Curva;Aclive";Rural;0;0;1;0
5724;578556;2024-02-02;sexta-feira;13:20:00;SP;116.0;214.0;GUARULHOS;Acessar a via sem observar a presença dos outros veículos;Colisão traseira;Com Vítimas Feridas;Pleno dia;Decrescente;Chuvoso;Dupla;Reta;Rural;0;0;2;0
5726;578558;2024-02-02;sexta-feira;12:50:00;SP;116.0;161.6;JACAREI;Condutor deixou de manter distância do veículo da frente;Engavetamento;Com Vítimas Feridas;Pleno dia;Decrescente;Chuvoso;Múltipla;Reta;Urbano;0;0;3;0
5758;578593;2024-02-02;sexta-feira;18:15:00;SP;381.0;37.0;ATIBAIA;Condutor deixou de manter distância do veículo da frente;Colisão traseira;Com Vítimas Feridas;Pleno dia;Decrescente;Ensolarado;Múltipla;Reta;Rural;1;0;2;0
5759;578594;2024-02-02;sexta-feira;18:00:00;SP;116.0;566.0;BARRA DO TURVO;Reação tardia ou ineficiente do condutor;Colisão lateral mesmo sentido;Com Vítimas Feridas;Anoitecer;Crescente;Chuvoso;Simples;Curva;Rural;0;0;3;0
5767;578603;2024-02-02;sexta-feira;17:30:00;SP;116.0;102.0;PINDAMONHANGABA;Demais falhas mecânicas ou elétricas;Tombamento;Com Vítimas Feridas;Anoitecer;Crescente;Nublado;Dupla;"Reta;Declive";Rural;1;0;1;0
5770;578606;2024-02-02;sexta-feira;19:30:00;SP;116.0;223.0;GUARULHOS;Reação tardia ou ineficiente do condutor;Colisão traseira;Com Vítimas Feridas;Plena Noite;Crescente;Não Informado;Múltipla;Reta;Urbano;0;0;2;0
5778;578616;2024-02-02;sexta-feira;19:30:00;SP;116.0;464.0;PARIQUERA-ACU;Problema com o freio;Incêndio;Sem Vítimas;Plena Noite;Decrescente;Chuvoso;Dupla;Reta;Rural;0;0;1;0
5785;578624;2024-02-02;sexta-feira;20:00:00;SP;116.0;147.0;SAO JOSE DOS CAMPOS;Manobra de mudança de faixa;Colisão lateral mesmo sentido;Com Vítimas Feridas;Plena Noite;Decrescente;Nublado;Múltipla;Reta;Urbano;0;0;1;0
5789;578630;2024-02-02;sexta-feira;20:50:00;SP;116.0;74.0;APARECIDA;Demais falhas mecânicas ou elétricas;Tombamento;Com Vítimas Feridas;Plena Noite;Crescente;Ensolarado;Dupla;Reta;Rural;0;0;1;0
5801;578645;2024-02-02;sexta-feira;09:40:00;SP;116.0;209.0;GUARULHOS;Ausência de reação do condutor;Colisão lateral mesmo sentido;Sem Vítimas;Pleno dia;Crescente;Ensolarado;Múltipla;Reta;Rural;0;0;2;0
5802;578646;2024-02-02;sexta-feira;21:10:00;SP;116.0;466.0;JACUPIRANGA;Ausência de reação do condutor;Engavetamento;Com Vítimas Feridas;Plena Noite;Decrescente;Ensolarado;Dupla;Reta;Rural;3;0;3;0
5859;578708;2024-02-03;sábado;07:00:00;SP;116.0;218.5;GUARULHOS;Ingestão de álcool pelo condutor;Colisão traseira;Sem Vítimas;Pleno dia;Decrescente;Ensolarado;Múltipla;Reta;Urbano;0;0;3;0
5864;578713;2024-02-03;sábado;07:20:00;SP;116.0;349.0;MIRACATU;Condutor deixou de manter distância do veículo da frente;Colisão lateral mesmo sentido;Com Vítimas Feridas;Pleno dia;Decrescente;Ensolarado;Dupla;Reta;Rural;6;0;2;0
5876;578727;2024-02-03;sábado;08:52:00;SP;116.0;280.0;EMBU DAS ARTES;Avarias e/ou desgaste excessivo no pneu;Colisão com objeto;Com Vítimas Feridas;Pleno dia;Decrescente;Ensolarado;Dupla;Reta;Urbano;0;0;2;0
5905;578761;2024-01-14;domingo;16:00:00;SP;116.0;106.0;TAUBATE;Trafegar com motocicleta (ou similar) entre as faixas;Colisão traseira;Com Vítimas Feridas;Pleno dia;Crescente;Ensolarado;Dupla;Reta;Urbano;0;0;2;0
5934;578793;2024-02-03;sábado;18:00:00;SP;381.0;28.0;ATIBAIA;Demais falhas mecânicas ou elétricas;Saída de leito carroçável;Com Vítimas Feridas;Pleno dia;Crescente;Ensolarado;Dupla;Reta;Urbano;1;0;1;0
5945;578804;2024-02-03;sábado;15:30:00;SP;116.0;365.0;MIRACATU;Reação tardia ou ineficiente do condutor;Colisão com objeto;Com Vítimas Feridas;Pleno dia;Decrescente;Ensolarado;Dupla;Curva;Rural;1;0;1;0
5946;578805;2024-02-03;sábado;18:20:00;SP;116.0;282.0;EMBU DAS ARTES;Velocidade Incompatível;Capotamento;Sem Vítimas;Pleno dia;Crescente;Ensolarado;Dupla;Reta;Urbano;3;0;1;0
5957;578816;2024-01-30;terça-feira;16:45:00;SP;381.0;69.0;MAIRIPORA;Reação tardia ou ineficiente do condutor;Colisão traseira;Sem Vítimas;Pleno dia;Crescente;Nublado;Dupla;Reta;Urbano;0;0;1;0
5959;578819;2024-02-03;sábado;19:24:00;SP;116.0;137.0;SAO JOSE DOS CAMPOS;Pedestre andava na pista;Atropelamento de Pedestre;Com Vítimas Fatais;Plena Noite;Decrescente;Chuvoso;Dupla;Reta;Rural;0;0;4;1
5980;578843;2024-02-03;sábado;22:50:00;SP;153.0;344.0;OURINHOS;Entrada inopinada do pedestre;Atropelamento de Pedestre;Com Vítimas Feridas;Plena Noite;Decrescente;Ensolarado;Dupla;"Curva;Declive";Rural;0;0;1;1
5988;578851;2024-02-04;domingo;01:40:00;SP;116.0;231.0;SAO PAULO;Acessar a via sem observar a presença dos outros veículos;Colisão com objeto;Com Vítimas Feridas;Plena Noite;Crescente;Ensolarado;Múltipla;Reta;Urbano;0;0;2;0
6001;578864;2024-02-04;domingo;02:12:00;SP;116.0;3.5;QUELUZ;Ausência de reação do condutor;Colisão com objeto;Com Vítimas Feridas;Plena Noite;Decrescente;Ensolarado;Dupla;Reta;Rural;0;0;1;0
6030;578894;2024-02-04;domingo;07:00:00;SP;116.0;409.0;JUQUIA;Ausência de reação do condutor;Tombamento;Com Vítimas Feridas;Pleno dia;Crescente;Ensolarado;Dupla;Reta;Rural;1;0;1;0
6031;578895;2024-02-04;domingo;07:00:00;SP;116.0;385.0;MIRACATU;Condutor deixou de manter distância do veículo da frente;Colisão traseira;Sem Vítimas;Pleno dia;Decrescente;Ensolarado;Dupla;"Curva;Aclive;Interseção de Vias";Rural;0;0;2;0
6032;578896;2024-02-04;domingo;04:00:00;SP;116.0;276.9;EMBU DAS ARTES;Reação tardia ou ineficiente do condutor;Colisão com objeto;Sem Vítimas;Plena Noite;Decrescente;Ensolarado;Dupla;Reta;Rural;0;0;1;0
6074;578939;2024-02-04;domingo;12:00:00;SP;116.0;54.3;LORENA;Reação tardia ou ineficiente do condutor;Colisão traseira;Com Vítimas Feridas;Pleno dia;Decrescente;Nublado;Dupla;Reta;Rural;3;0;3;0
6079;578944;2024-02-04;domingo;13:28:00;SP;116.0;270.0;TABOAO DA SERRA;Condutor deixou de manter distância do veículo da frente;Engavetamento;Com Vítimas Feridas;Pleno dia;Decrescente;Ensolarado;Dupla;Reta;Urbano;1;0;4;0
6089;578957;2024-02-04;domingo;13:05:00;SP;153.0;147.0;PROMISSAO;Mal súbito do condutor;Tombamento;Com Vítimas Feridas;Pleno dia;Crescente;Ensolarado;Simples;Reta;Rural;0;0;1;0
6098;578967;2024-02-04;domingo;16:40:00;SP;116.0;158.0;JACAREI;Reação tardia ou ineficiente do condutor;Colisão com objeto;Com Vítimas Feridas;Pleno dia;Crescente;Chuvoso;Múltipla;"Reta;Retorno Regulamentado";Urbano;4;0;1;0
6149;579029;2024-02-04;domingo;21:45:00;SP;116.0;212.0;GUARULHOS;Ausência de reação do condutor;Queda de ocupante de veículo;Com Vítimas Feridas;Plena Noite;Crescente;Ensolarado;Múltipla;Reta;Urbano;0;0;1;0
6167;579047;2024-02-04;domingo;22:00:00;SP;116.0;330.0;JUQUITIBA;Área urbana sem a presença de local apropriado para a travessia de pedestres;Atropelamento de Pedestre;Com Vítimas Feridas;Plena Noite;Decrescente;Ensolarado;Dupla;Reta;Rural;0;0;1;1
6186;579067;2024-02-05;segunda-feira;01:00:00;SP;116.0;202.0;ARUJA;Ausência de reação do condutor;Colisão traseira;Com Vítimas Feridas;Plena Noite;Decrescente;Nublado;Dupla;"Reta;Aclive";Urbano;0;0;2;0