;Identificador do acidente;Data;Dia da semana;Horário;Estado;BR;km;Município;Causa do acidente;Tipo do acidente;Gravidade do acidente;Fase do dia;Sentido da via;Condição do tempo;Tipo de pista;Traçado da via;uso_solo;Número de passageiros;Número de cavaleiro;Número de condutor;Número de pedestre
6254;579146;2024-02-05;segunda-feira;08:18:00;SP;116.0;532.0;BARRA DO TURVO;Demais falhas mecânicas ou elétricas;Incêndio;Sem Vítimas;Pleno dia;Crescente;Ensolarado;Dupla;Reta;Rural;0;0;1;0
6273;579166;2024-02-05;segunda-feira;08:50:00;SP;116.0;228.5;GUARULHOS;Reação tardia ou ineficiente do condutor;Queda de ocupante de veículo;Sem Vítimas;Pleno dia;Crescente;Nublado;Múltipla;Reta;Urbano;0;0;1;0
6274;579167;2024-02-05;segunda-feira;09:30:00;SP;116.0;211.0;GUARULHOS;Trafegar com motocicleta (ou similar) entre as faixas;Queda de ocupante de veículo;Com Vítimas Feridas;Pleno dia;Crescente;Ensolarado;Dupla;"Reta;Em Obras";Urbano;0;0;1;0
6281;579174;2024-02-05;segunda-feira;12:50:00;SP;116.0;477.3;JACUPIRANGA;Pedestre cruzava a pista fora da faixa;Atropelamento de Pedestre;Com Vítimas Feridas;Pleno dia;Crescente;Ensolarado;Dupla;Reta;Urbano;0;0;1;1
6283;579177;2024-02-05;segunda-feira;12:39:00;SP;381.0;42.8;ATIBAIA;Ausência de reação do condutor;Colisão traseira;Com Vítimas Feridas;Pleno dia;Decrescente;Ensolarado;Dupla;Reta;Rural;3;0;2;0
6288;579183;2024-02-05;segunda-feira;14:00:00;SP;116.0;221.0;GUARULHOS;Trafegar com motocicleta (ou similar) entre as faixas;Colisão lateral mesmo sentido;Com Vítimas Feridas;Pleno dia;Crescente;Ensolarado;Dupla;Reta;Urbano;1;0;2;0
6314;579214;2024-02-05;segunda-feira;17:50:00;SP;101.0;50.0;UBATUBA;Acessar a via sem observar a presença dos outros veículos;Colisão transversal;Com Vítimas Feridas;Pleno dia;Crescente;Ensolarado;Simples;Reta;Urbano;0;0;2;0
6321;579221;2024-02-05;segunda-feira;17:45:00;SP;101.0;52.0;UBATUBA;Desrespeitar a preferência no cruzamento;Colisão transversal;Com Vítimas Feridas;Anoitecer;Decrescente;Ensolarado;Simples;Rotatória;Urbano;2;0;2;0
6394;579298;2024-02-06;terça-feira;04:15:00;SP;116.0;74.5;APARECIDA;Ausência de reação do condutor;Queda de ocupante de veículo;Com Vítimas Feridas;Amanhecer;Decrescente;Ensolarado;Dupla;"Retorno Regulamentado;Viaduto";Urbano;0;0;1;0
6400;579304;2024-02-06;terça-feira;07:00:00;SP;116.0;224.0;GUARULHOS;Reação tardia ou ineficiente do condutor;Colisão lateral mesmo sentido;Com Vítimas Feridas;Pleno dia;Crescente;Ensolarado;Múltipla;Reta;Urbano;1;0;2;0
6405;579309;2024-02-06;terça-feira;07:30:00;SP;116.0;161.0;JACAREI;Trafegar com motocicleta (ou similar) entre as faixas;Colisão lateral mesmo sentido;Com Vítimas Feridas;Pleno dia;Decrescente;Ensolarado;Dupla;Reta;Urbano;0;0;2;0
6406;579311;2024-02-06;terça-feira;07:45:00;SP;101.0;47.6;UBATUBA;Condutor deixou de manter distância do veículo da frente;Tombamento;Com Vítimas Feridas;Pleno dia;Crescente;Ensolarado;Simples;"Interseção de Vias;Rotatória";Urbano;0;0;1;0
6409;579315;2024-02-06;terça-feira;08:00:00;SP;116.0;219.0;GUARULHOS;Ausência de reação do condutor;Colisão lateral mesmo sentido;Com Vítimas Feridas;Pleno dia;Crescente;Ensolarado;Múltipla;Reta;Urbano;0;0;2;0
6489;579418;2024-02-06;terça-feira;16:30:00;SP;116.0;53.5;LORENA;Reação tardia ou ineficiente do condutor;Queda de ocupante de veículo;Com Vítimas Feridas;Pleno dia;Crescente;Chuvoso;Dupla;Reta;Rural;0;0;1;0
6497;579427;2024-02-06;terça-feira;17:30:00;SP;116.0;215.0;GUARULHOS;Manobra de mudança de faixa;Colisão traseira;Com Vítimas Feridas;Pleno dia;Decrescente;Ensolarado;Múltipla;Reta;Urbano;0;0;2;0
6519;579454;2024-02-06;terça-feira;18:10:00;SP;116.0;106.0;TAUBATE;Ausência de reação do condutor;Colisão lateral mesmo sentido;Com Vítimas Feridas;Anoitecer;Decrescente;Ensolarado;Dupla;Reta;Rural;0;0;2;0
6522;579458;2024-02-06;terça-feira;18:00:00;SP;116.0;280.0;EMBU DAS ARTES;Reação tardia ou ineficiente do condutor;Colisão traseira;Sem Vítimas;Pleno dia;Decrescente;Ensolarado;Dupla;"Reta;Aclive";Urbano;1;0;1;0
6550;579488;2024-02-07;quarta-feira;00:25:00;SP;116.0;222.6;GUARULHOS;Ausência de reação do condutor;Colisão traseira;Com Vítimas Feridas;Plena Noite;Decrescente;Nublado;Simples;Reta;Urbano;0;0;2;0
6555;579493;2024-02-07;quarta-feira;00:50:00;SP;381.0;86.0;SAO PAULO;Reação tardia ou ineficiente do condutor;Capotamento;Com Vítimas Feridas;Plena Noite;Decrescente;Ensolarado;Múltipla;Curva;Urbano;1;0;1;0
6557;579495;2024-02-07;quarta-feira;01:20:00;SP;116.0;58.9;GUARATINGUETA;Acessar a via sem observar a presença dos outros veículos;Colisão traseira;Com Vítimas Feridas;Plena Noite;Crescente;Ensolarado;Múltipla;Reta;Urbano;1;0;2;0
6568;579507;2024-02-07;quarta-feira;06:30:00;SP;116.0;105.0;TAUBATE;Reação tardia ou ineficiente do condutor;Queda de ocupante de veículo;Com Vítimas Feridas;Amanhecer;Crescente;Ensolarado;Dupla;Reta;Rural;0;0;1;0
6570;579509;2024-02-07;quarta-feira;06:40:00;SP;153.0;61.9;SAO JOSE DO RIO PRETO;Trafegar com motocicleta (ou similar) entre as faixas;Colisão traseira;Com Vítimas Feridas;Pleno dia;Crescente;Ensolarado;Dupla;Reta;Urbano;0;0;2;0
6584;579523;2024-02-07;quarta-feira;08:00:00;SP;381.0;33.3;ATIBAIA;Reação tardia ou ineficiente do condutor;Colisão com objeto;Com Vítimas Feridas;Pleno dia;Crescente;Ensolarado;Dupla;Curva;Rural;0;0;1;0
6594;579533;2024-02-07;quarta-feira;09:00:00;SP;116.0;220.0;GUARULHOS;Trafegar com motocicleta (ou similar) entre as faixas;Colisão lateral sentido oposto;Com Vítimas Feridas;Pleno dia;Crescente;Ensolarado;Múltipla;Reta;Urbano;0;0;2;0
6604;579546;2024-02-07;quarta-feira;07:48:00;SP;116.0;499.0;CAJATI;Reação tardia ou ineficiente do condutor;Tombamento;Com Vítimas Fatais;Pleno dia;Crescente;Ensolarado;Múltipla;Curva;Rural;0;0;1;0
6613;579555;2024-02-07;quarta-feira;11:00:00;SP;116.0;279.3;EMBU DAS ARTES;Reação tardia ou ineficiente do condutor;Colisão traseira;Com Vítimas Feridas;Pleno dia;Crescente;Ensolarado;Dupla;Reta;Urbano;0;0;3;0
6617;579560;2024-02-07;quarta-feira;13:30:00;SP;381.0;10.0;VARGEM;Manobra de mudança de faixa;Colisão lateral mesmo sentido;Com Vítimas Feridas;Pleno dia;Crescente;Ensolarado;Dupla;"Reta;Declive";Rural;0;0;2;0
6625;579569;2024-02-07;quarta-feira;14:15:00;SP;116.0;222.0;GUARULHOS;Reação tardia ou ineficiente do condutor;Queda de ocupante de veículo;Com Vítimas Feridas;Pleno dia;Crescente;Ensolarado;Dupla;Reta;Urbano;0;0;1;0
6627;579571;2024-02-07;quarta-feira;13:40:00;SP;116.0;147.0;SAO JOSE DOS CAMPOS;Condutor deixou de manter distância do veículo da frente;Colisão traseira;Com Vítimas Feridas;Pleno dia;Crescente;Ensolarado;Dupla;Reta;Urbano;0;0;3;0
6646;579598;2024-02-07;quarta-feira;16:20:00;SP;116.0;227.0;SAO PAULO;Reação tardia ou ineficiente do condutor;Colisão com objeto;Com Vítimas Feridas;Pleno dia;Crescente;Ensolarado;Múltipla;Reta;Urbano;0;0;2;0
6658;579611;2024-02-07;quarta-feira;17:00:00;SP;101.0;51.0;UBATUBA;Trafegar com motocicleta (ou similar) entre as faixas;Colisão transversal;Com Vítimas Feridas;Pleno dia;Decrescente;Ensolarado;Simples;Reta;Urbano;2;0;3;0
6667;579620;2024-02-07;quarta-feira;13:55:00;SP;488.0;0.1;APARECIDA;Afundamento ou ondulação no pavimento;Eventos atípicos;Sem Vítimas;Pleno dia;Decrescente;Ensolarado;Simples;Rotatória;Urbano;0;0;1;0
6669;579622;2024-02-07;quarta-feira;13:00:00;SP;116.0;520.0;CAJATI;Reação tardia ou ineficiente do condutor;Saída de leito carroçável;Com Vítimas Feridas;Pleno dia;Decrescente;Ensolarado;Simples;"Reta;Declive";Rural;1;0;1;0
6697;579654;2024-02-07;quarta-feira;19:30:00;SP;153.0;114.6;JOSE BONIFACIO;Ausência de reação do condutor;Colisão lateral sentido oposto;Com Vítimas Feridas;Plena Noite;Crescente;Chuvoso;Simples;Reta;Rural;0;0;2;0
6729;579687;2024-02-07;quarta-feira;23:30:00;SP;101.0;50.4;UBATUBA;Acessar a via sem observar a presença dos outros veículos;Colisão transversal;Com Vítimas Feridas;Plena Noite;Decrescente;Ensolarado;Simples;Reta;Urbano;1;0;2;0
6760;579721;2024-02-08;quinta-feira;07:50:00;SP;116.0;210.0;GUARULHOS;Trafegar com motocicleta (ou similar) entre as faixas;Queda de ocupante de veículo;Com Vítimas Feridas;Pleno dia;Crescente;Ensolarado;Múltipla;Reta;Urbano;0;0;1;0
6782;579746;2024-02-08;quinta-feira;09:00:00;SP;116.0;225.0;GUARULHOS;Trafegar com motocicleta (ou similar) entre as faixas;Colisão traseira;Com Vítimas Feridas;Pleno dia;Crescente;Ensolarado;Múltipla;"Reta;Aclive";Urbano;0;0;2;0
6796;579765;2024-02-08;quinta-feira;10:35:00;SP;116.0;205.0;ARUJA;Manobra de mudança de faixa;Colisão lateral mesmo sentido;Com Vítimas Feridas;Pleno dia;Crescente;Ensolarado;Múltipla;"Reta;Interseção de Vias;Em Obras";Urbano;0;0;2;0
6833;579810;2024-02-08;quinta-feira;16:00:00;SP;116.0;228.0;SAO PAULO;Ausência de reação do condutor;Colisão com objeto;Com Vítimas Feridas;Pleno dia;Decrescente;Ensolarado;Dupla;Reta;Urbano;0;0;1;0
6851;579831;2024-02-08;quinta-feira;17:00:00;SP;116.0;285.0;ITAPECERICA DA SERRA;Ausência de reação do condutor;Colisão com objeto;Com Vítimas Feridas;Pleno dia;Decrescente;Ensolarado;Dupla;"Curva;Viaduto";Urbano;0;0;1;0
6858;579842;2024-02-08;quinta-feira;14:30:00;SP;116.0;340.9;MIRACATU;Ausência de reação do condutor;Saída de leito carroçável;Com Vítimas Feridas;Pleno dia;Crescente;Ensolarado;Múltipla;Curva;Rural;0;0;1;0
6861;579845;2024-02-08;quinta-feira;17:28:00;SP;116.0;133.6;CACAPAVA;Ausência de reação do condutor;Colisão traseira;Com Vítimas Feridas;Pleno dia;Decrescente;Ensolarado;Dupla;"Reta;Aclive";Urbano;1;0;2;0
6872;579857;2024-02-08;quinta-feira;18:00:00;SP;116.0;275.0;EMBU DAS ARTES;Acessar a via sem observar a presença dos outros veículos;Colisão transversal;Com Vítimas Feridas;Anoitecer;Crescente;Ensolarado;Dupla;Curva;Urbano;1;0;2;0
6873;579858;2024-02-08;quinta-feira;19:11:00;SP;116.0;150.0;SAO JOSE DOS CAMPOS;Manobra de mudança de faixa;Colisão lateral mesmo sentido;Sem Vítimas;Plena Noite;Decrescente;Ensolarado;Dupla;Ponte;Urbano;0;0;2;0
6890;579877;2024-02-08;quinta-feira;20:55:00;SP;153.0;174.0;GUAICARA;Acesso irregular;Colisão lateral mesmo sentido;Com Vítimas Feridas;Plena Noite;Crescente;Ensolarado;Simples;Interseção de Vias;Rural;0;0;2;0
6902;579889;2024-02-08;quinta-feira;22:40:00;SP;116.0;488.0;CAJATI;Velocidade Incompatível;Colisão traseira;Com Vítimas Feridas;Plena Noite;Decrescente;Ensolarado;Dupla;Reta;Rural;1;0;2;0
6940;579934;2024-02-09;sexta-feira;06:10:00;SP;381.0;87.0;GUARULHOS;Velocidade Incompatível;Capotamento;Com Vítimas Feridas;Pleno dia;Crescente;Ensolarado;Múltipla;Reta;Urbano;0;0;1;0
6971;579970;2024-02-09;sexta-feira;10:30:00;SP;116.0;229.0;SAO PAULO;Condutor deixou de manter distância do veículo da frente;Colisão traseira;Com Vítimas Feridas;Pleno dia;Crescente;Ensolarado;Múltipla;Reta;Urbano;0;0;2;0
6976;579975;2024-01-29;segunda-feira;07:10:00;SP;116.0;285.5;ITAPECERICA DA SERRA;Trafegar com motocicleta (ou similar) entre as faixas;Queda de ocupante de veículo;Com Vítimas Feridas;Pleno dia;Decrescente;Não Informado;Dupla;Reta;Rural;0;0;2;0
6989;579990;2024-02-09;sexta-feira;11:08:00;SP;116.0;311.9;SAO LOURENCO DA SERRA;Velocidade Incompatível;Saída de leito carroçável;Com Vítimas Feridas;Pleno dia;Crescente;Ensolarado;Dupla;"Reta;Em Obras";Rural;1;0;2;0
7017;580023;2024-02-09;sexta-feira;11:00:00;SP;116.0;291.0;ITAPECERICA DA SERRA;Ingestão de álcool pelo condutor;Tombamento;Sem Vítimas;Pleno dia;Crescente;Ensolarado;Dupla;Curva;Rural;0;0;1;0
7023;580031;2024-02-09;sexta-feira;13:50:00;SP;116.0;230.0;SAO PAULO;Trafegar com motocicleta (ou similar) entre as faixas;Colisão lateral mesmo sentido;Com Vítimas Feridas;Pleno dia;Crescente;Ensolarado;Múltipla;Reta;Urbano;0;0;2;0
7034;580042;2024-02-09;sexta-feira;16:50:00;SP;116.0;183.0;SANTA ISABEL;Ausência de reação do condutor;Colisão frontal;Com Vítimas Feridas;Pleno dia;Crescente;Ensolarado;Múltipla;Reta;Urbano;0;0;2;0
7035;580043;2024-02-09;sexta-feira;13:40:00;SP;116.0;116.4;TAUBATE;Condutor deixou de manter distância do veículo da frente;Colisão lateral mesmo sentido;Com Vítimas Feridas;Pleno dia;Crescente;Ensolarado;Dupla;Reta;Urbano;0;0;2;0
7039;580047;2024-02-09;sexta-feira;16:50:00;SP;116.0;448.0;REGISTRO;Acessar a via sem observar a presença dos outros veículos;Atropelamento de Pedestre;Com Vítimas Feridas;Pleno dia;Crescente;Ensolarado;Dupla;Reta;Rural;1;0;1;1
7041;580049;2024-02-09;sexta-feira;17:20:00;SP;116.0;220.0;GUARULHOS;Trafegar com motocicleta (ou similar) entre as faixas;Queda de ocupante de veículo;Com Vítimas Fatais;Pleno dia;Decrescente;Ensolarado;Múltipla;Reta;Rural;0;0;2;0
7108;580122;2024-02-09;sexta-feira;22:40:00;SP;116.0;139.4;SAO JOSE DOS CAMPOS;Manobra de mudança de faixa;Queda de ocupante de veículo;Com Vítimas Feridas;Plena Noite;Decrescente;Ensolarado;Dupla;Reta;Urbano;1;0;1;0
7138;580154;2024-02-10;sábado;02:35:00;SP;116.0;418.0;JUQUIA;Trafegar com motocicleta (ou similar) entre as faixas;Capotamento;Com Vítimas Feridas;Plena Noite;Crescente;Ensolarado;Dupla;Reta;Rural;4;0;1;0
7139;580155;2024-02-10;sábado;02:45:00;SP;153.0;64.0;SAO JOSE DO RIO PRETO;Ingestão de álcool pelo condutor;Colisão com objeto;Com Vítimas Feridas;Plena Noite;Crescente;Ensolarado;Dupla;Reta;Urbano;0;0;1;0
7141;580157;2024-02-10;sábado;02:30:00;SP;153.0;281.8;OCAUCU;Ausência de reação do condutor;Saída de leito carroçável;Sem Vítimas;Plena Noite;Decrescente;Nublado;Simples;Reta;Rural;0;0;1;0
7191;580216;2024-02-10;sábado;09:00:00;SP;101.0;45.0;UBATUBA;Acessar a via sem observar a presença dos outros veículos;Colisão transversal;Com Vítimas Feridas;Pleno dia;Crescente;Ensolarado;Simples;Interseção de Vias;Urbano;1;0;2;0
7203;580229;2024-02-10;sábado;09:50:00;SP;116.0;222.0;GUARULHOS;Mal súbito do condutor;Saída de leito carroçável;Com Vítimas Fatais;Pleno dia;Crescente;Ensolarado;Dupla;Reta;Urbano;0;0;1;0
7223;580251;2024-02-10;sábado;12:00:00;SP;116.0;115.0;TAUBATE;Reação tardia ou ineficiente do condutor;Colisão lateral mesmo sentido;Com Vítimas Feridas;Pleno dia;Decrescente;Ensolarado;Dupla;Reta;Urbano;0;0;2;0
7233;580261;2024-02-10;sábado;13:15:00;SP;116.0;276.3;EMBU DAS ARTES;Reação tardia ou ineficiente do condutor;Colisão traseira;Com Vítimas Feridas;Pleno dia;Crescente;Ensolarado;Dupla;Reta;Urbano;0;0;2;0
7235;580263;2024-02-10;sábado;11:30:00;SP;116.0;159.0;JACAREI;Reação tardia ou ineficiente do condutor;Colisão lateral mesmo sentido;Com Vítimas Feridas;Pleno dia;Decrescente;Ensolarado;Dupla;Reta;Urbano;1;0;2;0
7265;580296;2024-02-10;sábado;14:30:00;SP;381.0;34.0;ATIBAIA;Ausência de reação do condutor;Engavetamento;Com Vítimas Feridas;Pleno dia;Decrescente;Ensolarado;Dupla;"Reta;Aclive";Rural;5;0;3;0
7279;580312;2024-02-10;sábado;17:00:00;SP;116.0;338.0;JUQUITIBA;Reação tardia ou ineficiente do condutor;Saída de leito carroçável;Com Vítimas Feridas;Pleno dia;Crescente;Ensolarado;Dupla;Reta;Urbano;2;0;1;0
7280;580313;2024-02-10;sábado;16:00:00;SP;116.0;436.0;REGISTRO;Ausência de reação do condutor;Tombamento;Com Vítimas Feridas;Pleno dia;Decrescente;Ensolarado;Dupla;Reta;Rural;0;0;1;0
7292;580327;2024-02-10;sábado;17:10:00;SP;116.0;348.5;MIRACATU;Reação tardia ou ineficiente do condutor;Saída de leito carroçável;Com Vítimas Feridas;Pleno dia;Decrescente;Nublado;Dupla;Curva;Rural;0;0;1;0
7333;580373;2024-02-10;sábado;21:10:00;SP;116.0;146.0;SAO JOSE DOS CAMPOS;Demais falhas mecânicas ou elétricas;Colisão traseira;Com Vítimas Feridas;Plena Noite;Decrescente;Ensolarado;Dupla;Reta;Rural;0;0;2;0
7371;580419;2024-02-11;domingo;01:49:00;SP;153.0;219.5;MARILIA;Demais falhas mecânicas ou elétricas;Tombamento;Com Vítimas Feridas;Plena Noite;Crescente;Ensolarado;Simples;"Reta;Declive";Rural;1;0;1;0
7372;580420;2024-02-11;domingo;00:34:00;SP;153.0;208.0;GUAIMBE;Ausência de reação do condutor;Colisão com objeto;Sem Vítimas;Plena Noite;Crescente;Ensolarado;Simples;Interseção de Vias;Rural;0;0;1;0
7379;580427;2024-02-11;domingo;02:30:00;SP;153.0;110.1;JOSE BONIFACIO;Ingestão de álcool pelo condutor;Saída de leito carroçável;Com Vítimas Feridas;Plena Noite;Crescente;Ensolarado;Simples;"Reta;Aclive";Rural;0;0;1;0
7410;580464;2024-02-10;sábado;22:30:00;SP;101.0;49.8;UBATUBA;Acessar a via sem observar a presença dos outros veículos;Colisão transversal;Com Vítimas Feridas;Plena Noite;Decrescente;Nublado;Simples;Reta;Urbano;0;0;2;0
7447;580506;2024-02-11;domingo;10:40:00;SP;116.0;322.0;JUQUITIBA;Ausência de reação do condutor;Colisão com objeto;Com Vítimas Feridas;Pleno dia;Decrescente;Ensolarado;Dupla;Reta;Urbano;2;0;1;0
7454;580513;2024-02-11;domingo;12:00:00;SP;116.0;517.0;CAJATI;Reação tardia ou ineficiente do condutor;Saída de leito carroçável;Com Vítimas Feridas;Pleno dia;Decrescente;Ensolarado;Simples;"Curva;Declive";Rural;1;0;1;0
7457;580516;2024-02-11;domingo;12:25:00;SP;381.0;37.0;ATIBAIA;Ultrapassagem Indevida;Colisão com objeto;Sem Vítimas;Pleno dia;Decrescente;Ensolarado;Dupla;Reta;Urbano;0;0;2;0
7473;580535;2024-02-11;domingo;14:35:00;SP;116.0;109.3;TAUBATE;Reação tardia ou ineficiente do condutor;Colisão traseira;Com Vítimas Feridas;Pleno dia;Crescente;Ensolarado;Dupla;Reta;Urbano;0;0;2;0
7488;580552;2024-02-11;domingo;16:00:00;SP;381.0;89.0;SAO PAULO;Ingestão de álcool pelo condutor;Colisão traseira;Sem Vítimas;Pleno dia;Crescente;Ensolarado;Simples;"Curva;Declive";Urbano;0;0;2;0
7500;580564;2024-02-11;domingo;17:45:00;SP;116.0;283.0;EMBU DAS ARTES;Reação tardia ou ineficiente do condutor;Colisão com objeto;Sem Vítimas;Pleno dia;Decrescente;Ensolarado;Dupla;Reta;Urbano;0;0;1;0
7542;580610;2024-02-11;domingo;15:40:00;SP;381.0;61.8;MAIRIPORA;Ausência de reação do condutor;Tombamento;Com Vítimas Feridas;Pleno dia;Crescente;Ensolarado;Dupla;Curva;Rural;1;0;1;0
7591;580667;2024-02-12;segunda-feira;02:30:00;SP;116.0;391.3;MIRACATU;Animais na Pista;Atropelamento de Animal;Com Vítimas Feridas;Plena Noite;Decrescente;Nublado;Dupla;Curva;Rural;1;0;1;0
7606;580684;2024-02-12;segunda-feira;05:40:00;SP;116.0;274.0;TABOAO DA SERRA;Manobra de mudança de faixa;Queda de ocupante de veículo;Com Vítimas Feridas;Amanhecer;Decrescente;Ensolarado;Dupla;Reta;Urbano;1;0;1;0
7609;580688;2024-02-12;segunda-feira;06:05:00;SP;116.0;13.8;QUELUZ;Acumulo de água sobre o pavimento;Tombamento;Sem Vítimas;Amanhecer;Decrescente;Chuvoso;Dupla;Reta;Rural;0;0;1;0
7619;580702;2024-02-12;segunda-feira;01:30:00;SP;116.0;279.0;EMBU DAS ARTES;Ausência de reação do condutor;Capotamento;Sem Vítimas;Plena Noite;Decrescente;Chuvoso;Dupla;Reta;Urbano;0;0;1;0
7631;580714;2024-02-12;segunda-feira;08:00:00;SP;116.0;290.0;ITAPECERICA DA SERRA;Demais falhas na via;Queda de ocupante de veículo;Com Vítimas Feridas;Plena Noite;Crescente;Ensolarado;Dupla;Reta;Urbano;0;0;1;0
7697;580784;2024-02-12;segunda-feira;13:45:00;SP;116.0;89.0;PINDAMONHANGABA;Avarias e/ou desgaste excessivo no pneu;Tombamento;Com Vítimas Feridas;Pleno dia;Crescente;Ensolarado;Dupla;Reta;Urbano;1;0;1;0
7702;580789;2024-02-12;segunda-feira;16:00:00;SP;459.0;9.8;PIQUETE;Demais falhas mecânicas ou elétricas;Saída de leito carroçável;Com Vítimas Feridas;Pleno dia;Crescente;Ensolarado;Simples;Reta;Rural;0;0;1;0
7710;580799;2024-02-12;segunda-feira;18:05:00;SP;116.0;65.8;GUARATINGUETA;Curva acentuada;Colisão com objeto;Com Vítimas Feridas;Anoitecer;Crescente;Chuvoso;Dupla;Curva;Rural;1;0;1;0
7734;580825;2024-02-12;segunda-feira;21:00:00;SP;116.0;222.5;GUARULHOS;Reação tardia ou ineficiente do condutor;Tombamento;Com Vítimas Feridas;Plena Noite;Decrescente;Nublado;Múltipla;Reta;Urbano;0;0;1;0
7759;580853;2024-02-12;segunda-feira;23:20:00;SP;116.0;89.0;PINDAMONHANGABA;Ausência de reação do condutor;Saída de leito carroçável;Com Vítimas Feridas;Plena Noite;Decrescente;Nublado;Dupla;Reta;Rural;0;0;1;0
7795;580892;2024-02-13;terça-feira;09:10:00;SP;381.0;89.0;GUARULHOS;Objeto estático sobre o leito carroçável;Colisão com objeto;Com Vítimas Feridas;Pleno dia;Crescente;Ensolarado;Dupla;Curva;Urbano;0;0;1;0
7818;580919;2024-02-13;terça-feira;13:30:00;SP;116.0;301.9;SAO LOURENCO DA SERRA;Demais falhas mecânicas ou elétricas;Tombamento;Com Vítimas Feridas;Pleno dia;Decrescente;Ensolarado;Dupla;Reta;Rural;0;0;2;0
7819;580920;2024-02-13;terça-feira;14:10:00;SP;101.0;47.9;UBATUBA;Ingestão de álcool pelo condutor;Colisão lateral mesmo sentido;Sem Vítimas;Pleno dia;Crescente;Ensolarado;Simples;Rotatória;Urbano;0;0;2;0
7838;580940;2024-02-13;terça-feira;15:40:00;SP;381.0;32.0;ATIBAIA;Reação tardia ou ineficiente do condutor;Colisão traseira;Sem Vítimas;Pleno dia;Crescente;Ensolarado;Dupla;"Reta;Aclive";Rural;0;0;2;0
7844;580946;2024-02-13;terça-feira;14:13:00;SP;381.0;89.0;GUARULHOS;Ausência de reação do condutor;Saída de leito carroçável;Com Vítimas Feridas;Pleno dia;Crescente;Ensolarado;Dupla;Reta;Rural;0;0;1;0
7849;580951;2024-02-13;terça-feira;17:20:00;SP;116.0;210.0;GUARULHOS;Reação tardia ou ineficiente do condutor;Colisão traseira;Com Vítimas Feridas;Anoitecer;Crescente;Ensolarado;Múltipla;Reta;Urbano;1;0;2;0
7855;580958;2024-02-13;terça-feira;13:30:00;SP;381.0;73.0;SAO PAULO;Ultrapassagem Indevida;Colisão traseira;Com Vítimas Feridas;Pleno dia;Crescente;Chuvoso;Dupla;"Curva;Declive";Rural;0;0;2;0
7874;580979;2024-02-13;terça-feira;18:30:00;SP;116.0;492.5;CAJATI;Acostamento em desnível;Saída de leito carroçável;Com Vítimas Feridas;Anoitecer;Decrescente;Nublado;Dupla;Reta;Urbano;2;0;1;0
7899;581006;2024-02-13;terça-feira;21:50:00;SP;116.0;70.6;APARECIDA;Demais falhas mecânicas ou elétricas;Incêndio;Sem Vítimas;Plena Noite;Crescente;Nublado;Dupla;Reta;Urbano;0;0;1;0
7906;581013;2024-02-13;terça-feira;22:15:00;SP;101.0;49.9;UBATUBA;Modificação proibida;Colisão traseira;Com Vítimas Feridas;Plena Noite;Decrescente;Ensolarado;Simples;Reta;Urbano;1;0;2;0
7936;581045;2024-02-14;quarta-feira;06:00:00;SP;116.0;224.0;GUARULHOS;Ausência de reação do condutor;Colisão traseira;Com Vítimas Feridas;Pleno dia;Crescente;Ensolarado;Múltipla;Reta;Urbano;4;0;2;0
7970;581082;2024-02-14;quarta-feira;10:00:00;SP;116.0;516.0;CAJATI;Reação tardia ou ineficiente do condutor;Saída de leito carroçável;Com Vítimas Feridas;Pleno dia;Decrescente;Chuvoso;Simples;"Curva;Declive";Rural;3;0;1;0
7976;581089;2024-02-14;quarta-feira;10:45:00;SP;116.0;205.0;ARUJA;Condutor deixou de manter distância do veículo da frente;Colisão lateral mesmo sentido;Com Vítimas Feridas;Pleno dia;Crescente;Nublado;Dupla;"Reta;Em Obras";Urbano;0;0;2;0
7978;581091;2024-02-14;quarta-feira;10:10:00;SP;116.0;283.0;EMBU DAS ARTES;Manobra de mudança de faixa;Colisão lateral mesmo sentido;Com Vítimas Feridas;Pleno dia;Decrescente;Ensolarado;Dupla;Reta;Urbano;1;0;2;0
7987;581101;2024-02-14;quarta-feira;10:50:00;SP;381.0;33.0;ATIBAIA;Frear bruscamente;Engavetamento;Com Vítimas Feridas;Pleno dia;Crescente;Chuvoso;Dupla;Declive;Rural;1;0;3;0
7989;581103;2024-02-14;quarta-feira;12:00:00;SP;116.0;561.0;BARRA DO TURVO;Reação tardia ou ineficiente do condutor;Capotamento;Com Vítimas Feridas;Pleno dia;Crescente;Chuvoso;Dupla;"Curva;Declive";Rural;4;0;1;0
8009;581124;2024-02-14;quarta-feira;14:30:00;SP;116.0;504.0;CAJATI;Velocidade Incompatível;Saída de leito carroçável;Com Vítimas Feridas;Pleno dia;Crescente;Chuvoso;Simples;"Curva;Aclive";Rural;0;0;1;0
8016;581131;2024-02-14;quarta-feira;15:00:00;SP;116.0;340.0;MIRACATU;Reação tardia ou ineficiente do condutor;Capotamento;Com Vítimas Feridas;Pleno dia;Decrescente;Chuvoso;Dupla;"Curva;Aclive";Urbano;0;0;1;0
8042;581159;2024-02-14;quarta-feira;17:50:00;SP;116.0;159.0;SAO JOSE DOS CAMPOS;Reação tardia ou ineficiente do condutor;Engavetamento;Sem Vítimas;Pleno dia;Decrescente;Nublado;Dupla;Reta;Urbano;0;0;2;0