;Identificador do acidente;Data;Dia da semana;Horário;Estado;BR;km;Município;Causa do acidente;Tipo do acidente;Gravidade do acidente;Fase do dia;Sentido da via;Condição do tempo;Tipo de pista;Traçado da via;uso_solo;Número de passageiros;Número de cavaleiro;Número de condutor;Número de pedestre
8053;581170;2024-02-14;quarta-feira;17:50:00;SP;381.0;56.0;MAIRIPORA;Reação tardia ou ineficiente do condutor;Colisão traseira;Com Vítimas Feridas;Anoitecer;Crescente;Chuvoso;Múltipla;"Reta;Declive";Urbano;1;0;2;0
8056;581173;2024-02-14;quarta-feira;18:20:00;SP;116.0;389.0;MIRACATU;Velocidade Incompatível;Saída de leito carroçável;Com Vítimas Feridas;Anoitecer;Crescente;Chuvoso;Dupla;Reta;Urbano;0;0;1;0
8058;581175;2024-02-14;quarta-feira;17:30:00;SP;116.0;58.0;GUARATINGUETA;Ausência de reação do condutor;Tombamento;Com Vítimas Feridas;Anoitecer;Decrescente;Chuvoso;Simples;Reta;Urbano;0;0;1;0
8064;581182;2024-02-14;quarta-feira;18:30:00;SP;116.0;414.0;JUQUIA;Pista Escorregadia;Colisão com objeto;Com Vítimas Feridas;Anoitecer;Decrescente;Chuvoso;Dupla;Curva;Urbano;0;0;2;0
8074;581193;2024-02-14;quarta-feira;19:20:00;SP;101.0;42.0;UBATUBA;Pista esburacada;Colisão traseira;Com Vítimas Feridas;Plena Noite;Crescente;Chuvoso;Simples;Curva;Rural;0;0;2;0
8090;581209;2024-02-14;quarta-feira;21:00:00;SP;116.0;8.0;QUELUZ;Conversão proibida;Colisão traseira;Com Vítimas Feridas;Plena Noite;Decrescente;Nublado;Dupla;Reta;Urbano;4;0;2;0
8097;581217;2024-02-14;quarta-feira;22:00:00;SP;116.0;281.0;EMBU DAS ARTES;Ingestão de álcool pelo condutor;Queda de ocupante de veículo;Com Vítimas Feridas;Plena Noite;Decrescente;Chuvoso;Dupla;Reta;Rural;0;0;1;0
8119;581240;2024-02-15;quinta-feira;03:20:00;SP;116.0;516.0;CAJATI;Reação tardia ou ineficiente do condutor;Tombamento;Com Vítimas Feridas;Plena Noite;Decrescente;Chuvoso;Simples;"Curva;Declive;Ponte";Rural;0;0;1;0
8123;581244;2024-02-15;quinta-feira;05:30:00;SP;116.0;271.0;TABOAO DA SERRA;Mal súbito do condutor;Queda de ocupante de veículo;Com Vítimas Feridas;Amanhecer;Crescente;Nublado;Dupla;Reta;Rural;0;0;1;0
8127;581249;2024-02-15;quinta-feira;07:55:00;SP;116.0;274.0;TABOAO DA SERRA;Manobra de mudança de faixa;Colisão traseira;Com Vítimas Feridas;Pleno dia;Decrescente;Ensolarado;Dupla;Reta;Urbano;0;0;2;0
8152;581278;2024-02-15;quinta-feira;10:15:00;SP;381.0;76.5;SAO PAULO;Velocidade Incompatível;Tombamento;Sem Vítimas;Pleno dia;Crescente;Chuvoso;Dupla;"Curva;Declive";Rural;0;0;1;0
8156;581282;2024-02-15;quinta-feira;11:00:00;SP;116.0;368.5;MIRACATU;Velocidade Incompatível;Colisão com objeto;Com Vítimas Feridas;Pleno dia;Crescente;Chuvoso;Dupla;Curva;Rural;2;0;1;0
8158;581284;2024-02-15;quinta-feira;10:40:00;SP;116.0;26.0;LAVRINHAS;Chuva;Colisão com objeto;Com Vítimas Feridas;Pleno dia;Crescente;Chuvoso;Dupla;"Curva;Declive";Rural;1;0;1;0
8170;581296;2024-02-15;quinta-feira;12:00:00;SP;116.0;545.0;BARRA DO TURVO;Reação tardia ou ineficiente do condutor;Colisão lateral mesmo sentido;Com Vítimas Feridas;Pleno dia;Crescente;Chuvoso;Simples;"Curva;Declive";Rural;3;0;3;0
8196;581328;2024-01-10;quarta-feira;17:00:00;SP;116.0;108.0;TAUBATE;Ausência de reação do condutor;Colisão traseira;Com Vítimas Feridas;Pleno dia;Crescente;Chuvoso;Dupla;Reta;Urbano;0;0;2;0
8237;581374;2024-02-15;quinta-feira;18:30:00;SP;116.0;272.0;TABOAO DA SERRA;Ausência de reação do condutor;Colisão traseira;Sem Vítimas;Plena Noite;Crescente;Ensolarado;Dupla;Reta;Urbano;0;0;2;0
8256;581395;2024-02-15;quinta-feira;17:30:00;SP;116.0;140.0;SAO JOSE DOS CAMPOS;Ausência de reação do condutor;Colisão lateral mesmo sentido;Com Vítimas Feridas;Anoitecer;Crescente;Ensolarado;Dupla;Reta;Rural;0;0;2;0
8285;581428;2024-02-16;sexta-feira;07:45:00;SP;116.0;138.5;SAO JOSE DOS CAMPOS;Manobra de mudança de faixa;Colisão lateral mesmo sentido;Com Vítimas Feridas;Pleno dia;Crescente;Nublado;Dupla;Reta;Urbano;0;0;2;0
8302;581450;2024-02-16;sexta-feira;07:50:00;SP;116.0;222.9;GUARULHOS;Condutor deixou de manter distância do veículo da frente;Colisão traseira;Com Vítimas Feridas;Pleno dia;Crescente;Nublado;Múltipla;Reta;Rural;0;0;2;0
8330;581484;2024-02-16;sexta-feira;12:55:00;SP;101.0;35.0;UBATUBA;Acessar a via sem observar a presença dos outros veículos;Colisão transversal;Com Vítimas Feridas;Pleno dia;Decrescente;Ensolarado;Simples;"Reta;Interseção de Vias";Rural;5;0;2;0
8373;581538;2024-02-16;sexta-feira;18:30:00;SP;381.0;33.0;ATIBAIA;Condutor deixou de manter distância do veículo da frente;Colisão lateral mesmo sentido;Com Vítimas Feridas;Anoitecer;Decrescente;Ensolarado;Dupla;Reta;Rural;0;0;2;0
8415;581586;2024-02-16;sexta-feira;23:30:00;SP;116.0;228.0;SAO PAULO;Pedestre andava na pista;Atropelamento de Pedestre;Com Vítimas Feridas;Plena Noite;Crescente;Ensolarado;Múltipla;Reta;Rural;0;0;1;1
8417;581589;2024-02-17;sábado;00:05:00;SP;381.0;88.0;GUARULHOS;Pedestre - Ingestão de álcool/ substâncias psicoativas;Atropelamento de Pedestre;Com Vítimas Feridas;Plena Noite;Decrescente;Chuvoso;Múltipla;Reta;Urbano;0;0;1;1
8431;581605;2024-02-17;sábado;04:15:00;SP;116.0;272.0;TABOAO DA SERRA;Condutor deixou de manter distância do veículo da frente;Colisão traseira;Com Vítimas Feridas;Amanhecer;Decrescente;Ensolarado;Dupla;Reta;Rural;2;0;2;0
8434;581609;2024-02-17;sábado;06:00:00;SP;116.0;226.0;GUARULHOS;Demais falhas mecânicas ou elétricas;Incêndio;Sem Vítimas;Pleno dia;Crescente;Nublado;Múltipla;"Reta;Em Obras;Declive";Urbano;0;0;1;0
8475;581655;2024-02-17;sábado;10:35:00;SP;101.0;51.1;UBATUBA;Acessar a via sem observar a presença dos outros veículos;Colisão transversal;Com Vítimas Feridas;Pleno dia;Crescente;Ensolarado;Simples;Reta;Urbano;0;0;2;0
8484;581664;2024-02-17;sábado;11:30:00;SP;381.0;69.0;MAIRIPORA;Reação tardia ou ineficiente do condutor;Colisão com objeto;Com Vítimas Feridas;Pleno dia;Decrescente;Nublado;Dupla;"Curva;Aclive";Rural;0;0;1;0
8494;581676;2024-02-17;sábado;14:00:00;SP;153.0;113.8;JOSE BONIFACIO;Ingestão de álcool pelo condutor;Colisão traseira;Com Vítimas Feridas;Pleno dia;Crescente;Ensolarado;Simples;"Reta;Em Obras";Rural;1;0;2;0
8527;581712;2024-02-17;sábado;17:20:00;SP;116.0;294.0;ITAPECERICA DA SERRA;Acessar a via sem observar a presença dos outros veículos;Atropelamento de Pedestre;Com Vítimas Feridas;Anoitecer;Decrescente;Nublado;Dupla;Reta;Urbano;0;0;1;1
8532;581717;2024-02-17;sábado;16:10:00;SP;381.0;69.0;MAIRIPORA;Reação tardia ou ineficiente do condutor;Colisão com objeto;Com Vítimas Feridas;Pleno dia;Decrescente;Nublado;Dupla;"Curva;Aclive";Rural;1;0;1;0
8540;581725;2024-02-17;sábado;18:20:00;SP;116.0;223.0;GUARULHOS;Ausência de reação do condutor;Colisão traseira;Sem Vítimas;Plena Noite;Crescente;Nublado;Múltipla;Reta;Urbano;0;0;2;0
8549;581735;2024-01-16;terça-feira;08:20:00;SP;153.0;74.0;SAO JOSE DO RIO PRETO;Reação tardia ou ineficiente do condutor;Engavetamento;Com Vítimas Feridas;Pleno dia;Decrescente;Ensolarado;Dupla;Reta;Rural;0;0;4;0
8597;581786;2024-02-18;domingo;01:40:00;SP;116.0;224.0;SAO PAULO;Ingestão de álcool pelo condutor;Colisão com objeto;Sem Vítimas;Plena Noite;Decrescente;Nublado;Múltipla;Reta;Urbano;1;0;1;0
8598;581787;2024-02-18;domingo;01:50:00;SP;116.0;172.0;JACAREI;Ausência de reação do condutor;Saída de leito carroçável;Com Vítimas Feridas;Plena Noite;Crescente;Ensolarado;Dupla;Reta;Rural;0;0;1;0
8627;581819;2024-02-18;domingo;07:15:00;SP;116.0;517.0;CAJATI;Chuva;Saída de leito carroçável;Com Vítimas Feridas;Amanhecer;Decrescente;Chuvoso;Dupla;Curva;Rural;3;0;1;0
8648;581845;2024-02-18;domingo;09:30:00;SP;381.0;45.0;ATIBAIA;Ausência de reação do condutor;Capotamento;Com Vítimas Feridas;Pleno dia;Decrescente;Ensolarado;Simples;"Rotatória;Curva";Rural;1;0;1;0
8657;581856;2024-02-18;domingo;11:35:00;SP;381.0;60.0;MAIRIPORA;Ultrapassagem Indevida;Colisão traseira;Com Vítimas Feridas;Pleno dia;Crescente;Ensolarado;Dupla;Curva;Rural;1;0;2;0
8672;581872;2024-02-18;domingo;14:30:00;SP;381.0;77.0;SAO PAULO;Pista Escorregadia;Tombamento;Com Vítimas Feridas;Pleno dia;Crescente;Chuvoso;Múltipla;"Curva;Declive";Rural;0;0;1;0
8673;581873;2024-02-18;domingo;14:20:00;SP;381.0;25.0;BRAGANCA PAULISTA;Reação tardia ou ineficiente do condutor;Colisão traseira;Com Vítimas Feridas;Pleno dia;Crescente;Ensolarado;Dupla;Interseção de Vias;Urbano;2;0;2;0
8685;581885;2024-02-18;domingo;14:15:00;SP;;;BADY BASSITT;Ausência de reação do condutor;Incêndio;Sem Vítimas;Pleno dia;Não Informado;Nublado;Dupla;Reta;Rural;0;0;1;0
8686;581886;2024-02-18;domingo;16:00:00;SP;116.0;312.0;SAO LOURENCO DA SERRA;Trafegar com motocicleta (ou similar) entre as faixas;Colisão lateral mesmo sentido;Com Vítimas Feridas;Pleno dia;Decrescente;Nublado;Dupla;"Reta;Declive";Urbano;0;0;3;0
8695;581896;2024-02-18;domingo;17:00:00;SP;116.0;282.0;EMBU DAS ARTES;Acessar a via sem observar a presença dos outros veículos;Colisão lateral mesmo sentido;Sem Vítimas;Pleno dia;Decrescente;Ensolarado;Dupla;"Reta;Interseção de Vias";Urbano;0;0;2;0
8696;581897;2024-02-18;domingo;17:00:00;SP;116.0;225.0;GUARULHOS;Pista Escorregadia;Tombamento;Com Vítimas Feridas;Pleno dia;Decrescente;Não Informado;Múltipla;"Reta;Em Obras";Urbano;0;0;1;0
8701;581902;2024-02-18;domingo;16:30:00;SP;116.0;166.0;JACAREI;Reação tardia ou ineficiente do condutor;Colisão traseira;Com Vítimas Feridas;Pleno dia;Crescente;Chuvoso;Dupla;Reta;Rural;3;0;2;0
8761;581967;2024-02-19;segunda-feira;04:20:00;SP;381.0;2.0;VARGEM;Reação tardia ou ineficiente do condutor;Colisão com objeto;Com Vítimas Feridas;Plena Noite;Decrescente;Chuvoso;Dupla;Curva;Rural;0;0;1;0
8798;582009;2024-02-19;segunda-feira;07:10:00;SP;116.0;24.6;LAVRINHAS;Reação tardia ou ineficiente do condutor;Colisão traseira;Com Vítimas Feridas;Pleno dia;Crescente;Nublado;Dupla;"Reta;Aclive";Rural;1;0;2;0
8801;582012;2024-02-19;segunda-feira;08:45:00;SP;101.0;24.0;UBATUBA;Ausência de reação do condutor;Saída de leito carroçável;Com Vítimas Fatais;Pleno dia;Decrescente;Ensolarado;Dupla;Reta;Rural;0;0;1;0
8802;582014;2024-02-19;segunda-feira;10:10:00;SP;116.0;222.0;GUARULHOS;Reação tardia ou ineficiente do condutor;Colisão lateral mesmo sentido;Com Vítimas Feridas;Pleno dia;Decrescente;Ensolarado;Múltipla;Reta;Urbano;0;0;2;0
8815;582029;2024-02-19;segunda-feira;00:55:00;SP;116.0;567.0;BARRA DO TURVO;Reação tardia ou ineficiente do condutor;Capotamento;Sem Vítimas;Plena Noite;Crescente;Chuvoso;Simples;"Curva;Declive";Rural;1;0;1;0
8822;582038;2024-02-19;segunda-feira;13:00:00;SP;116.0;146.8;SAO JOSE DOS CAMPOS;Condutor deixou de manter distância do veículo da frente;Colisão traseira;Com Vítimas Feridas;Pleno dia;Decrescente;Ensolarado;Dupla;"Reta;Declive";Urbano;1;0;2;0
8836;582059;2024-02-12;segunda-feira;00:30:00;SP;116.0;224.0;GUARULHOS;Pista Escorregadia;Tombamento;Com Vítimas Feridas;Plena Noite;Decrescente;Não Informado;Múltipla;"Reta;Em Obras";Urbano;0;0;1;0
8840;582066;2024-02-19;segunda-feira;14:00:00;SP;116.0;102.3;PINDAMONHANGABA;Ausência de reação do condutor;Colisão com objeto;Com Vítimas Feridas;Pleno dia;Crescente;Chuvoso;Múltipla;Reta;Rural;0;0;1;0
8845;582073;2024-02-19;segunda-feira;15:40:00;SP;101.0;46.0;UBATUBA;Velocidade Incompatível;Colisão lateral mesmo sentido;Com Vítimas Feridas;Pleno dia;Decrescente;Ensolarado;Simples;Reta;Urbano;0;0;2;0
8846;582074;2024-02-19;segunda-feira;14:15:00;SP;153.0;87.8;MIRASSOL;Condutor deixou de manter distância do veículo da frente;Colisão traseira;Com Vítimas Feridas;Pleno dia;Decrescente;Chuvoso;Simples;"Aclive;Reta;Em Obras";Rural;0;0;2;0
8865;582096;2024-02-07;quarta-feira;09:30:00;SP;116.0;219.0;GUARULHOS;Reação tardia ou ineficiente do condutor;Colisão lateral mesmo sentido;Com Vítimas Feridas;Pleno dia;Crescente;Ensolarado;Múltipla;Reta;Urbano;0;0;3;0
8871;582102;2024-02-19;segunda-feira;17:20:00;SP;101.0;50.0;UBATUBA;Reação tardia ou ineficiente do condutor;Colisão lateral mesmo sentido;Com Vítimas Feridas;Pleno dia;Decrescente;Nublado;Simples;Reta;Urbano;0;0;2;0
8892;582130;2024-02-19;segunda-feira;21:30:00;SP;381.0;10.0;VARGEM;Ingestão de álcool pelo condutor;Saída de leito carroçável;Com Vítimas Feridas;Plena Noite;Decrescente;Nublado;Dupla;"Reta;Declive";Rural;1;0;1;0
8905;582143;2024-02-19;segunda-feira;23:15:00;SP;116.0;49.0;LORENA;Ausência de reação do condutor;Capotamento;Com Vítimas Feridas;Plena Noite;Crescente;Ensolarado;Dupla;Reta;Rural;0;0;1;0
8908;582147;2024-02-20;terça-feira;01:00:00;SP;116.0;107.0;TAUBATE;Reação tardia ou ineficiente do condutor;Saída de leito carroçável;Sem Vítimas;Plena Noite;Decrescente;Ensolarado;Simples;Interseção de Vias;Urbano;0;0;1;0
8919;582162;2024-02-20;terça-feira;06:00:00;SP;153.0;178.8;LINS;Ausência de reação do condutor;Colisão traseira;Sem Vítimas;Amanhecer;Decrescente;Ensolarado;Simples;Reta;Rural;1;0;2;0
8923;582166;2024-02-20;terça-feira;07:10:00;SP;153.0;60.0;SAO JOSE DO RIO PRETO;Condutor deixou de manter distância do veículo da frente;Colisão traseira;Com Vítimas Feridas;Pleno dia;Crescente;Nublado;Dupla;Reta;Urbano;0;0;4;0
8940;582185;2024-02-20;terça-feira;08:05:00;SP;101.0;50.0;UBATUBA;Reação tardia ou ineficiente do condutor;Colisão frontal;Com Vítimas Feridas;Pleno dia;Crescente;Nublado;Simples;Reta;Urbano;1;0;2;0
8948;582195;2024-02-05;segunda-feira;06:35:00;SP;116.0;219.0;GUARULHOS;Trafegar com motocicleta (ou similar) entre as faixas;Colisão lateral mesmo sentido;Com Vítimas Feridas;Pleno dia;Crescente;Ensolarado;Múltipla;Reta;Urbano;2;0;3;0
9011;582270;2024-02-20;terça-feira;16:50:00;SP;116.0;225.0;GUARULHOS;Pista Escorregadia;Queda de ocupante de veículo;Com Vítimas Feridas;Pleno dia;Decrescente;Nublado;Dupla;"Reta;Em Obras";Urbano;0;0;1;0
9013;582272;2024-02-20;terça-feira;16:15:00;SP;153.0;19.0;NOVA GRANADA;Reação tardia ou ineficiente do condutor;Colisão traseira;Com Vítimas Feridas;Pleno dia;Decrescente;Ensolarado;Simples;Reta;Rural;0;0;2;0
9037;582301;2024-02-20;terça-feira;20:20:00;SP;116.0;415.0;JUQUIA;Acessar a via sem observar a presença dos outros veículos;Colisão traseira;Com Vítimas Feridas;Plena Noite;Crescente;Nublado;Dupla;Reta;Urbano;2;0;2;0
9054;582322;2024-02-20;terça-feira;23:11:00;SP;116.0;111.9;TAUBATE;Ausência de reação do condutor;Colisão traseira;Com Vítimas Feridas;Plena Noite;Crescente;Nublado;Dupla;Reta;Urbano;0;0;2;0
9066;582336;2024-02-21;quarta-feira;06:00:00;SP;101.0;22.0;UBATUBA;Ausência de reação do condutor;Saída de leito carroçável;Sem Vítimas;Pleno dia;Decrescente;Ensolarado;Simples;Curva;Rural;0;0;1;0
9068;582338;2024-02-21;quarta-feira;06:50:00;SP;116.0;220.0;GUARULHOS;Manobra de mudança de faixa;Colisão lateral mesmo sentido;Com Vítimas Feridas;Pleno dia;Decrescente;Nublado;Múltipla;"Reta;Em Obras";Urbano;0;0;2;0
9173;582460;2024-02-21;quarta-feira;18:30:00;SP;116.0;225.0;GUARULHOS;Reação tardia ou ineficiente do condutor;Colisão traseira;Com Vítimas Feridas;Plena Noite;Decrescente;Ensolarado;Múltipla;Reta;Urbano;0;0;2;0
9175;582463;2024-02-21;quarta-feira;18:40:00;SP;116.0;159.0;JACAREI;Manobra de mudança de faixa;Colisão lateral mesmo sentido;Com Vítimas Feridas;Plena Noite;Decrescente;Chuvoso;Dupla;Reta;Urbano;1;0;2;0
9181;582469;2024-02-21;quarta-feira;19:30:00;SP;116.0;227.0;GUARULHOS;Demais falhas na via;Queda de ocupante de veículo;Com Vítimas Fatais;Plena Noite;Decrescente;Chuvoso;Múltipla;Reta;Urbano;0;0;1;0
9188;582477;2024-02-21;quarta-feira;20:00:00;SP;116.0;229.2;SAO PAULO;Reação tardia ou ineficiente do condutor;Queda de ocupante de veículo;Com Vítimas Feridas;Plena Noite;Decrescente;Chuvoso;Múltipla;Reta;Urbano;0;0;1;0
9200;582489;2024-02-21;quarta-feira;20:50:00;SP;116.0;415.0;JUQUIA;Condutor Dormindo;Tombamento;Sem Vítimas;Plena Noite;Decrescente;Chuvoso;Dupla;Reta;Rural;0;0;1;0
9202;582491;2024-02-21;quarta-feira;19:40:00;SP;116.0;127.8;CACAPAVA;Suicídio (presumido);Atropelamento de Pedestre;Com Vítimas Feridas;Plena Noite;Crescente;Chuvoso;Dupla;Curva;Urbano;0;0;2;1
9203;582492;2024-02-21;quarta-feira;20:55:00;SP;116.0;67.7;GUARATINGUETA;Chuva;Colisão traseira;Com Vítimas Feridas;Plena Noite;Decrescente;Chuvoso;Dupla;"Reta;Declive";Urbano;2;0;3;0
9206;582495;2024-02-21;quarta-feira;21:20:00;SP;116.0;213.0;GUARULHOS;Ausência de reação do condutor;Colisão com objeto;Com Vítimas Feridas;Plena Noite;Decrescente;Chuvoso;Múltipla;Reta;Urbano;0;0;1;0
9227;582518;2024-02-22;quinta-feira;05:30:00;SP;116.0;276.0;TABOAO DA SERRA;Trafegar com motocicleta (ou similar) entre as faixas;Tombamento;Com Vítimas Feridas;Pleno dia;Decrescente;Ensolarado;Dupla;Reta;Rural;1;0;1;0
9236;582528;2024-02-21;quarta-feira;13:20:00;SP;116.0;135.0;SAO JOSE DOS CAMPOS;Manobra de mudança de faixa;Colisão lateral mesmo sentido;Sem Vítimas;Pleno dia;Decrescente;Ensolarado;Dupla;Reta;Rural;0;0;2;0
9237;582529;2024-02-22;quinta-feira;06:20:00;SP;116.0;55.0;LORENA;Demais falhas mecânicas ou elétricas;Colisão com objeto;Com Vítimas Feridas;Pleno dia;Decrescente;Ensolarado;Dupla;Reta;Rural;0;0;2;0
9243;582536;2024-02-22;quinta-feira;07:40:00;SP;116.0;142.9;SAO JOSE DOS CAMPOS;Condutor deixou de manter distância do veículo da frente;Colisão traseira;Com Vítimas Feridas;Pleno dia;Decrescente;Ensolarado;Dupla;Reta;Urbano;0;0;2;0
9247;582540;2024-02-21;quarta-feira;22:00:00;SP;116.0;214.0;GUARULHOS;Demais falhas mecânicas ou elétricas;Incêndio;Com Vítimas Feridas;Plena Noite;Decrescente;Chuvoso;Múltipla;Reta;Urbano;0;0;1;0
9256;582552;2024-02-22;quinta-feira;07:35:00;SP;381.0;29.0;ATIBAIA;Animais na Pista;Atropelamento de Animal;Com Vítimas Feridas;Pleno dia;Decrescente;Ensolarado;Múltipla;Reta;Urbano;1;0;1;0
9268;582568;2024-02-22;quinta-feira;10:40:00;SP;116.0;157.0;SAO JOSE DOS CAMPOS;Carga excessiva e/ou mal acondicionada;Derramamento de carga;Com Vítimas Feridas;Pleno dia;Decrescente;Ensolarado;Dupla;Reta;Urbano;1;0;1;0
9272;582572;2024-02-22;quinta-feira;11:30:00;SP;116.0;388.0;MIRACATU;Condutor deixou de manter distância do veículo da frente;Colisão traseira;Sem Vítimas;Pleno dia;Decrescente;Ensolarado;Dupla;Reta;Rural;0;0;2;0
9277;582577;2024-02-22;quinta-feira;09:50:00;SP;116.0;542.0;BARRA DO TURVO;Frear bruscamente;Derramamento de carga;Sem Vítimas;Pleno dia;Crescente;Nublado;Dupla;Reta;Rural;0;0;2;0
9317;582623;2024-02-22;quinta-feira;16:50:00;SP;116.0;224.0;GUARULHOS;Pedestre andava na pista;Atropelamento de Pedestre;Com Vítimas Feridas;Pleno dia;Decrescente;Nublado;Dupla;Reta;Rural;0;0;1;1
9323;582630;2024-02-22;quinta-feira;17:25:00;SP;381.0;89.0;SAO PAULO;Reação tardia ou ineficiente do condutor;Colisão lateral mesmo sentido;Com Vítimas Feridas;Pleno dia;Decrescente;Ensolarado;Múltipla;Reta;Urbano;0;0;2;0
9334;582641;2024-02-22;quinta-feira;18:15:00;SP;116.0;154.0;SAO JOSE DOS CAMPOS;Manobra de mudança de faixa;Colisão lateral mesmo sentido;Com Vítimas Feridas;Anoitecer;Crescente;Nublado;Dupla;Reta;Rural;0;0;3;0
9352;582660;2024-02-22;quinta-feira;19:50:00;SP;116.0;277.0;EMBU DAS ARTES;Demais falhas mecânicas ou elétricas;Tombamento;Com Vítimas Feridas;Plena Noite;Decrescente;Ensolarado;Dupla;Declive;Rural;0;0;1;0
9353;582661;2024-02-22;quinta-feira;19:40:00;SP;116.0;142.5;SAO JOSE DOS CAMPOS;Reação tardia ou ineficiente do condutor;Colisão traseira;Com Vítimas Feridas;Plena Noite;Decrescente;Ensolarado;Dupla;Reta;Urbano;1;0;2;0
9355;582663;2024-02-22;quinta-feira;20:00:00;SP;116.0;137.0;SAO JOSE DOS CAMPOS;Reação tardia ou ineficiente do condutor;Engavetamento;Com Vítimas Fatais;Plena Noite;Crescente;Ensolarado;Dupla;Reta;Rural;2;0;3;0
9357;582665;2024-02-22;quinta-feira;19:55:00;SP;116.0;432.0;REGISTRO;Ausência de reação do condutor;Colisão traseira;Com Vítimas Feridas;Plena Noite;Crescente;Chuvoso;Dupla;Reta;Rural;3;0;4;0
9388;582700;2024-02-23;sexta-feira;03:55:00;SP;116.0;478.0;JACUPIRANGA;Suicídio (presumido);Atropelamento de Pedestre;Com Vítimas Fatais;Plena Noite;Crescente;Chuvoso;Dupla;Reta;Urbano;0;0;1;1
9392;582705;2024-02-23;sexta-feira;06:10:00;SP;153.0;58.2;SAO JOSE DO RIO PRETO;Condutor Dormindo;Colisão com objeto;Com Vítimas Feridas;Amanhecer;Decrescente;Ensolarado;Dupla;Reta;Urbano;0;0;1;0
9399;582714;2024-02-23;sexta-feira;07:15:00;SP;381.0;36.0;ATIBAIA;Reação tardia ou ineficiente do condutor;Saída de leito carroçável;Sem Vítimas;Amanhecer;Decrescente;Ensolarado;Dupla;Reta;Urbano;0;0;1;0
9424;582744;2024-02-23;sexta-feira;08:00:00;SP;116.0;162.2;JACAREI;Reação tardia ou ineficiente do condutor;Colisão lateral mesmo sentido;Com Vítimas Feridas;Pleno dia;Decrescente;Nublado;Dupla;Reta;Urbano;0;0;2;0
9429;582749;2024-02-23;sexta-feira;09:30:00;SP;116.0;201.0;ARUJA;Demais falhas mecânicas ou elétricas;Incêndio;Sem Vítimas;Pleno dia;Crescente;Ensolarado;Dupla;Reta;Urbano;0;0;1;0
9436;582758;2024-02-23;sexta-feira;11:20:00;SP;116.0;216.0;GUARULHOS;Reação tardia ou ineficiente do condutor;Colisão lateral mesmo sentido;Com Vítimas Feridas;Pleno dia;Decrescente;Ensolarado;Múltipla;Reta;Urbano;0;0;3;0
9455;582779;2024-02-23;sexta-feira;13:15:00;SP;116.0;156.0;SAO JOSE DOS CAMPOS;Demais falhas mecânicas ou elétricas;Incêndio;Sem Vítimas;Pleno dia;Crescente;Ensolarado;Múltipla;Reta;Urbano;0;0;1;0
9461;582785;2024-02-23;sexta-feira;14:00:00;SP;116.0;228.0;GUARULHOS;Acessar a via sem observar a presença dos outros veículos;Colisão lateral mesmo sentido;Com Vítimas Feridas;Pleno dia;Decrescente;Ensolarado;Múltipla;"Reta;Interseção de Vias";Urbano;0;0;2;0
9478;582806;2024-02-23;sexta-feira;15:10:00;SP;153.0;31.5;NOVA GRANADA;Conversão proibida;Colisão transversal;Com Vítimas Fatais;Pleno dia;Crescente;Nublado;Simples;"Reta;Declive";Urbano;2;0;2;0
9492;582822;2024-02-23;sexta-feira;16:45:00;SP;116.0;229.0;SAO PAULO;Reação tardia ou ineficiente do condutor;Capotamento;Com Vítimas Feridas;Pleno dia;Crescente;Chuvoso;Múltipla;Reta;Urbano;1;0;3;0
9498;582829;2024-02-23;sexta-feira;16:20:00;SP;153.0;122.0;UBARANA;Mal súbito do condutor;Saída de leito carroçável;Com Vítimas Feridas;Pleno dia;Crescente;Nublado;Simples;Reta;Rural;0;0;1;0
9503;582834;2024-02-23;sexta-feira;17:30:00;SP;381.0;38.0;ATIBAIA;Chuva;Colisão traseira;Com Vítimas Fatais;Anoitecer;Decrescente;Chuvoso;Dupla;"Reta;Aclive";Urbano;0;0;2;0
9512;582843;2024-02-23;sexta-feira;12:00:00;SP;381.0;49.0;ATIBAIA;Objeto estático sobre o leito carroçável;Queda de ocupante de veículo;Com Vítimas Feridas;Pleno dia;Crescente;Ensolarado;Dupla;Reta;Rural;0;0;1;0
9521;582853;2024-02-23;sexta-feira;18:09:00;SP;153.0;70.7;SAO JOSE DO RIO PRETO;Avarias e/ou desgaste excessivo no pneu;Tombamento;Com Vítimas Feridas;Anoitecer;Crescente;Ensolarado;Dupla;Reta;Urbano;1;0;1;0
9529;582862;2024-02-23;sexta-feira;19:20:00;SP;116.0;151.4;SAO JOSE DOS CAMPOS;Ausência de reação do condutor;Tombamento;Com Vítimas Fatais;Plena Noite;Decrescente;Nublado;Múltipla;Reta;Urbano;0;0;2;0
9530;582863;2024-02-23;sexta-feira;20:00:00;SP;101.0;46.2;UBATUBA;Acessar a via sem observar a presença dos outros veículos;Colisão transversal;Com Vítimas Feridas;Plena Noite;Crescente;Ensolarado;Simples;Reta;Urbano;0;0;2;0
9549;582884;2024-02-23;sexta-feira;22:00:00;SP;381.0;25.0;BRAGANCA PAULISTA;Acumulo de água sobre o pavimento;Colisão com objeto;Com Vítimas Feridas;Pleno dia;Crescente;Chuvoso;Dupla;Reta;Rural;1;0;1;0
9558;582894;2024-02-23;sexta-feira;22:00:00;SP;381.0;43.0;ATIBAIA;Condutor deixou de manter distância do veículo da frente;Colisão traseira;Sem Vítimas;Plena Noite;Decrescente;Nublado;Dupla;Reta;Rural;0;0;3;0
9578;582916;2024-02-24;sábado;03:30:00;SP;381.0;86.0;SAO PAULO;Entrada inopinada do pedestre;Atropelamento de Pedestre;Com Vítimas Fatais;Anoitecer;Decrescente;Ensolarado;Dupla;"Reta;Aclive";Urbano;0;0;1;1