;Identificador do acidente;Data;Dia da semana;Horário;Estado;BR;km;Município;Causa do acidente;Tipo do acidente;Gravidade do acidente;Fase do dia;Sentido da via;Condição do tempo;Tipo de pista;Traçado da via;uso_solo;Número de passageiros;Número de cavaleiro;Número de condutor;Número de pedestre
9582;582921;2024-02-24;sábado;04:35:00;SP;116.0;447.0;REGISTRO;Ausência de reação do condutor;Colisão transversal;Com Vítimas Feridas;Amanhecer;Decrescente;Nevoeiro/Neblina;Dupla;Reta;Urbano;0;0;2;0
9610;582950;2024-02-24;sábado;08:20:00;SP;381.0;84.0;SAO PAULO;Ausência de reação do condutor;Saída de leito carroçável;Sem Vítimas;Pleno dia;Crescente;Ensolarado;Dupla;Reta;Urbano;0;0;1;0
9630;582972;2024-02-24;sábado;10:40:00;SP;116.0;215.0;GUARULHOS;Reação tardia ou ineficiente do condutor;Colisão lateral mesmo sentido;Com Vítimas Feridas;Pleno dia;Crescente;Ensolarado;Múltipla;Reta;Urbano;2;0;2;0
9648;582994;2024-02-24;sábado;12:45:00;SP;116.0;561.0;BARRA DO TURVO;Reação tardia ou ineficiente do condutor;Tombamento;Com Vítimas Feridas;Pleno dia;Crescente;Ensolarado;Dupla;"Curva;Declive";Rural;0;0;1;0
9659;583005;2024-02-24;sábado;05:20:00;SP;116.0;300.0;SAO LOURENCO DA SERRA;Manobra de mudança de faixa;Colisão lateral mesmo sentido;Com Vítimas Feridas;Amanhecer;Decrescente;Ensolarado;Dupla;Reta;Rural;0;0;2;0
9660;583006;2024-02-24;sábado;13:50:00;SP;101.0;43.0;UBATUBA;Acumulo de areia ou detritos sobre o pavimento;Tombamento;Com Vítimas Feridas;Pleno dia;Crescente;Ensolarado;Simples;Rotatória;Urbano;0;0;1;0
9679;583027;2024-02-24;sábado;15:45:00;SP;381.0;82.8;SAO PAULO;Reação tardia ou ineficiente do condutor;Colisão traseira;Com Vítimas Feridas;Pleno dia;Crescente;Chuvoso;Dupla;Reta;Rural;1;0;2;0
9728;583078;2024-02-24;sábado;18:00:00;SP;381.0;75.0;SAO PAULO;Chuva;Saída de leito carroçável;Com Vítimas Feridas;Anoitecer;Decrescente;Chuvoso;Dupla;Curva;Rural;0;0;1;0
9732;583083;2024-02-24;sábado;19:15:00;SP;101.0;48.7;UBATUBA;Conversão proibida;Colisão transversal;Com Vítimas Feridas;Plena Noite;Decrescente;Nublado;Simples;"Reta;Interseção de Vias";Urbano;0;0;2;0
9755;583109;2024-02-24;sábado;16:15:00;SP;101.0;41.0;UBATUBA;Avarias e/ou desgaste excessivo no pneu;Tombamento;Com Vítimas Feridas;Pleno dia;Decrescente;Nublado;Simples;Curva;Rural;1;0;1;0
9769;583124;2024-02-24;sábado;23:30:00;SP;116.0;149.0;SAO JOSE DOS CAMPOS;Reação tardia ou ineficiente do condutor;Tombamento;Com Vítimas Feridas;Plena Noite;Decrescente;Ensolarado;Dupla;Reta;Rural;0;0;1;0
9777;583133;2024-02-25;domingo;00:30:00;SP;381.0;88.0;SAO PAULO;Ausência de reação do condutor;Tombamento;Sem Vítimas;Plena Noite;Crescente;Ensolarado;Dupla;Reta;Urbano;0;0;1;0
9778;583134;2024-02-25;domingo;01:15:00;SP;116.0;217.0;GUARULHOS;Ingestão de álcool pelo condutor;Tombamento;Com Vítimas Feridas;Plena Noite;Decrescente;Nublado;Múltipla;"Reta;Aclive";Rural;0;0;1;0
9788;583145;2024-02-25;domingo;02:30:00;SP;116.0;214.0;GUARULHOS;Velocidade Incompatível;Colisão traseira;Sem Vítimas;Plena Noite;Decrescente;Ensolarado;Múltipla;Aclive;Urbano;0;0;2;0
9803;583160;2024-02-25;domingo;03:40:00;SP;116.0;55.1;LORENA;Ingestão de álcool pelo condutor;Colisão traseira;Com Vítimas Feridas;Plena Noite;Decrescente;Nevoeiro/Neblina;Dupla;Reta;Rural;1;0;2;0
9807;583165;2024-02-25;domingo;05:30:00;SP;116.0;227.0;GUARULHOS;Reação tardia ou ineficiente do condutor;Colisão com objeto;Com Vítimas Feridas;Amanhecer;Crescente;Nublado;Múltipla;"Reta;Interseção de Vias;Declive";Urbano;0;0;1;0
9814;583173;2024-02-25;domingo;06:15:00;SP;116.0;81.8;ROSEIRA;Reação tardia ou ineficiente do condutor;Colisão lateral mesmo sentido;Com Vítimas Feridas;Amanhecer;Crescente;Nevoeiro/Neblina;Dupla;Reta;Rural;1;0;2;0
9819;583178;2024-02-25;domingo;07:00:00;SP;381.0;89.8;GUARULHOS;Reação tardia ou ineficiente do condutor;Colisão com objeto;Com Vítimas Feridas;Pleno dia;Decrescente;Ensolarado;Dupla;Curva;Urbano;0;0;1;0
9858;583218;2024-02-25;domingo;12:30:00;SP;116.0;113.0;TAUBATE;Avarias e/ou desgaste excessivo no pneu;Tombamento;Com Vítimas Feridas;Pleno dia;Decrescente;Ensolarado;Dupla;Reta;Rural;1;0;1;0
9860;583222;2024-02-25;domingo;13:28:00;SP;101.0;46.0;UBATUBA;Retorno proibido;Colisão lateral mesmo sentido;Com Vítimas Feridas;Pleno dia;Crescente;Ensolarado;Simples;"Reta;Retorno Regulamentado";Urbano;0;0;2;0
9861;583223;2024-02-25;domingo;13:20:00;SP;116.0;508.0;CAJATI;Reação tardia ou ineficiente do condutor;Queda de ocupante de veículo;Com Vítimas Feridas;Pleno dia;Crescente;Chuvoso;Dupla;Curva;Rural;1;0;1;0
9906;583275;2024-02-25;domingo;18:30:00;SP;381.0;67.7;MAIRIPORA;Ausência de reação do condutor;Colisão com objeto;Sem Vítimas;Anoitecer;Decrescente;Ensolarado;Dupla;"Curva;Declive";Rural;0;0;1;0
9936;583307;2024-02-25;domingo;17:50:00;SP;101.0;51.7;UBATUBA;Transitar na contramão;Colisão frontal;Com Vítimas Feridas;Anoitecer;Crescente;Ensolarado;Simples;Reta;Urbano;0;0;2;0
9945;583316;2024-02-25;domingo;21:30:00;SP;116.0;227.0;SAO PAULO;Trafegar com motocicleta (ou similar) entre as faixas;Colisão lateral mesmo sentido;Com Vítimas Feridas;Plena Noite;Decrescente;Nublado;Múltipla;Curva;Urbano;1;0;2;0
9957;583331;2024-02-25;domingo;22:30:00;SP;381.0;29.0;ATIBAIA;Pedestre andava na pista;Atropelamento de Pedestre;Com Vítimas Feridas;Plena Noite;Crescente;Ensolarado;Dupla;Reta;Urbano;0;0;1;1
9968;583342;2024-02-25;domingo;22:00:00;SP;153.0;156.0;PROMISSAO;Animais na Pista;Saída de leito carroçável;Com Vítimas Feridas;Plena Noite;Crescente;Ensolarado;Simples;Reta;Rural;1;0;1;0
9972;583346;2024-02-26;segunda-feira;00:30:00;SP;116.0;157.0;SAO JOSE DOS CAMPOS;Ausência de reação do condutor;Colisão lateral mesmo sentido;Com Vítimas Feridas;Plena Noite;Crescente;Ensolarado;Dupla;Declive;Urbano;0;0;1;0
9981;583355;2024-02-26;segunda-feira;02:00:00;SP;116.0;215.6;GUARULHOS;Entrada inopinada do pedestre;Atropelamento de Pedestre;Com Vítimas Feridas;Plena Noite;Crescente;Nublado;Múltipla;Reta;Urbano;0;0;1;1
9985;583359;2024-02-26;segunda-feira;02:30:00;SP;116.0;465.0;REGISTRO;Ausência de reação do condutor;Saída de leito carroçável;Com Vítimas Feridas;Plena Noite;Crescente;Chuvoso;Dupla;Curva;Rural;0;0;1;0
9994;583368;2024-02-26;segunda-feira;06:00:00;SP;116.0;202.0;ARUJA;Ausência de reação do condutor;Queda de ocupante de veículo;Com Vítimas Feridas;Pleno dia;Decrescente;Ensolarado;Dupla;Reta;Urbano;0;0;1;0
10005;583381;2024-02-26;segunda-feira;06:23:00;SP;116.0;146.3;SAO JOSE DOS CAMPOS;Reação tardia ou ineficiente do condutor;Tombamento;Com Vítimas Feridas;Amanhecer;Decrescente;Nublado;Dupla;Aclive;Urbano;1;0;1;0
10040;583420;2024-02-26;segunda-feira;09:35:00;SP;116.0;305.6;SAO LOURENCO DA SERRA;Manobra de mudança de faixa;Colisão lateral mesmo sentido;Sem Vítimas;Pleno dia;Decrescente;Ensolarado;Dupla;Curva;Urbano;0;0;2;0
10095;583481;2024-02-26;segunda-feira;16:15:00;SP;116.0;208.5;GUARULHOS;Ausência de reação do condutor;Queda de ocupante de veículo;Com Vítimas Feridas;Pleno dia;Decrescente;Ensolarado;Dupla;Reta;Urbano;0;0;1;0
10112;583500;2024-02-26;segunda-feira;18:10:00;SP;381.0;23.0;BRAGANCA PAULISTA;Ausência de reação do condutor;Tombamento;Com Vítimas Feridas;Pleno dia;Crescente;Ensolarado;Dupla;"Reta;Declive";Urbano;1;0;1;0
10119;583507;2024-02-26;segunda-feira;17:02:00;SP;381.0;30.0;ATIBAIA;Ausência de reação do condutor;Colisão traseira;Sem Vítimas;Pleno dia;Crescente;Nublado;Dupla;Reta;Rural;0;0;2;0
10121;583509;2024-02-26;segunda-feira;17:30:00;SP;116.0;61.0;GUARATINGUETA;Ausência de reação do condutor;Colisão traseira;Com Vítimas Feridas;Anoitecer;Decrescente;Chuvoso;Dupla;Reta;Rural;0;0;2;0
10126;583514;2024-02-26;segunda-feira;18:30:00;SP;153.0;49.5;SAO JOSE DO RIO PRETO;Acessar a via sem observar a presença dos outros veículos;Colisão transversal;Com Vítimas Feridas;Anoitecer;Crescente;Ensolarado;Simples;Reta;Rural;0;0;2;0
10129;583517;2024-02-26;segunda-feira;18:05:00;SP;116.0;488.0;CAJATI;Reação tardia ou ineficiente do condutor;Colisão com objeto;Com Vítimas Feridas;Plena Noite;Crescente;Chuvoso;Dupla;Curva;Urbano;0;0;1;0
10136;583524;2024-02-26;segunda-feira;20:10:00;SP;381.0;30.0;ATIBAIA;Entrada inopinada do pedestre;Atropelamento de Pedestre;Com Vítimas Feridas;Plena Noite;Decrescente;Ensolarado;Dupla;Reta;Urbano;0;0;1;1
10146;583535;2024-02-26;segunda-feira;20:10:00;SP;116.0;127.8;CACAPAVA;Manobra de mudança de faixa;Colisão lateral mesmo sentido;Com Vítimas Feridas;Plena Noite;Crescente;Ensolarado;Dupla;Reta;Urbano;0;0;3;0
10159;583550;2024-02-26;segunda-feira;21:00:00;SP;116.0;294.0;ITAPECERICA DA SERRA;Reação tardia ou ineficiente do condutor;Saída de leito carroçável;Sem Vítimas;Plena Noite;Crescente;Nublado;Dupla;Reta;Rural;0;0;1;0
10186;583581;2024-02-27;terça-feira;06:30:00;SP;116.0;209.0;GUARULHOS;Manobra de mudança de faixa;Colisão lateral mesmo sentido;Com Vítimas Feridas;Pleno dia;Crescente;Ensolarado;Dupla;Reta;Urbano;0;0;3;0
10212;583609;2024-02-27;terça-feira;08:20:00;SP;116.0;206.8;GUARULHOS;Acumulo de areia ou detritos sobre o pavimento;Queda de ocupante de veículo;Com Vítimas Feridas;Pleno dia;Crescente;Ensolarado;Simples;Reta;Urbano;0;0;1;0
10214;583611;2024-02-27;terça-feira;07:30:00;SP;116.0;60.6;GUARATINGUETA;Ausência de reação do condutor;Saída de leito carroçável;Com Vítimas Feridas;Pleno dia;Decrescente;Ensolarado;Dupla;Aclive;Rural;0;0;1;0
10224;583623;2024-02-07;quarta-feira;10:20:00;SP;116.0;219.0;GUARULHOS;Ausência de reação do condutor;Engavetamento;Com Vítimas Feridas;Pleno dia;Crescente;Ensolarado;Múltipla;Reta;Urbano;0;0;3;0
10239;583638;2024-02-27;terça-feira;10:15:00;SP;381.0;60.1;MAIRIPORA;Reação tardia ou ineficiente do condutor;Colisão traseira;Com Vítimas Feridas;Pleno dia;Decrescente;Ensolarado;Dupla;"Curva;Aclive";Rural;1;0;2;0
10247;583646;2024-02-27;terça-feira;11:40:00;SP;381.0;26.0;BRAGANCA PAULISTA;Ausência de reação do condutor;Colisão transversal;Com Vítimas Feridas;Pleno dia;Crescente;Ensolarado;Simples;"Declive;Retorno Regulamentado";Urbano;0;0;2;0
10249;583648;2024-02-27;terça-feira;11:30:00;SP;116.0;228.0;SAO PAULO;Reação tardia ou ineficiente do condutor;Colisão lateral mesmo sentido;Com Vítimas Feridas;Pleno dia;Decrescente;Ensolarado;Dupla;Reta;Rural;0;0;2;0
10286;583691;2024-02-27;terça-feira;14:05:00;SP;116.0;421.0;JUQUIA;Reação tardia ou ineficiente do condutor;Atropelamento de Pedestre;Com Vítimas Feridas;Pleno dia;Crescente;Ensolarado;Dupla;Reta;Urbano;0;0;1;1
10288;583694;2024-02-27;terça-feira;17:10:00;SP;153.0;63.5;SAO JOSE DO RIO PRETO;Manobra de mudança de faixa;Colisão lateral mesmo sentido;Com Vítimas Feridas;Pleno dia;Crescente;Ensolarado;Dupla;Reta;Urbano;0;0;2;0
10317;583726;2024-02-27;terça-feira;19:45:00;SP;116.0;108.0;TAUBATE;Pedestre cruzava a pista fora da faixa;Colisão com objeto;Com Vítimas Feridas;Pleno dia;Crescente;Nublado;Dupla;Reta;Urbano;0;0;1;1
10326;583736;2024-02-27;terça-feira;20:10:00;SP;116.0;282.0;EMBU DAS ARTES;Demais falhas mecânicas ou elétricas;Colisão com objeto;Com Vítimas Feridas;Plena Noite;Crescente;Ensolarado;Dupla;Reta;Rural;0;0;1;0
10329;583739;2024-02-27;terça-feira;21:50:00;SP;116.0;221.0;GUARULHOS;Trafegar com motocicleta (ou similar) entre as faixas;Colisão lateral mesmo sentido;Com Vítimas Feridas;Plena Noite;Crescente;Ensolarado;Múltipla;Reta;Rural;0;0;2;0
10330;583740;2024-02-27;terça-feira;22:00:00;SP;116.0;223.0;GUARULHOS;Reação tardia ou ineficiente do condutor;Colisão lateral mesmo sentido;Com Vítimas Feridas;Plena Noite;Crescente;Não Informado;Múltipla;Reta;Urbano;0;0;2;0
10342;583753;2024-02-27;terça-feira;22:15:00;SP;116.0;160.1;JACAREI;Ausência de reação do condutor;Colisão traseira;Com Vítimas Fatais;Plena Noite;Decrescente;Nublado;Dupla;Reta;Urbano;0;0;2;0
10352;583763;2024-02-28;quarta-feira;03:15:00;SP;116.0;520.0;CAJATI;Reação tardia ou ineficiente do condutor;Saída de leito carroçável;Com Vítimas Feridas;Plena Noite;Crescente;Nublado;Dupla;Curva;Rural;0;0;1;0
10366;583779;2024-02-27;terça-feira;09:45:00;SP;101.0;49.0;UBATUBA;Reação tardia ou ineficiente do condutor;Colisão transversal;Com Vítimas Feridas;Pleno dia;Crescente;Ensolarado;Simples;Reta;Urbano;0;0;2;0
10381;583799;2024-02-28;quarta-feira;08:00:00;SP;116.0;144.9;SAO JOSE DOS CAMPOS;Trafegar com motocicleta (ou similar) entre as faixas;Colisão traseira;Com Vítimas Feridas;Pleno dia;Crescente;Ensolarado;Dupla;Aclive;Rural;0;0;2;0
10391;583814;2024-02-28;quarta-feira;09:54:00;SP;116.0;109.0;TAUBATE;Condutor deixou de manter distância do veículo da frente;Colisão traseira;Com Vítimas Feridas;Pleno dia;Decrescente;Ensolarado;Dupla;Reta;Urbano;0;0;2;0
10398;583821;2024-02-28;quarta-feira;10:00:00;SP;381.0;27.4;ATIBAIA;Transitar no Acostamento;Colisão lateral mesmo sentido;Com Vítimas Feridas;Pleno dia;Crescente;Nublado;Dupla;Reta;Rural;0;0;2;0
10403;583826;2024-02-28;quarta-feira;10:40:00;SP;153.0;53.0;SAO JOSE DO RIO PRETO;Avarias e/ou desgaste excessivo no pneu;Tombamento;Com Vítimas Feridas;Pleno dia;Decrescente;Ensolarado;Dupla;Retorno Regulamentado;Rural;0;0;1;0
10410;583833;2024-02-28;quarta-feira;12:00:00;SP;153.0;56.0;SAO JOSE DO RIO PRETO;Ingestão de álcool pelo condutor;Colisão traseira;Com Vítimas Feridas;Pleno dia;Crescente;Ensolarado;Dupla;Reta;Urbano;0;0;2;0
10415;583838;2024-02-28;quarta-feira;12:10:00;SP;116.0;96.0;PINDAMONHANGABA;Condutor deixou de manter distância do veículo da frente;Colisão traseira;Com Vítimas Feridas;Pleno dia;Crescente;Ensolarado;Dupla;"Reta;Retorno Regulamentado";Rural;2;0;2;0
10420;583844;2024-02-28;quarta-feira;13:00:00;SP;116.0;117.0;TAUBATE;Reação tardia ou ineficiente do condutor;Engavetamento;Com Vítimas Feridas;Pleno dia;Crescente;Ensolarado;Dupla;Reta;Urbano;3;0;3;0
10445;583871;2024-02-28;quarta-feira;16:08:00;SP;116.0;154.0;SAO JOSE DOS CAMPOS;Acessar a via sem observar a presença dos outros veículos;Saída de leito carroçável;Com Vítimas Feridas;Pleno dia;Crescente;Ensolarado;Dupla;Reta;Urbano;0;0;1;0
10453;583882;2024-02-28;quarta-feira;13:00:00;SP;116.0;51.0;LORENA;Ausência de reação do condutor;Tombamento;Com Vítimas Feridas;Pleno dia;Decrescente;Ensolarado;Múltipla;Curva;Rural;0;0;1;0
10477;583907;2024-02-28;quarta-feira;19:15:00;SP;116.0;448.0;REGISTRO;Acessar a via sem observar a presença dos outros veículos;Colisão traseira;Com Vítimas Feridas;Plena Noite;Crescente;Ensolarado;Dupla;Reta;Urbano;0;0;2;0
10504;583934;2024-02-28;quarta-feira;23:50:00;SP;116.0;141.4;SAO JOSE DOS CAMPOS;Demais falhas mecânicas ou elétricas;Tombamento;Com Vítimas Feridas;Plena Noite;Decrescente;Ensolarado;Dupla;Reta;Rural;1;0;1;0
10507;583937;2024-02-28;quarta-feira;23:30:00;SP;116.0;95.2;PINDAMONHANGABA;Reação tardia ou ineficiente do condutor;Tombamento;Com Vítimas Feridas;Plena Noite;Crescente;Nublado;Dupla;Reta;Rural;0;0;1;0
10516;583946;2024-02-29;quinta-feira;02:30:00;SP;116.0;230.0;SAO PAULO;Ausência de reação do condutor;Queda de ocupante de veículo;Com Vítimas Feridas;Plena Noite;Decrescente;Nublado;Múltipla;Reta;Rural;0;0;1;0
10543;583984;2024-02-29;quinta-feira;07:30:00;SP;116.0;227.0;GUARULHOS;Reação tardia ou ineficiente do condutor;Queda de ocupante de veículo;Com Vítimas Feridas;Pleno dia;Crescente;Ensolarado;Múltipla;"Reta;Em Obras";Urbano;0;0;1;0
10555;583996;2024-02-29;quinta-feira;08:01:00;SP;116.0;545.0;BARRA DO TURVO;Reação tardia ou ineficiente do condutor;Saída de leito carroçável;Com Vítimas Feridas;Pleno dia;Crescente;Chuvoso;Dupla;Curva;Rural;0;0;1;0
10621;584075;2024-02-29;quinta-feira;16:10:00;SP;381.0;84.7;SAO PAULO;Demais falhas mecânicas ou elétricas;Tombamento;Com Vítimas Feridas;Pleno dia;Decrescente;Ensolarado;Dupla;Reta;Urbano;1;0;1;0
10630;584086;2024-02-29;quinta-feira;17:00:00;SP;381.0;57.5;MAIRIPORA;Reação tardia ou ineficiente do condutor;Colisão traseira;Com Vítimas Feridas;Pleno dia;Decrescente;Ensolarado;Dupla;Reta;Rural;1;0;2;0
10637;584099;2024-02-29;quinta-feira;19:00:00;SP;116.0;223.0;GUARULHOS;Condutor deixou de manter distância do veículo da frente;Colisão traseira;Com Vítimas Feridas;Pleno dia;Decrescente;Ensolarado;Múltipla;Curva;Urbano;1;0;2;0
10638;584100;2024-02-29;quinta-feira;18:25:00;SP;116.0;499.0;CAJATI;Reação tardia ou ineficiente do condutor;Saída de leito carroçável;Sem Vítimas;Anoitecer;Crescente;Chuvoso;Dupla;Curva;Rural;0;0;1;0
10647;584109;2024-02-29;quinta-feira;19:15:00;SP;153.0;304.7;CAMPOS NOVOS PAULISTA;Ausência de reação do condutor;Colisão traseira;Com Vítimas Feridas;Anoitecer;Crescente;Nublado;Simples;Reta;Rural;0;0;2;0
10653;584116;2024-02-29;quinta-feira;19:45:00;SP;116.0;433.0;REGISTRO;Ausência de reação do condutor;Saída de leito carroçável;Com Vítimas Feridas;Plena Noite;Decrescente;Ensolarado;Dupla;Curva;Rural;0;0;1;0
10673;584137;2024-02-29;quinta-feira;23:50:00;SP;116.0;487.0;CAJATI;Velocidade Incompatível;Colisão traseira;Com Vítimas Feridas;Plena Noite;Crescente;Nublado;Dupla;Reta;Rural;0;0;2;0
10683;584148;2024-03-01;sexta-feira;01:00:00;SP;116.0;487.5;CAJATI;Velocidade Incompatível;Colisão traseira;Com Vítimas Feridas;Plena Noite;Decrescente;Ensolarado;Dupla;Reta;Urbano;0;0;2;0
10698;584164;2024-03-01;sexta-feira;04:16:00;SP;116.0;550.0;BARRA DO TURVO;Reação tardia ou ineficiente do condutor;Tombamento;Com Vítimas Feridas;Plena Noite;Decrescente;Chuvoso;Dupla;Curva;Rural;0;0;1;0
10711;584177;2024-03-01;sexta-feira;07:59:00;SP;116.0;138.0;SAO JOSE DOS CAMPOS;Trafegar com motocicleta (ou similar) entre as faixas;Colisão lateral mesmo sentido;Com Vítimas Feridas;Pleno dia;Crescente;Ensolarado;Dupla;"Reta;Aclive";Rural;1;0;2;0
10717;584184;2024-03-01;sexta-feira;03:30:00;SP;153.0;9.4;ICEM;Reação tardia ou ineficiente do condutor;Saída de leito carroçável;Com Vítimas Feridas;Plena Noite;Crescente;Ensolarado;Simples;"Reta;Declive";Rural;0;0;1;0
10730;584203;2024-01-16;terça-feira;20:35:00;SP;116.0;500.0;CAJATI;Reação tardia ou ineficiente do condutor;Queda de ocupante de veículo;Com Vítimas Feridas;Plena Noite;Crescente;Nublado;Dupla;Curva;Rural;0;0;1;0
10736;584210;2024-03-01;sexta-feira;11:00:00;SP;116.0;230.0;SAO PAULO;Manobra de mudança de faixa;Colisão lateral mesmo sentido;Com Vítimas Feridas;Pleno dia;Crescente;Ensolarado;Múltipla;Reta;Urbano;0;0;2;0
10740;584214;2024-03-01;sexta-feira;11:45:00;SP;116.0;228.0;SAO PAULO;Acumulo de óleo sobre o pavimento;Queda de ocupante de veículo;Com Vítimas Feridas;Pleno dia;Crescente;Ensolarado;Múltipla;"Reta;Aclive";Rural;0;0;1;0
10754;584231;2024-03-01;sexta-feira;12:55:00;SP;116.0;224.0;GUARULHOS;Ausência de reação do condutor;Colisão traseira;Com Vítimas Feridas;Pleno dia;Crescente;Ensolarado;Múltipla;Reta;Rural;0;0;2;0
10760;584239;2024-02-12;segunda-feira;11:10:00;SP;116.0;131.0;CACAPAVA;Demais falhas mecânicas ou elétricas;Incêndio;Sem Vítimas;Pleno dia;Crescente;Ensolarado;Dupla;Reta;Urbano;0;0;1;0
10761;584240;2024-03-01;sexta-feira;13:20:00;SP;381.0;58.0;MAIRIPORA;Reação tardia ou ineficiente do condutor;Colisão traseira;Com Vítimas Feridas;Pleno dia;Crescente;Ensolarado;Múltipla;Reta;Urbano;0;0;2;0
10765;584245;2024-03-01;sexta-feira;14:15:00;SP;116.0;228.0;SAO PAULO;Mal súbito do condutor;Saída de leito carroçável;Com Vítimas Feridas;Pleno dia;Decrescente;Ensolarado;Múltipla;Reta;Urbano;0;0;1;0
10790;584276;2024-03-01;sexta-feira;17:40:00;SP;116.0;218.0;GUARULHOS;Ausência de reação do condutor;Colisão traseira;Com Vítimas Feridas;Anoitecer;Crescente;Ensolarado;Múltipla;Reta;Urbano;0;0;2;0
10819;584306;2024-03-01;sexta-feira;15:25:00;SP;153.0;35.8;NOVA GRANADA;Reação tardia ou ineficiente do condutor;Colisão traseira;Sem Vítimas;Pleno dia;Decrescente;Ensolarado;Múltipla;Reta;Rural;0;0;3;0
10872;584364;2024-03-01;sexta-feira;22:57:00;SP;116.0;505.0;CAJATI;Reação tardia ou ineficiente do condutor;Saída de leito carroçável;Com Vítimas Feridas;Plena Noite;Decrescente;Chuvoso;Simples;"Reta;Declive";Rural;0;0;1;0
10887;584381;2024-03-02;sábado;02:00:00;SP;116.0;483.0;CAJATI;Ingestão de álcool pelo condutor;Colisão traseira;Com Vítimas Feridas;Plena Noite;Crescente;Nevoeiro/Neblina;Dupla;Reta;Rural;2;0;1;0
10888;584382;2024-03-01;sexta-feira;18:15:00;SP;116.0;515.0;CAJATI;Velocidade Incompatível;Capotamento;Com Vítimas Feridas;Plena Noite;Decrescente;Chuvoso;Dupla;"Curva;Declive";Rural;0;0;1;0
10890;584385;2024-03-02;sábado;04:09:00;SP;116.0;561.0;BARRA DO TURVO;Reação tardia ou ineficiente do condutor;Saída de leito carroçável;Com Vítimas Feridas;Plena Noite;Crescente;Nevoeiro/Neblina;Dupla;"Curva;Declive";Rural;2;0;1;0
10897;584393;2024-03-02;sábado;05:30:00;SP;116.0;513.0;CAJATI;Reação tardia ou ineficiente do condutor;Tombamento;Com Vítimas Feridas;Amanhecer;Decrescente;Ensolarado;Simples;Curva;Rural;3;0;1;0
10900;584398;2024-03-02;sábado;07:00:00;SP;116.0;191.0;SANTA ISABEL;Animais na Pista;Colisão traseira;Com Vítimas Feridas;Pleno dia;Crescente;Ensolarado;Múltipla;Reta;Rural;0;0;2;0
10907;584406;2024-03-02;sábado;07:20:00;SP;381.0;38.0;ATIBAIA;Reação tardia ou ineficiente do condutor;Colisão com objeto;Sem Vítimas;Pleno dia;Crescente;Ensolarado;Simples;"Curva;Aclive";Urbano;0;0;1;0
10912;584411;2024-03-02;sábado;07:50:00;SP;116.0;347.0;MIRACATU;Demais falhas mecânicas ou elétricas;Tombamento;Com Vítimas Feridas;Pleno dia;Crescente;Ensolarado;Dupla;Curva;Rural;0;0;1;0
10981;584486;2024-03-02;sábado;13:50:00;SP;116.0;341.0;MIRACATU;Reação tardia ou ineficiente do condutor;Colisão com objeto;Com Vítimas Feridas;Pleno dia;Crescente;Ensolarado;Dupla;Curva;Rural;0;0;1;0
10989;584495;2024-03-02;sábado;14:30:00;SP;116.0;172.8;JACAREI;Reação tardia ou ineficiente do condutor;Colisão traseira;Com Vítimas Feridas;Pleno dia;Crescente;Ensolarado;Dupla;Curva;Rural;0;0;2;0
11011;584519;2024-03-02;sábado;17:45:00;SP;116.0;46.6;CANAS;Ultrapassagem Indevida;Colisão lateral mesmo sentido;Com Vítimas Feridas;Pleno dia;Decrescente;Ensolarado;Dupla;"Reta;Declive";Rural;2;0;3;0
11012;584520;2024-03-02;sábado;17:58:00;SP;116.0;346.0;MIRACATU;Demais falhas mecânicas ou elétricas;Engavetamento;Sem Vítimas;Anoitecer;Crescente;Nublado;Dupla;Reta;Rural;0;0;4;0
11033;584542;2024-03-02;sábado;19:00:00;SP;116.0;216.0;GUARULHOS;Ausência de reação do condutor;Eventos atípicos;Com Vítimas Fatais;Anoitecer;Crescente;Ensolarado;Múltipla;Reta;Urbano;0;0;1;0
11034;584543;2024-03-02;sábado;18:40:00;SP;101.0;46.0;UBATUBA;Acessar a via sem observar a presença dos outros veículos;Tombamento;Com Vítimas Feridas;Plena Noite;Crescente;Ensolarado;Simples;"Reta;Interseção de Vias";Urbano;0;0;2;0
11048;584561;2024-03-02;sábado;19:20:00;SP;116.0;281.9;EMBU DAS ARTES;Ingestão de álcool pelo condutor;Capotamento;Com Vítimas Feridas;Plena Noite;Crescente;Ensolarado;Dupla;"Reta;Viaduto";Rural;1;0;1;0
11055;584569;2024-03-02;sábado;19:50:00;SP;116.0;279.1;EMBU DAS ARTES;Manobra de mudança de faixa;Colisão traseira;Com Vítimas Feridas;Plena Noite;Crescente;Nublado;Dupla;"Reta;Declive";Urbano;7;0;3;0
11096;584639;2024-03-03;domingo;04:15:00;SP;153.0;61.8;SAO JOSE DO RIO PRETO;Manobra de mudança de faixa;Colisão traseira;Com Vítimas Feridas;Plena Noite;Crescente;Ensolarado;Dupla;"Reta;Declive";Urbano;1;0;2;0
11105;584648;2024-03-03;domingo;05:00:00;SP;153.0;158.9;PROMISSAO;Condutor Dormindo;Colisão frontal;Com Vítimas Feridas;Plena Noite;Crescente;Ensolarado;Simples;Reta;Rural;1;0;2;0
11111;584655;2024-03-03;domingo;07:00:00;SP;381.0;80.0;SAO PAULO;Reação tardia ou ineficiente do condutor;Colisão com objeto;Com Vítimas Fatais;Pleno dia;Decrescente;Ensolarado;Dupla;Curva;Urbano;1;0;1;0