;Identificador do acidente;Data;Dia da semana;Horário;Estado;BR;km;Município;Causa do acidente;Tipo do acidente;Gravidade do acidente;Fase do dia;Sentido da via;Condição do tempo;Tipo de pista;Traçado da via;uso_solo;Número de passageiros;Número de cavaleiro;Número de condutor;Número de pedestre
11114;584659;2024-03-03;domingo;07:30:00;SP;116.0;142.0;SAO JOSE DOS CAMPOS;Reação tardia ou ineficiente do condutor;Colisão lateral mesmo sentido;Sem Vítimas;Pleno dia;Decrescente;Ensolarado;Dupla;Reta;Rural;0;0;3;0
11141;584693;2024-03-03;domingo;11:30:00;SP;116.0;137.7;SAO JOSE DOS CAMPOS;Demais falhas mecânicas ou elétricas;Saída de leito carroçável;Com Vítimas Feridas;Pleno dia;Crescente;Ensolarado;Dupla;Reta;Urbano;4;0;1;0
11147;584699;2024-03-03;domingo;11:05:00;SP;116.0;359.0;MIRACATU;Reação tardia ou ineficiente do condutor;Tombamento;Com Vítimas Feridas;Pleno dia;Decrescente;Ensolarado;Múltipla;"Curva;Declive";Rural;0;0;1;0
11182;584736;2024-03-03;domingo;17:20:00;SP;153.0;63.0;SAO JOSE DO RIO PRETO;Reação tardia ou ineficiente do condutor;Colisão lateral mesmo sentido;Com Vítimas Feridas;Anoitecer;Decrescente;Ensolarado;Dupla;Reta;Urbano;0;0;2;0
11186;584740;2024-03-03;domingo;17:45:00;SP;116.0;105.0;TAUBATE;Reação tardia ou ineficiente do condutor;Colisão traseira;Com Vítimas Feridas;Pleno dia;Crescente;Ensolarado;Dupla;Reta;Rural;1;0;3;0
11187;584741;2024-03-03;domingo;17:45:00;SP;116.0;211.0;GUARULHOS;Ingestão de álcool pelo condutor;Colisão com objeto;Sem Vítimas;Anoitecer;Decrescente;Chuvoso;Múltipla;Reta;Urbano;2;0;1;0
11190;584744;2024-03-03;domingo;16:30:00;SP;116.0;339.0;JUQUITIBA;Reação tardia ou ineficiente do condutor;Colisão traseira;Com Vítimas Feridas;Pleno dia;Crescente;Ensolarado;Dupla;"Reta;Declive";Rural;0;0;2;0
11203;584757;2024-03-03;domingo;18:00:00;SP;116.0;447.0;REGISTRO;Avarias e/ou desgaste excessivo no pneu;Queda de ocupante de veículo;Com Vítimas Feridas;Anoitecer;Decrescente;Ensolarado;Simples;"Curva;Viaduto;Aclive";Urbano;0;0;1;0
11262;584824;2024-03-03;domingo;22:00:00;SP;116.0;448.0;REGISTRO;Fumaça;Incêndio;Sem Vítimas;Plena Noite;Decrescente;Ensolarado;Dupla;Reta;Urbano;0;0;1;0
11270;584833;2024-03-03;domingo;22:40:00;SP;116.0;209.0;GUARULHOS;Ausência de reação do condutor;Colisão transversal;Sem Vítimas;Plena Noite;Crescente;Nublado;Múltipla;Reta;Rural;0;0;2;0
11286;584849;2024-03-04;segunda-feira;05:07:00;SP;116.0;129.0;CACAPAVA;Reação tardia ou ineficiente do condutor;Colisão lateral mesmo sentido;Com Vítimas Feridas;Amanhecer;Decrescente;Ensolarado;Dupla;Reta;Urbano;0;0;2;0
11290;584853;2024-03-04;segunda-feira;05:00:00;SP;116.0;101.4;PINDAMONHANGABA;Manobra de mudança de faixa;Colisão traseira;Com Vítimas Feridas;Amanhecer;Decrescente;Ensolarado;Dupla;"Reta;Aclive";Rural;0;0;2;0
11296;584859;2024-03-04;segunda-feira;07:00:00;SP;116.0;221.0;GUARULHOS;Trafegar com motocicleta (ou similar) entre as faixas;Colisão traseira;Com Vítimas Feridas;Pleno dia;Crescente;Ensolarado;Múltipla;Reta;Urbano;0;0;2;0
11318;584892;2024-03-04;segunda-feira;06:45:00;SP;101.0;44.4;UBATUBA;Acessar a via sem observar a presença dos outros veículos;Colisão transversal;Com Vítimas Feridas;Pleno dia;Decrescente;Ensolarado;Simples;Reta;Urbano;0;0;2;0
11321;584895;2024-03-04;segunda-feira;08:12:00;SP;153.0;65.6;SAO JOSE DO RIO PRETO;Avarias e/ou desgaste excessivo no pneu;Tombamento;Com Vítimas Feridas;Pleno dia;Decrescente;Ensolarado;Dupla;Reta;Urbano;0;0;1;0
11333;584913;2024-03-04;segunda-feira;09:00:00;SP;116.0;211.0;GUARULHOS;Ausência de reação do condutor;Colisão lateral mesmo sentido;Com Vítimas Feridas;Pleno dia;Crescente;Ensolarado;Múltipla;Reta;Urbano;1;0;2;0
11347;584930;2024-03-04;segunda-feira;08:50:00;SP;381.0;28.9;BRAGANCA PAULISTA;Demais falhas na via;Queda de ocupante de veículo;Com Vítimas Feridas;Pleno dia;Decrescente;Ensolarado;Dupla;Reta;Rural;0;0;1;0
11361;584945;2024-03-04;segunda-feira;11:20:00;SP;116.0;227.0;SAO PAULO;Trafegar com motocicleta (ou similar) entre as faixas;Colisão lateral mesmo sentido;Com Vítimas Feridas;Pleno dia;Crescente;Nublado;Múltipla;Aclive;Urbano;0;0;2;0
11371;584958;2024-03-04;segunda-feira;11:00:00;SP;381.0;63.0;MAIRIPORA;Mal súbito do condutor;Saída de leito carroçável;Com Vítimas Fatais;Pleno dia;Decrescente;Ensolarado;Múltipla;Reta;Rural;0;0;1;0
11396;584991;2024-03-04;segunda-feira;16:25:00;SP;101.0;47.7;UBATUBA;Acessar a via sem observar a presença dos outros veículos;Colisão transversal;Com Vítimas Feridas;Pleno dia;Crescente;Ensolarado;Simples;"Rotatória;Curva;Interseção de Vias";Urbano;1;0;2;0
11416;585015;2024-03-04;segunda-feira;18:00:00;SP;116.0;277.0;EMBU DAS ARTES;Trafegar com motocicleta (ou similar) entre as faixas;Colisão traseira;Sem Vítimas;Anoitecer;Decrescente;Nublado;Dupla;Reta;Urbano;0;0;2;0
11426;585036;2024-03-04;segunda-feira;18:55:00;SP;153.0;80.0;BADY BASSITT;Ausência de reação do condutor;Saída de leito carroçável;Com Vítimas Feridas;Plena Noite;Crescente;Ensolarado;Dupla;Declive;Rural;0;0;1;0
11440;585051;2024-03-04;segunda-feira;18:20:00;SP;381.0;90.0;GUARULHOS;Manobra de mudança de faixa;Colisão lateral mesmo sentido;Com Vítimas Feridas;Plena Noite;Decrescente;Ensolarado;Dupla;Reta;Rural;0;0;2;0
11472;585084;2024-03-05;terça-feira;05:30:00;SP;116.0;222.0;GUARULHOS;Reação tardia ou ineficiente do condutor;Atropelamento de Pedestre;Com Vítimas Feridas;Amanhecer;Decrescente;Ensolarado;Dupla;Reta;Urbano;0;0;1;1
11485;585099;2024-03-05;terça-feira;07:00:00;SP;116.0;106.0;TAUBATE;Manobra de mudança de faixa;Capotamento;Com Vítimas Feridas;Pleno dia;Crescente;Ensolarado;Dupla;Reta;Urbano;0;0;1;0
11489;585104;2024-03-05;terça-feira;08:00:00;SP;116.0;512.0;CAJATI;Reação tardia ou ineficiente do condutor;Queda de ocupante de veículo;Com Vítimas Feridas;Pleno dia;Decrescente;Chuvoso;Simples;Curva;Rural;0;0;1;0
11522;585148;2024-03-05;terça-feira;10:40:00;SP;116.0;446.0;REGISTRO;Ausência de reação do condutor;Queda de ocupante de veículo;Com Vítimas Feridas;Pleno dia;Crescente;Ensolarado;Dupla;"Curva;Aclive";Urbano;0;0;1;0
11523;585150;2024-03-05;terça-feira;11:35:00;SP;116.0;96.9;PINDAMONHANGABA;Reação tardia ou ineficiente do condutor;Colisão traseira;Com Vítimas Fatais;Pleno dia;Decrescente;Ensolarado;Dupla;Reta;Rural;0;0;3;0
11558;585196;2024-03-05;terça-feira;16:20:00;SP;116.0;281.0;EMBU DAS ARTES;Problema na suspensão;Queda de ocupante de veículo;Com Vítimas Feridas;Pleno dia;Decrescente;Nublado;Dupla;Reta;Urbano;0;0;1;0
11559;585197;2024-02-16;sexta-feira;22:30:00;SP;116.0;231.0;SAO PAULO;Manobra de mudança de faixa;Colisão traseira;Com Vítimas Feridas;Plena Noite;Decrescente;Ensolarado;Múltipla;Reta;Urbano;0;0;2;0
11601;585247;2024-03-05;terça-feira;20:30:00;SP;;;JACAREI;Frear bruscamente;Colisão traseira;Sem Vítimas;Plena Noite;Não Informado;Chuvoso;Dupla;Reta;Urbano;3;0;2;0
11602;585248;2024-03-05;terça-feira;21:50:00;SP;116.0;280.0;EMBU DAS ARTES;Manobra de mudança de faixa;Colisão lateral mesmo sentido;Com Vítimas Feridas;Plena Noite;Crescente;Chuvoso;Dupla;"Curva;Interseção de Vias";Urbano;1;0;2;0
11603;585249;2024-03-05;terça-feira;17:50:00;SP;116.0;47.7;CANAS;Objeto estático sobre o leito carroçável;Colisão traseira;Com Vítimas Feridas;Amanhecer;Decrescente;Chuvoso;Dupla;Reta;Rural;1;0;2;0
11604;585250;2024-03-05;terça-feira;17:30:00;SP;459.0;7.0;PIQUETE;Condutor Dormindo;Saída de leito carroçável;Com Vítimas Feridas;Pleno dia;Decrescente;Chuvoso;Simples;Reta;Rural;1;0;1;0
11628;585276;2024-03-06;quarta-feira;05:45:00;SP;116.0;227.0;GUARULHOS;Ausência de reação do condutor;Queda de ocupante de veículo;Com Vítimas Feridas;Pleno dia;Crescente;Ensolarado;Múltipla;Reta;Urbano;0;0;1;0
11629;585277;2024-03-06;quarta-feira;05:50:00;SP;116.0;201.7;ARUJA;Objeto estático sobre o leito carroçável;Tombamento;Com Vítimas Feridas;Amanhecer;Decrescente;Não Informado;Dupla;Reta;Urbano;0;0;2;0
11631;585279;2024-03-06;quarta-feira;05:05:00;SP;262.0;321.0;CASTILHO;Reação tardia ou ineficiente do condutor;Tombamento;Com Vítimas Feridas;Pleno dia;Crescente;Ensolarado;Simples;Reta;Rural;1;0;1;0
11641;585292;2024-03-06;quarta-feira;07:00:00;SP;116.0;389.0;MIRACATU;Acumulo de água sobre o pavimento;Saída de leito carroçável;Com Vítimas Feridas;Pleno dia;Crescente;Chuvoso;Dupla;Reta;Rural;1;0;1;0
11656;585309;2024-03-06;quarta-feira;08:15:00;SP;116.0;283.8;ITAPECERICA DA SERRA;Animais na Pista;Tombamento;Com Vítimas Feridas;Pleno dia;Crescente;Ensolarado;Dupla;Reta;Urbano;0;0;1;0
11733;585483;2024-03-06;quarta-feira;18:00:00;SP;101.0;44.0;UBATUBA;Acessar a via sem observar a presença dos outros veículos;Atropelamento de Pedestre;Com Vítimas Feridas;Anoitecer;Crescente;Chuvoso;Simples;Reta;Urbano;0;0;1;1
11740;585490;2024-03-06;quarta-feira;18:00:00;SP;116.0;328.8;JUQUITIBA;Ausência de reação do condutor;Saída de leito carroçável;Com Vítimas Feridas;Pleno dia;Decrescente;Nublado;Dupla;Aclive;Rural;0;0;2;0
11746;585496;2024-03-06;quarta-feira;17:10:00;SP;116.0;38.0;CACHOEIRA PAULISTA;Chuva;Colisão traseira;Com Vítimas Feridas;Pleno dia;Decrescente;Chuvoso;Dupla;Curva;Urbano;0;0;2;0
11795;585560;2024-03-07;quinta-feira;03:40:00;SP;381.0;83.4;SAO PAULO;Pedestre andava na pista;Atropelamento de Pedestre;Com Vítimas Fatais;Pleno dia;Decrescente;Nublado;Dupla;Reta;Rural;0;0;1;1
11821;585588;2024-03-07;quinta-feira;08:00:00;SP;116.0;387.0;MIRACATU;Chuva;Saída de leito carroçável;Com Vítimas Feridas;Pleno dia;Crescente;Nublado;Dupla;Reta;Rural;0;0;1;0
11824;585591;2024-02-29;quinta-feira;02:04:00;SP;262.0;321.7;CASTILHO;Animais na Pista;Colisão traseira;Com Vítimas Feridas;Plena Noite;Decrescente;Ensolarado;Dupla;Curva;Rural;0;0;2;0
11845;585620;2024-02-22;quinta-feira;20:00:00;SP;116.0;141.0;SAO JOSE DOS CAMPOS;Demais falhas mecânicas ou elétricas;Tombamento;Com Vítimas Feridas;Plena Noite;Crescente;Chuvoso;Dupla;Reta;Urbano;2;0;5;0
11861;585643;2024-03-07;quinta-feira;13:27:00;SP;116.0;218.7;GUARULHOS;Ausência de reação do condutor;Capotamento;Com Vítimas Feridas;Pleno dia;Decrescente;Nublado;Múltipla;Reta;Urbano;3;0;1;0
11887;585674;2024-03-07;quinta-feira;16:43:00;SP;153.0;41.4;ONDA VERDE;Avarias e/ou desgaste excessivo no pneu;Saída de leito carroçável;Com Vítimas Feridas;Pleno dia;Decrescente;Chuvoso;Simples;"Reta;Declive";Rural;0;0;1;0
11894;585682;2024-03-07;quinta-feira;16:00:00;SP;116.0;84.3;PINDAMONHANGABA;Ausência de reação do condutor;Saída de leito carroçável;Com Vítimas Feridas;Pleno dia;Decrescente;Chuvoso;Dupla;Reta;Rural;1;0;1;0
11921;585711;2024-03-07;quinta-feira;17:20:00;SP;116.0;48.2;CANAS;Avarias e/ou desgaste excessivo no pneu;Colisão traseira;Com Vítimas Feridas;Pleno dia;Decrescente;Chuvoso;Dupla;Reta;Rural;0;0;2;0
11958;585755;2024-03-07;quinta-feira;23:30:00;SP;116.0;104.3;TAUBATE;Reação tardia ou ineficiente do condutor;Tombamento;Com Vítimas Fatais;Plena Noite;Decrescente;Chuvoso;Dupla;"Reta;Declive";Rural;1;0;3;0
11963;585760;2024-03-08;sexta-feira;00:20:00;SP;116.0;223.0;GUARULHOS;Ausência de reação do condutor;Colisão com objeto;Com Vítimas Feridas;Plena Noite;Decrescente;Ensolarado;Múltipla;"Reta;Interseção de Vias";Urbano;0;0;2;0
12001;585802;2024-03-08;sexta-feira;07:00:00;SP;116.0;149.2;SAO JOSE DOS CAMPOS;Demais falhas mecânicas ou elétricas;Colisão com objeto;Com Vítimas Feridas;Pleno dia;Crescente;Nublado;Dupla;Reta;Urbano;1;0;1;0
12030;585836;2024-03-08;sexta-feira;10:30:00;SP;116.0;308.0;SAO LOURENCO DA SERRA;Entrada inopinada do pedestre;Atropelamento de Pedestre;Com Vítimas Feridas;Pleno dia;Crescente;Ensolarado;Dupla;Curva;Urbano;0;0;1;1
12041;585850;2024-03-08;sexta-feira;11:00:00;SP;153.0;11.6;ICEM;Reação tardia ou ineficiente do condutor;Colisão traseira;Sem Vítimas;Pleno dia;Crescente;Ensolarado;Simples;"Reta;Em Obras";Rural;0;0;2;0
12056;585873;2024-03-08;sexta-feira;14:10:00;SP;116.0;71.4;APARECIDA;Desrespeitar a preferência no cruzamento;Colisão transversal;Com Vítimas Feridas;Pleno dia;Crescente;Ensolarado;Simples;Interseção de Vias;Urbano;0;0;2;0
12061;585878;2024-03-08;sexta-feira;14:30:00;SP;116.0;222.6;GUARULHOS;Chuva;Tombamento;Com Vítimas Feridas;Pleno dia;Crescente;Chuvoso;Múltipla;Reta;Urbano;0;0;1;0
12073;585891;2024-03-08;sexta-feira;14:12:00;SP;116.0;149.2;SAO JOSE DOS CAMPOS;Ausência de reação do condutor;Colisão traseira;Com Vítimas Feridas;Pleno dia;Crescente;Ensolarado;Múltipla;Reta;Urbano;2;0;2;0
12087;585911;2024-03-08;sexta-feira;16:51:00;SP;116.0;509.0;CAJATI;Reação tardia ou ineficiente do condutor;Saída de leito carroçável;Com Vítimas Feridas;Pleno dia;Crescente;Chuvoso;Múltipla;Curva;Rural;0;0;1;0
12091;585915;2024-03-08;sexta-feira;17:15:00;SP;153.0;61.0;SAO JOSE DO RIO PRETO;Manobra de mudança de faixa;Tombamento;Com Vítimas Feridas;Pleno dia;Crescente;Ensolarado;Dupla;"Reta;Declive";Urbano;1;0;2;0
12102;585926;2024-03-08;sexta-feira;17:20:00;SP;116.0;307.0;SAO LOURENCO DA SERRA;Ausência de reação do condutor;Colisão com objeto;Com Vítimas Feridas;Pleno dia;Decrescente;Chuvoso;Dupla;"Reta;Declive";Urbano;1;0;1;0
12107;585931;2024-03-08;sexta-feira;17:46:00;SP;153.0;105.7;JOSE BONIFACIO;Ausência de reação do condutor;Saída de leito carroçável;Com Vítimas Feridas;Pleno dia;Decrescente;Ensolarado;Simples;Reta;Rural;0;0;1;0
12113;585939;2024-03-08;sexta-feira;18:20:00;SP;116.0;55.6;LORENA;Avarias e/ou desgaste excessivo no pneu;Queda de ocupante de veículo;Com Vítimas Feridas;Anoitecer;Decrescente;Ensolarado;Dupla;Reta;Urbano;1;0;1;0
12123;585950;2024-03-08;sexta-feira;19:00:00;SP;153.0;51.6;SAO JOSE DO RIO PRETO;Ingestão de álcool pelo condutor;Colisão transversal;Com Vítimas Feridas;Plena Noite;Crescente;Ensolarado;Simples;Reta;Rural;0;0;2;0
12127;585954;2024-03-08;sexta-feira;19:30:00;SP;116.0;216.0;GUARULHOS;Ausência de reação do condutor;Colisão traseira;Com Vítimas Feridas;Plena Noite;Crescente;Chuvoso;Múltipla;Reta;Urbano;3;0;2;0
12142;585970;2024-03-08;sexta-feira;20:40:00;SP;381.0;35.0;ATIBAIA;Chuva;Tombamento;Sem Vítimas;Plena Noite;Decrescente;Chuvoso;Dupla;"Reta;Aclive";Rural;0;0;1;0
12146;585974;2024-03-08;sexta-feira;20:50:00;SP;116.0;76.8;ROSEIRA;Deficiência do Sistema de Iluminação/Sinalização;Colisão traseira;Com Vítimas Feridas;Plena Noite;Decrescente;Nublado;Dupla;Reta;Rural;1;0;2;0
12174;586006;2024-03-08;sexta-feira;21:30:00;SP;101.0;51.0;UBATUBA;Acessar a via sem observar a presença dos outros veículos;Colisão transversal;Com Vítimas Feridas;Plena Noite;Decrescente;Ensolarado;Simples;Reta;Urbano;1;0;2;0
12202;586035;2024-03-09;sábado;05:40:00;SP;153.0;61.0;SAO JOSE DO RIO PRETO;Avarias e/ou desgaste excessivo no pneu;Tombamento;Com Vítimas Feridas;Amanhecer;Crescente;Ensolarado;Dupla;"Reta;Declive";Urbano;1;0;2;0
12253;586099;2024-03-09;sábado;12:25:00;SP;116.0;279.0;EMBU DAS ARTES;Ausência de reação do condutor;Colisão traseira;Com Vítimas Feridas;Pleno dia;Crescente;Ensolarado;Dupla;Reta;Urbano;0;0;2;0
12291;586142;2024-03-09;sábado;16:00:00;SP;381.0;85.0;SAO PAULO;Ausência de reação do condutor;Tombamento;Com Vítimas Fatais;Pleno dia;Crescente;Nublado;Dupla;"Reta;Aclive";Urbano;0;0;2;0
12294;586145;2024-03-09;sábado;16:36:00;SP;116.0;219.0;GUARULHOS;Objeto estático sobre o leito carroçável;Eventos atípicos;Com Vítimas Feridas;Pleno dia;Decrescente;Ensolarado;Múltipla;Reta;Urbano;0;0;1;0
12297;586148;2024-03-09;sábado;16:50:00;SP;116.0;327.0;JUQUITIBA;Demais falhas mecânicas ou elétricas;Incêndio;Sem Vítimas;Pleno dia;Decrescente;Ensolarado;Dupla;Curva;Rural;0;0;1;0
12342;586198;2024-03-09;sábado;21:50:00;SP;116.0;231.0;SAO PAULO;Pedestre andava na pista;Atropelamento de Pedestre;Com Vítimas Fatais;Plena Noite;Crescente;Nublado;Múltipla;Reta;Urbano;0;0;1;1
12354;586210;2024-03-09;sábado;23:20:00;SP;116.0;145.7;SAO JOSE DOS CAMPOS;Reação tardia ou ineficiente do condutor;Colisão traseira;Com Vítimas Feridas;Plena Noite;Decrescente;Chuvoso;Dupla;"Reta;Aclive";Urbano;1;0;2;0
12358;586214;2024-03-10;domingo;00:00:00;SP;116.0;113.0;TAUBATE;Entrada inopinada do pedestre;Atropelamento de Pedestre;Com Vítimas Feridas;Plena Noite;Decrescente;Nublado;Dupla;Reta;Rural;0;0;1;1
12365;586222;2024-03-09;sábado;23:25:00;SP;116.0;109.0;TAUBATE;Demais falhas na via;Eventos atípicos;Sem Vítimas;Plena Noite;Crescente;Nublado;Dupla;Reta;Urbano;1;0;1;0
12375;586234;2024-03-10;domingo;01:30:00;SP;101.0;47.0;UBATUBA;Condutor Dormindo;Saída de leito carroçável;Sem Vítimas;Plena Noite;Crescente;Nublado;Simples;Reta;Urbano;0;0;1;0
12416;586282;2024-03-10;domingo;09:30:00;SP;116.0;220.0;GUARULHOS;Reação tardia ou ineficiente do condutor;Colisão com objeto;Com Vítimas Feridas;Pleno dia;Decrescente;Ensolarado;Múltipla;Reta;Urbano;0;0;1;0
12471;586345;2024-03-10;domingo;15:50:00;SP;101.0;31.8;UBATUBA;Ingestão de álcool pelo condutor;Engavetamento;Sem Vítimas;Pleno dia;Crescente;Ensolarado;Simples;Curva;Rural;5;0;2;0
12477;586351;2024-03-10;domingo;16:00:00;SP;381.0;72.0;MAIRIPORA;Ausência de reação do condutor;Colisão traseira;Com Vítimas Feridas;Pleno dia;Crescente;Chuvoso;Simples;Reta;Urbano;0;0;2;0
12487;586380;2024-03-10;domingo;17:50:00;SP;116.0;206.0;GUARULHOS;Reação tardia ou ineficiente do condutor;Colisão lateral mesmo sentido;Com Vítimas Feridas;Anoitecer;Crescente;Nublado;Múltipla;Reta;Urbano;0;0;2;0
12571;586481;2024-03-11;segunda-feira;03:00:00;SP;116.0;514.0;CAJATI;Reação tardia ou ineficiente do condutor;Tombamento;Com Vítimas Feridas;Pleno dia;Decrescente;Nublado;Simples;"Curva;Aclive";Rural;0;0;1;0
12580;586490;2024-03-11;segunda-feira;06:30:00;SP;116.0;198.0;ARUJA;Reação tardia ou ineficiente do condutor;Colisão lateral mesmo sentido;Com Vítimas Feridas;Pleno dia;Crescente;Ensolarado;Dupla;Reta;Rural;0;0;2;0
12587;586498;2024-03-11;segunda-feira;07:30:00;SP;116.0;117.0;TAUBATE;Reação tardia ou ineficiente do condutor;Colisão lateral mesmo sentido;Com Vítimas Feridas;Pleno dia;Decrescente;Ensolarado;Dupla;Reta;Urbano;0;0;2;0
12590;586502;2024-03-11;segunda-feira;07:55:00;SP;116.0;561.0;BARRA DO TURVO;Reação tardia ou ineficiente do condutor;Saída de leito carroçável;Com Vítimas Feridas;Pleno dia;Crescente;Chuvoso;Dupla;Curva;Rural;2;0;1;0
12608;586523;2024-03-11;segunda-feira;08:15:00;SP;116.0;158.0;JACAREI;Manobra de mudança de faixa;Colisão lateral mesmo sentido;Com Vítimas Feridas;Pleno dia;Decrescente;Ensolarado;Simples;Ponte;Rural;0;0;2;0
12640;586565;2024-03-11;segunda-feira;12:30:00;SP;381.0;44.0;ATIBAIA;Reação tardia ou ineficiente do condutor;Colisão traseira;Com Vítimas Feridas;Pleno dia;Decrescente;Ensolarado;Dupla;Reta;Urbano;0;0;2;0
12660;586589;2024-03-09;sábado;07:30:00;SP;381.0;60.0;MAIRIPORA;Pista esburacada;Colisão com objeto;Sem Vítimas;Pleno dia;Decrescente;Chuvoso;Dupla;Curva;Rural;1;0;1;0
12667;586598;2024-03-11;segunda-feira;15:20:00;SP;116.0;217.0;GUARULHOS;Avarias e/ou desgaste excessivo no pneu;Colisão com objeto;Com Vítimas Feridas;Pleno dia;Crescente;Ensolarado;Múltipla;Reta;Urbano;0;0;1;0
12739;586680;2024-03-11;segunda-feira;23:36:00;SP;116.0;161.5;JACAREI;Ausência de reação do condutor;Colisão traseira;Com Vítimas Feridas;Plena Noite;Decrescente;Ensolarado;Dupla;Reta;Rural;1;0;2;0
12745;586687;2024-03-12;terça-feira;00:05:00;SP;116.0;161.9;JACAREI;Reação tardia ou ineficiente do condutor;Colisão traseira;Com Vítimas Feridas;Plena Noite;Decrescente;Ensolarado;Dupla;Reta;Rural;0;0;3;0
12755;586697;2024-03-12;terça-feira;05:30:00;SP;116.0;108.0;TAUBATE;Reação tardia ou ineficiente do condutor;Colisão com objeto;Com Vítimas Feridas;Amanhecer;Crescente;Ensolarado;Dupla;Reta;Urbano;1;0;1;0
12759;586702;2024-03-12;terça-feira;06:35:00;SP;116.0;215.9;GUARULHOS;Manobra de mudança de faixa;Colisão lateral mesmo sentido;Com Vítimas Feridas;Pleno dia;Decrescente;Ensolarado;Múltipla;"Reta;Aclive";Urbano;1;0;2;0
12768;586711;2024-03-12;terça-feira;07:20:00;SP;116.0;397.0;MIRACATU;Ausência de reação do condutor;Saída de leito carroçável;Com Vítimas Feridas;Pleno dia;Decrescente;Ensolarado;Dupla;Reta;Rural;0;0;1;0
12776;586721;2024-03-12;terça-feira;09:30:00;SP;101.0;51.1;UBATUBA;Conversão proibida;Colisão transversal;Com Vítimas Feridas;Pleno dia;Crescente;Nublado;Simples;"Reta;Interseção de Vias";Urbano;0;0;2;0
12781;586726;2024-03-12;terça-feira;05:40:00;SP;381.0;5.6;VARGEM;Reação tardia ou ineficiente do condutor;Colisão com objeto;Com Vítimas Feridas;Amanhecer;Crescente;Ensolarado;Dupla;Reta;Urbano;0;0;1;0
12796;586745;2024-03-12;terça-feira;11:00:00;SP;381.0;87.0;GUARULHOS;Reação tardia ou ineficiente do condutor;Colisão traseira;Com Vítimas Feridas;Pleno dia;Crescente;Ensolarado;Múltipla;Reta;Urbano;0;0;2;0
12799;586748;2024-03-12;terça-feira;09:00:00;SP;116.0;219.6;GUARULHOS;Manobra de mudança de faixa;Colisão lateral mesmo sentido;Sem Vítimas;Pleno dia;Crescente;Ensolarado;Dupla;Reta;Urbano;1;0;3;0
12826;586781;2024-03-12;terça-feira;14:00:00;SP;116.0;311.0;SAO LOURENCO DA SERRA;Animais na Pista;Atropelamento de Animal;Com Vítimas Feridas;Pleno dia;Crescente;Ensolarado;Dupla;Reta;Rural;0;0;1;0
12829;586785;2024-03-12;terça-feira;15:30:00;SP;381.0;52.0;ATIBAIA;Reação tardia ou ineficiente do condutor;Colisão lateral mesmo sentido;Com Vítimas Feridas;Pleno dia;Decrescente;Ensolarado;Dupla;Reta;Rural;0;0;2;0
12832;586790;2024-03-12;terça-feira;15:50:00;SP;116.0;463.0;PARIQUERA-ACU;Avarias e/ou desgaste excessivo no pneu;Saída de leito carroçável;Com Vítimas Feridas;Pleno dia;Decrescente;Ensolarado;Dupla;Reta;Rural;0;0;1;0
12835;586794;2024-03-12;terça-feira;13:10:00;SP;116.0;339.0;JUQUITIBA;Reação tardia ou ineficiente do condutor;Tombamento;Com Vítimas Feridas;Pleno dia;Decrescente;Ensolarado;Dupla;Reta;Rural;0;0;1;0
12843;586803;2024-03-12;terça-feira;17:45:00;SP;381.0;37.0;ATIBAIA;Ausência de reação do condutor;Colisão traseira;Sem Vítimas;Pleno dia;Decrescente;Ensolarado;Dupla;Reta;Urbano;1;0;2;0
12859;586822;2024-03-12;terça-feira;18:27:00;SP;116.0;148.9;SAO JOSE DOS CAMPOS;Reação tardia ou ineficiente do condutor;Colisão lateral mesmo sentido;Com Vítimas Feridas;Plena Noite;Decrescente;Ensolarado;Dupla;Reta;Urbano;1;0;2;0
12865;586830;2024-03-12;terça-feira;18:30:00;SP;116.0;216.0;GUARULHOS;Ausência de reação do condutor;Colisão traseira;Com Vítimas Feridas;Anoitecer;Crescente;Nublado;Múltipla;Reta;Urbano;0;0;3;0
12913;586883;2024-03-12;terça-feira;11:50:00;SP;116.0;375.0;MIRACATU;Acumulo de óleo sobre o pavimento;Queda de ocupante de veículo;Com Vítimas Feridas;Pleno dia;Decrescente;Ensolarado;Simples;Curva;Rural;1;0;1;0
12940;586911;2024-03-13;quarta-feira;07:30:00;SP;101.0;47.0;UBATUBA;Acessar a via sem observar a presença dos outros veículos;Colisão transversal;Com Vítimas Feridas;Pleno dia;Crescente;Ensolarado;Simples;Rotatória;Urbano;1;0;2;0
12964;586938;2024-03-13;quarta-feira;08:55:00;SP;116.0;276.0;EMBU DAS ARTES;Reação tardia ou ineficiente do condutor;Colisão lateral mesmo sentido;Com Vítimas Feridas;Pleno dia;Decrescente;Ensolarado;Dupla;Reta;Urbano;0;0;2;0
12995;586974;2024-02-18;domingo;11:00:00;SP;116.0;564.0;BARRA DO TURVO;Reação tardia ou ineficiente do condutor;Capotamento;Com Vítimas Feridas;Pleno dia;Crescente;Nublado;Simples;Curva;Rural;1;0;1;0
13009;586996;2024-01-20;sábado;03:05:00;SP;116.0;459.5;PARIQUERA-ACU;Estacionar ou parar em local proibido;Colisão traseira;Com Vítimas Fatais;Plena Noite;Crescente;Ensolarado;Dupla;Reta;Rural;1;0;2;0
13012;587000;2024-03-13;quarta-feira;12:45:00;SP;101.0;51.5;UBATUBA;Conversão proibida;Colisão lateral mesmo sentido;Com Vítimas Feridas;Pleno dia;Decrescente;Nublado;Simples;Reta;Urbano;0;0;2;0
13056;587051;2024-03-13;quarta-feira;18:50:00;SP;116.0;342.0;MIRACATU;Entrada inopinada do pedestre;Atropelamento de Pedestre;Com Vítimas Fatais;Plena Noite;Crescente;Ensolarado;Dupla;"Reta;Declive";Urbano;0;0;1;1