;Identificador do acidente;Data;Dia da semana;Horário;Estado;BR;km;Município;Causa do acidente;Tipo do acidente;Gravidade do acidente;Fase do dia;Sentido da via;Condição do tempo;Tipo de pista;Traçado da via;uso_solo;Número de passageiros;Número de cavaleiro;Número de condutor;Número de pedestre
14700;588991;2024-03-22;sexta-feira;08:30:00;SP;116.0;511.0;CAJATI;Reação tardia ou ineficiente do condutor;Tombamento;Com Vítimas Feridas;Pleno dia;Crescente;Chuvoso;Simples;"Curva;Aclive";Rural;0;0;1;0
14703;588994;2024-03-22;sexta-feira;04:10:00;SP;116.0;545.0;BARRA DO TURVO;Reação tardia ou ineficiente do condutor;Colisão com objeto;Com Vítimas Feridas;Plena Noite;Crescente;Chuvoso;Simples;"Curva;Declive";Rural;1;0;1;0
14720;589015;2024-03-22;sexta-feira;13:50:00;SP;116.0;137.0;SAO JOSE DOS CAMPOS;Manobra de mudança de faixa;Colisão lateral mesmo sentido;Com Vítimas Feridas;Pleno dia;Crescente;Chuvoso;Dupla;Reta;Urbano;0;0;2;0
14741;589038;2024-03-22;sexta-feira;16:45:00;SP;116.0;279.0;EMBU DAS ARTES;Trafegar com motocicleta (ou similar) entre as faixas;Colisão lateral mesmo sentido;Com Vítimas Feridas;Pleno dia;Crescente;Chuvoso;Dupla;"Interseção de Vias;Declive;Curva";Urbano;2;0;2;0
14751;589048;2024-03-22;sexta-feira;12:20:00;SP;116.0;223.0;GUARULHOS;Ausência de reação do condutor;Queda de ocupante de veículo;Com Vítimas Feridas;Pleno dia;Decrescente;Chuvoso;Múltipla;Reta;Rural;0;0;1;0
14760;589057;2024-03-22;sexta-feira;18:10:00;SP;116.0;224.0;GUARULHOS;Ausência de reação do condutor;Colisão traseira;Com Vítimas Feridas;Anoitecer;Decrescente;Chuvoso;Múltipla;"Reta;Interseção de Vias";Urbano;0;0;2;0
14775;589077;2024-03-22;sexta-feira;18:15:00;SP;116.0;223.0;GUARULHOS;Reação tardia ou ineficiente do condutor;Colisão lateral mesmo sentido;Com Vítimas Feridas;Plena Noite;Decrescente;Chuvoso;Múltipla;Reta;Urbano;0;0;2;0
14782;589086;2024-03-22;sexta-feira;18:20:00;SP;116.0;225.0;GUARULHOS;Reação tardia ou ineficiente do condutor;Colisão lateral mesmo sentido;Com Vítimas Feridas;Plena Noite;Crescente;Não Informado;Múltipla;Reta;Urbano;0;0;3;0
14786;589091;2024-03-22;sexta-feira;19:40:00;SP;116.0;56.0;LORENA;Reação tardia ou ineficiente do condutor;Colisão lateral mesmo sentido;Com Vítimas Feridas;Plena Noite;Crescente;Chuvoso;Dupla;Reta;Rural;0;0;2;0
14806;589113;2024-03-22;sexta-feira;21:20:00;SP;116.0;283.0;EMBU DAS ARTES;Reação tardia ou ineficiente do condutor;Colisão traseira;Com Vítimas Feridas;Plena Noite;Decrescente;Chuvoso;Dupla;Reta;Rural;1;0;3;0
14817;589125;2024-03-22;sexta-feira;22:50:00;SP;116.0;222.0;GUARULHOS;Ingestão de álcool pelo condutor;Colisão traseira;Sem Vítimas;Plena Noite;Decrescente;Vento;Múltipla;Reta;Urbano;0;0;2;0
14831;589139;2024-03-22;sexta-feira;23:30:00;SP;116.0;90.0;PINDAMONHANGABA;Ausência de reação do condutor;Incêndio;Sem Vítimas;Plena Noite;Decrescente;Chuvoso;Dupla;Reta;Rural;0;0;1;0
14833;589141;2024-03-23;sábado;02:00:00;SP;381.0;61.3;MAIRIPORA;Reação tardia ou ineficiente do condutor;Capotamento;Sem Vítimas;Plena Noite;Crescente;Ensolarado;Dupla;Curva;Rural;0;0;1;0
14844;589152;2024-03-23;sábado;06:00:00;SP;153.0;174.0;GUAICARA;Acumulo de areia ou detritos sobre o pavimento;Queda de ocupante de veículo;Com Vítimas Feridas;Pleno dia;Decrescente;Nublado;Simples;Rotatória;Urbano;0;0;1;0
14869;589180;2024-03-23;sábado;07:45:00;SP;381.0;89.0;SAO PAULO;Chuva;Tombamento;Com Vítimas Feridas;Pleno dia;Decrescente;Chuvoso;Múltipla;Em Obras;Urbano;0;0;1;0
14885;589198;2024-03-23;sábado;10:15:00;SP;381.0;44.3;ATIBAIA;Reação tardia ou ineficiente do condutor;Tombamento;Com Vítimas Feridas;Pleno dia;Decrescente;Chuvoso;Dupla;Reta;Urbano;1;0;1;0
14909;589224;2024-03-23;sábado;13:00:00;SP;153.0;95.5;JACI;Condutor Dormindo;Saída de leito carroçável;Com Vítimas Feridas;Pleno dia;Crescente;Nublado;Simples;"Em Obras;Declive";Rural;0;0;1;0
14927;589244;2024-03-23;sábado;15:00:00;SP;381.0;86.0;SAO PAULO;Chuva;Colisão traseira;Com Vítimas Feridas;Pleno dia;Crescente;Chuvoso;Múltipla;Curva;Rural;0;0;2;0
14943;589261;2024-03-23;sábado;15:00:00;SP;153.0;287.0;OCAUCU;Acessar a via sem observar a presença dos outros veículos;Colisão transversal;Com Vítimas Feridas;Pleno dia;Crescente;Nublado;Simples;Curva;Rural;0;0;2;0
14951;589269;2024-03-23;sábado;17:20:00;SP;116.0;83.4;ROSEIRA;Pista Escorregadia;Colisão com objeto;Com Vítimas Feridas;Anoitecer;Crescente;Chuvoso;Dupla;Reta;Rural;4;0;1;0
14952;589270;2024-03-23;sábado;16:50:00;SP;116.0;316.0;JUQUITIBA;Pista Escorregadia;Capotamento;Com Vítimas Feridas;Anoitecer;Decrescente;Chuvoso;Dupla;Reta;Urbano;1;0;1;0
15000;589320;2024-03-23;sábado;19:30:00;SP;101.0;49.0;UBATUBA;Transitar na contramão;Colisão traseira;Com Vítimas Feridas;Plena Noite;Crescente;Chuvoso;Simples;Rotatória;Urbano;0;0;3;0
15002;589322;2024-03-23;sábado;21:00:00;SP;116.0;287.5;ITAPECERICA DA SERRA;Afundamento ou ondulação no pavimento;Saída de leito carroçável;Com Vítimas Feridas;Plena Noite;Decrescente;Nublado;Dupla;Reta;Urbano;1;0;1;0
15003;589323;2024-03-23;sábado;21:45:00;SP;153.0;69.0;SAO JOSE DO RIO PRETO;Ausência de reação do condutor;Colisão traseira;Com Vítimas Feridas;Plena Noite;Crescente;Chuvoso;Dupla;Curva;Urbano;1;0;2;0
15017;589339;2024-03-23;sábado;22:50:00;SP;116.0;336.0;JUQUITIBA;Chuva;Capotamento;Com Vítimas Feridas;Plena Noite;Crescente;Nublado;Dupla;Reta;Urbano;0;0;1;0
15026;589349;2024-03-23;sábado;22:35:00;SP;153.0;141.0;PROMISSAO;Demais falhas mecânicas ou elétricas;Tombamento;Com Vítimas Feridas;Plena Noite;Crescente;Chuvoso;Simples;Reta;Rural;0;0;1;0
15031;589354;2024-03-24;domingo;00:15:00;SP;153.0;64.0;SAO JOSE DO RIO PRETO;Ingestão de álcool pelo condutor;Colisão com objeto;Sem Vítimas;Plena Noite;Crescente;Nublado;Dupla;"Reta;Viaduto";Urbano;0;0;1;0
15053;589377;2024-03-24;domingo;03:59:00;SP;116.0;169.7;JACAREI;Reação tardia ou ineficiente do condutor;Colisão com objeto;Com Vítimas Feridas;Plena Noite;Decrescente;Chuvoso;Dupla;"Reta;Aclive";Rural;0;0;1;0
15071;589397;2024-03-24;domingo;06:30:00;SP;153.0;336.6;OURINHOS;Retorno proibido;Colisão transversal;Com Vítimas Feridas;Amanhecer;Crescente;Nublado;Simples;"Curva;Declive;Viaduto";Rural;3;0;2;0
15079;589406;2024-03-24;domingo;07:00:00;SP;381.0;38.0;ATIBAIA;Condutor Dormindo;Saída de leito carroçável;Sem Vítimas;Pleno dia;Crescente;Ensolarado;Dupla;Curva;Urbano;0;0;1;0
15110;589441;2024-03-24;domingo;11:55:00;SP;153.0;221.0;MARILIA;Reação tardia ou ineficiente do condutor;Colisão lateral sentido oposto;Com Vítimas Feridas;Pleno dia;Crescente;Nublado;Simples;Reta;Rural;1;0;2;0
15120;589453;2024-03-24;domingo;08:30:00;SP;381.0;61.0;MAIRIPORA;Reação tardia ou ineficiente do condutor;Saída de leito carroçável;Sem Vítimas;Pleno dia;Crescente;Chuvoso;Dupla;Curva;Rural;0;0;1;0
15122;589455;2024-03-24;domingo;14:30:00;SP;116.0;216.0;GUARULHOS;Trafegar com motocicleta (ou similar) entre as faixas;Colisão traseira;Com Vítimas Feridas;Pleno dia;Crescente;Ensolarado;Múltipla;Reta;Rural;1;0;2;0
15123;589456;2024-03-24;domingo;14:30:00;SP;116.0;215.0;GUARULHOS;Ausência de reação do condutor;Colisão traseira;Com Vítimas Feridas;Pleno dia;Crescente;Ensolarado;Múltipla;Reta;Urbano;0;0;2;0
15140;589475;2024-03-24;domingo;15:50:00;SP;116.0;491.0;CAJATI;Ausência de reação do condutor;Colisão com objeto;Sem Vítimas;Pleno dia;Decrescente;Ensolarado;Dupla;"Reta;Declive";Rural;3;0;1;0
15149;589484;2024-03-24;domingo;16:24:00;SP;116.0;51.1;LORENA;Ausência de reação do condutor;Colisão traseira;Com Vítimas Feridas;Pleno dia;Decrescente;Chuvoso;Dupla;Reta;Rural;1;0;2;0
15228;589573;2024-03-25;segunda-feira;01:35:00;SP;116.0;170.0;JACAREI;Condutor Dormindo;Colisão traseira;Com Vítimas Feridas;Plena Noite;Crescente;Ensolarado;Dupla;Reta;Rural;0;0;2;0
15229;589574;2024-03-25;segunda-feira;03:20:00;SP;116.0;452.0;REGISTRO;Demais falhas mecânicas ou elétricas;Incêndio;Sem Vítimas;Plena Noite;Decrescente;Ensolarado;Dupla;Reta;Rural;0;0;1;0
15241;589586;2024-03-25;segunda-feira;06:15:00;SP;116.0;53.9;LORENA;Condutor deixou de manter distância do veículo da frente;Colisão traseira;Com Vítimas Feridas;Pleno dia;Crescente;Nublado;Dupla;"Reta;Aclive";Rural;1;0;2;0
15258;589603;2024-03-25;segunda-feira;08:00:00;SP;116.0;214.0;GUARULHOS;Ausência de reação do condutor;Colisão traseira;Com Vítimas Feridas;Pleno dia;Decrescente;Ensolarado;Múltipla;Reta;Rural;0;0;3;0
15265;589611;2024-03-25;segunda-feira;08:00:00;SP;116.0;1.0;GUARULHOS;Trafegar com motocicleta (ou similar) entre as faixas;Colisão traseira;Com Vítimas Feridas;Pleno dia;Decrescente;Ensolarado;Simples;Reta;Urbano;0;0;2;0
15276;589623;2024-03-25;segunda-feira;08:15:00;SP;101.0;46.0;UBATUBA;Ultrapassagem Indevida;Colisão lateral mesmo sentido;Com Vítimas Feridas;Pleno dia;Decrescente;Nublado;Simples;Reta;Urbano;0;0;2;0
15283;589631;2024-03-25;segunda-feira;10:15:00;SP;116.0;279.1;EMBU DAS ARTES;Ausência de reação do condutor;Colisão traseira;Com Vítimas Feridas;Pleno dia;Crescente;Ensolarado;Dupla;Reta;Urbano;0;0;2;0
15287;589636;2024-03-25;segunda-feira;10:30:00;SP;381.0;50.1;ATIBAIA;Demais falhas mecânicas ou elétricas;Incêndio;Sem Vítimas;Pleno dia;Decrescente;Ensolarado;Dupla;Reta;Rural;2;0;1;0
15292;589642;2024-03-25;segunda-feira;11:35:00;SP;153.0;256.2;MARILIA;Acumulo de óleo sobre o pavimento;Tombamento;Com Vítimas Feridas;Pleno dia;Decrescente;Nublado;Dupla;Rotatória;Urbano;1;0;1;0
15302;589652;2024-03-25;segunda-feira;11:50:00;SP;153.0;81.3;BADY BASSITT;Mal súbito do condutor;Colisão com objeto;Com Vítimas Feridas;Pleno dia;Decrescente;Ensolarado;Dupla;"Curva;Declive";Rural;0;0;1;0
15350;589711;2024-03-25;segunda-feira;18:20:00;SP;116.0;148.0;SAO JOSE DOS CAMPOS;Manobra de mudança de faixa;Colisão traseira;Com Vítimas Feridas;Anoitecer;Decrescente;Nublado;Dupla;Reta;Rural;0;0;2;0
15392;589757;2024-03-25;segunda-feira;20:50:00;SP;116.0;85.0;PINDAMONHANGABA;Ausência de reação do condutor;Colisão traseira;Com Vítimas Feridas;Plena Noite;Decrescente;Chuvoso;Dupla;Reta;Rural;0;0;2;0
15395;589760;2024-03-25;segunda-feira;22:55:00;SP;116.0;322.8;JUQUITIBA;Ausência de reação do condutor;Colisão traseira;Com Vítimas Feridas;Plena Noite;Crescente;Ensolarado;Dupla;Reta;Rural;0;0;2;0
15416;589783;2024-03-26;terça-feira;05:50:00;SP;116.0;282.0;EMBU DAS ARTES;Acumulo de areia ou detritos sobre o pavimento;Tombamento;Com Vítimas Feridas;Pleno dia;Decrescente;Ensolarado;Dupla;Reta;Urbano;0;0;1;0
15431;589800;2024-03-26;terça-feira;00:30:00;SP;116.0;98.0;PINDAMONHANGABA;Chuva;Colisão com objeto;Com Vítimas Feridas;Plena Noite;Crescente;Chuvoso;Dupla;Reta;Urbano;1;0;1;0
15471;589853;2024-03-26;terça-feira;13:00:00;SP;116.0;87.0;PINDAMONHANGABA;Condutor Dormindo;Colisão com objeto;Com Vítimas Feridas;Pleno dia;Crescente;Ensolarado;Múltipla;Reta;Rural;1;0;1;0
15498;589888;2024-03-26;terça-feira;17:35:00;SP;381.0;36.0;ATIBAIA;Velocidade Incompatível;Colisão traseira;Com Vítimas Feridas;Pleno dia;Crescente;Nublado;Dupla;Reta;Urbano;0;0;1;0
15514;589907;2024-03-26;terça-feira;17:00:00;SP;116.0;541.3;BARRA DO TURVO;Reação tardia ou ineficiente do condutor;Colisão com objeto;Com Vítimas Feridas;Anoitecer;Crescente;Chuvoso;Dupla;"Curva;Aclive";Rural;1;0;1;0
15555;589953;2024-03-27;quarta-feira;00:10:00;SP;116.0;34.5;CACHOEIRA PAULISTA;Manobra de mudança de faixa;Colisão traseira;Com Vítimas Feridas;Plena Noite;Crescente;Chuvoso;Dupla;"Reta;Declive";Rural;1;0;2;0
15557;589955;2024-03-27;quarta-feira;00:10:00;SP;381.0;86.0;SAO PAULO;Pista Escorregadia;Queda de ocupante de veículo;Com Vítimas Feridas;Plena Noite;Decrescente;Ensolarado;Múltipla;Curva;Urbano;0;0;1;0
15559;589957;2024-03-26;terça-feira;19:30:00;SP;116.0;298.5;ITAPECERICA DA SERRA;Ausência de reação do condutor;Tombamento;Com Vítimas Feridas;Plena Noite;Crescente;Ensolarado;Dupla;Aclive;Urbano;1;0;1;0
15569;589967;2024-03-27;quarta-feira;05:00:00;SP;116.0;284.0;ITAPECERICA DA SERRA;Ausência de reação do condutor;Colisão lateral mesmo sentido;Com Vítimas Feridas;Plena Noite;Decrescente;Ensolarado;Dupla;Reta;Rural;0;0;1;0
15598;589999;2024-03-27;quarta-feira;03:00:00;SP;116.0;279.0;EMBU DAS ARTES;Ausência de reação do condutor;Atropelamento de Pedestre;Com Vítimas Feridas;Plena Noite;Crescente;Ensolarado;Dupla;Reta;Rural;0;0;1;1
15599;590001;2024-03-27;quarta-feira;06:00:00;SP;116.0;226.0;GUARULHOS;Ausência de reação do condutor;Queda de ocupante de veículo;Com Vítimas Feridas;Pleno dia;Crescente;Ensolarado;Múltipla;"Reta;Em Obras";Urbano;0;0;1;0
15623;590036;2024-03-27;quarta-feira;10:10:00;SP;116.0;218.8;GUARULHOS;Condutor deixou de manter distância do veículo da frente;Colisão traseira;Com Vítimas Feridas;Pleno dia;Crescente;Nublado;Múltipla;Reta;Rural;2;0;2;0
15627;590041;2024-03-27;quarta-feira;09:30:00;SP;381.0;49.0;ATIBAIA;Demais falhas mecânicas ou elétricas;Incêndio;Sem Vítimas;Pleno dia;Crescente;Ensolarado;Dupla;Reta;Urbano;0;0;1;0
15673;590098;2024-03-27;quarta-feira;15:30:00;SP;116.0;216.5;GUARULHOS;Reação tardia ou ineficiente do condutor;Colisão lateral mesmo sentido;Com Vítimas Feridas;Pleno dia;Decrescente;Nublado;Múltipla;"Em Obras;Aclive;Reta";Urbano;0;0;2;0
15686;590114;2024-03-27;quarta-feira;14:52:00;SP;116.0;150.4;SAO JOSE DOS CAMPOS;Condutor deixou de manter distância do veículo da frente;Colisão traseira;Com Vítimas Feridas;Pleno dia;Crescente;Nublado;Múltipla;Reta;Urbano;0;0;2;0
15691;590120;2024-03-27;quarta-feira;16:40:00;SP;116.0;107.0;TAUBATE;Manobra de mudança de faixa;Colisão lateral mesmo sentido;Com Vítimas Feridas;Pleno dia;Decrescente;Chuvoso;Dupla;Reta;Urbano;1;0;3;0
15707;590136;2024-03-27;quarta-feira;18:00:00;SP;116.0;218.0;GUARULHOS;Trafegar com motocicleta (ou similar) entre as faixas;Colisão lateral mesmo sentido;Com Vítimas Feridas;Plena Noite;Crescente;Chuvoso;Múltipla;Reta;Urbano;0;0;2;0
15710;590140;2024-03-27;quarta-feira;19:10:00;SP;116.0;225.0;GUARULHOS;Velocidade Incompatível;Colisão lateral mesmo sentido;Com Vítimas Feridas;Plena Noite;Decrescente;Chuvoso;Múltipla;"Reta;Declive";Urbano;2;0;2;0
15711;590141;2024-03-27;quarta-feira;18:19:00;SP;116.0;316.5;JUQUITIBA;Velocidade Incompatível;Colisão lateral mesmo sentido;Com Vítimas Feridas;Plena Noite;Crescente;Ensolarado;Dupla;Curva;Urbano;1;0;2;0
15718;590149;2024-03-27;quarta-feira;19:20:00;SP;116.0;337.0;JUQUITIBA;Reação tardia ou ineficiente do condutor;Atropelamento de Pedestre;Com Vítimas Feridas;Plena Noite;Decrescente;Chuvoso;Simples;"Curva;Interseção de Vias";Urbano;0;0;1;1
15751;590187;2024-03-27;quarta-feira;21:45:00;SP;381.0;76.0;SAO PAULO;Condutor Dormindo;Capotamento;Sem Vítimas;Plena Noite;Crescente;Chuvoso;Dupla;"Curva;Declive";Rural;0;0;1;0
15778;590218;2024-03-28;quinta-feira;06:50:00;SP;116.0;204.0;ARUJA;Ausência de reação do condutor;Queda de ocupante de veículo;Com Vítimas Feridas;Pleno dia;Decrescente;Nublado;Múltipla;Reta;Rural;1;0;1;0
15788;590230;2024-03-28;quinta-feira;07:20:00;SP;116.0;103.9;TAUBATE;Reação tardia ou ineficiente do condutor;Colisão traseira;Sem Vítimas;Pleno dia;Decrescente;Chuvoso;Dupla;Reta;Rural;0;0;2;0
15798;590240;2024-03-28;quinta-feira;08:20:00;SP;116.0;210.0;GUARULHOS;Pista Escorregadia;Colisão lateral mesmo sentido;Com Vítimas Feridas;Pleno dia;Decrescente;Chuvoso;Múltipla;"Reta;Declive";Urbano;0;0;2;0
15801;590243;2024-03-28;quinta-feira;08:00:00;SP;381.0;61.0;MAIRIPORA;Reação tardia ou ineficiente do condutor;Saída de leito carroçável;Com Vítimas Feridas;Pleno dia;Crescente;Chuvoso;Dupla;Curva;Rural;0;0;1;0
15846;590294;2024-03-28;quinta-feira;14:50:00;SP;116.0;221.0;GUARULHOS;Reação tardia ou ineficiente do condutor;Colisão traseira;Com Vítimas Feridas;Pleno dia;Decrescente;Chuvoso;Múltipla;Reta;Urbano;0;0;2;0
15847;590295;2024-03-28;quinta-feira;14:00:00;SP;116.0;286.0;ITAPECERICA DA SERRA;Manobra de mudança de faixa;Colisão frontal;Com Vítimas Feridas;Pleno dia;Decrescente;Nublado;Dupla;Reta;Urbano;0;0;2;0
15869;590320;2024-03-28;quinta-feira;14:00:00;SP;381.0;80.8;SAO PAULO;Reação tardia ou ineficiente do condutor;Engavetamento;Com Vítimas Feridas;Pleno dia;Crescente;Chuvoso;Dupla;Reta;Urbano;3;0;4;0
15887;590339;2024-03-28;quinta-feira;17:45:00;SP;101.0;43.0;UBATUBA;Ingestão de álcool pelo condutor;Saída de leito carroçável;Sem Vítimas;Plena Noite;Crescente;Chuvoso;Simples;Rotatória;Urbano;0;0;1;0
15928;590384;2024-03-28;quinta-feira;19:50:00;SP;153.0;63.7;SAO JOSE DO RIO PRETO;Manobra de mudança de faixa;Colisão lateral mesmo sentido;Com Vítimas Feridas;Plena Noite;Decrescente;Nublado;Dupla;Reta;Urbano;0;0;2;0
15953;590409;2024-03-28;quinta-feira;20:30:00;SP;116.0;225.0;GUARULHOS;Mal súbito do condutor;Engavetamento;Com Vítimas Feridas;Plena Noite;Decrescente;Nublado;Múltipla;Declive;Urbano;0;0;3;0
15958;590416;2024-03-28;quinta-feira;21:30:00;SP;116.0;221.0;GUARULHOS;Acessar a via sem observar a presença dos outros veículos;Colisão transversal;Com Vítimas Feridas;Pleno dia;Decrescente;Ensolarado;Múltipla;Reta;Rural;0;0;2;0
15959;590417;2024-03-28;quinta-feira;21:10:00;SP;381.0;21.1;BRAGANCA PAULISTA;Pedestre cruzava a pista fora da faixa;Atropelamento de Pedestre;Com Vítimas Fatais;Plena Noite;Decrescente;Nublado;Dupla;"Curva;Declive";Rural;0;0;1;1
15969;590429;2024-03-28;quinta-feira;21:40:00;SP;116.0;281.0;EMBU DAS ARTES;Trafegar com motocicleta (ou similar) entre as faixas;Queda de ocupante de veículo;Com Vítimas Feridas;Plena Noite;Decrescente;Nublado;Dupla;"Aclive;Interseção de Vias";Rural;0;0;1;0
15972;590432;2024-03-28;quinta-feira;22:40:00;SP;381.0;65.0;MAIRIPORA;Ingestão de álcool pelo condutor;Colisão lateral mesmo sentido;Sem Vítimas;Plena Noite;Decrescente;Nublado;Dupla;Reta;Urbano;0;0;2;0
15974;590434;2024-03-28;quinta-feira;22:00:00;SP;116.0;228.0;SAO PAULO;Manobra de mudança de faixa;Colisão traseira;Com Vítimas Feridas;Plena Noite;Decrescente;Ensolarado;Múltipla;Reta;Rural;0;0;2;0
15996;590457;2024-03-29;sexta-feira;01:30:00;SP;116.0;407.0;MIRACATU;Ausência de reação do condutor;Colisão traseira;Com Vítimas Feridas;Plena Noite;Crescente;Ensolarado;Dupla;Reta;Rural;0;0;2;0
16001;590464;2024-03-29;sexta-feira;02:25:00;SP;153.0;74.9;BADY BASSITT;Velocidade Incompatível;Colisão traseira;Com Vítimas Feridas;Plena Noite;Crescente;Nublado;Dupla;Reta;Rural;0;0;2;0
16003;590467;2024-03-29;sexta-feira;00:08:00;SP;116.0;512.0;CAJATI;Acumulo de óleo sobre o pavimento;Engavetamento;Com Vítimas Feridas;Plena Noite;Decrescente;Chuvoso;Dupla;Curva;Rural;1;0;4;0
16010;590475;2024-03-29;sexta-feira;05:50:00;SP;153.0;60.8;SAO JOSE DO RIO PRETO;Ingestão de álcool pelo condutor;Saída de leito carroçável;Sem Vítimas;Pleno dia;Decrescente;Ensolarado;Dupla;Reta;Urbano;0;0;1;0
16021;590486;2024-03-29;sexta-feira;07:22:00;SP;116.0;419.0;JUQUIA;Chuva;Saída de leito carroçável;Com Vítimas Feridas;Pleno dia;Decrescente;Chuvoso;Dupla;Reta;Rural;1;0;1;0
16022;590487;2024-03-29;sexta-feira;07:29:00;SP;116.0;414.9;JUQUIA;Pista Escorregadia;Saída de leito carroçável;Com Vítimas Feridas;Pleno dia;Decrescente;Chuvoso;Dupla;Curva;Rural;1;0;1;0
16031;590499;2024-03-29;sexta-feira;01:20:00;SP;116.0;179.0;SANTA ISABEL;Chuva;Colisão com objeto;Sem Vítimas;Plena Noite;Decrescente;Chuvoso;Dupla;Reta;Urbano;0;0;1;0
16037;590506;2024-03-29;sexta-feira;07:30:00;SP;381.0;24.0;BRAGANCA PAULISTA;Reação tardia ou ineficiente do condutor;Colisão traseira;Com Vítimas Feridas;Pleno dia;Decrescente;Nublado;Dupla;Reta;Rural;2;0;3;0
16054;590526;2024-03-29;sexta-feira;09:30:00;SP;116.0;562.0;BARRA DO TURVO;Reação tardia ou ineficiente do condutor;Colisão com objeto;Com Vítimas Feridas;Pleno dia;Crescente;Chuvoso;Dupla;Curva;Rural;3;0;1;0
16063;590535;2024-03-29;sexta-feira;11:30:00;SP;381.0;54.0;ATIBAIA;Ingestão de álcool pelo condutor;Capotamento;Com Vítimas Feridas;Pleno dia;Decrescente;Nublado;Simples;"Reta;Retorno Regulamentado";Rural;0;0;1;0
16068;590542;2024-03-29;sexta-feira;12:20:00;SP;381.0;64.0;MAIRIPORA;Reação tardia ou ineficiente do condutor;Engavetamento;Com Vítimas Feridas;Pleno dia;Decrescente;Nublado;Múltipla;Reta;Urbano;0;0;4;0
16071;590547;2024-03-29;sexta-feira;12:13:00;SP;116.0;538.0;BARRA DO TURVO;Reação tardia ou ineficiente do condutor;Colisão com objeto;Com Vítimas Feridas;Pleno dia;Crescente;Chuvoso;Dupla;Curva;Rural;1;0;1;0
16082;590559;2024-03-29;sexta-feira;08:20:00;SP;381.0;82.0;SAO PAULO;Chuva;Queda de ocupante de veículo;Com Vítimas Feridas;Pleno dia;Decrescente;Chuvoso;Dupla;Reta;Urbano;1;0;1;0
16091;590569;2024-03-29;sexta-feira;16:10:00;SP;381.0;19.0;BRAGANCA PAULISTA;Avarias e/ou desgaste excessivo no pneu;Tombamento;Com Vítimas Feridas;Pleno dia;Decrescente;Nublado;Simples;Rotatória;Urbano;1;0;1;0
16156;590639;2024-03-29;sexta-feira;22:30:00;SP;116.0;536.9;BARRA DO TURVO;Retorno proibido;Colisão transversal;Com Vítimas Feridas;Plena Noite;Crescente;Nublado;Dupla;Reta;Rural;0;0;2;0
16166;590650;2024-03-30;sábado;05:15:00;SP;116.0;196.0;ARUJA;Reação tardia ou ineficiente do condutor;Saída de leito carroçável;Com Vítimas Feridas;Pleno dia;Crescente;Ensolarado;Dupla;Reta;Rural;0;0;1;0
16167;590651;2024-03-30;sábado;05:10:00;SP;116.0;340.2;MIRACATU;Chuva;Colisão com objeto;Com Vítimas Feridas;Amanhecer;Crescente;Chuvoso;Dupla;Curva;Rural;0;0;1;0
16172;590657;2024-03-30;sábado;05:45:00;SP;153.0;61.8;SAO JOSE DO RIO PRETO;Velocidade Incompatível;Colisão transversal;Com Vítimas Feridas;Amanhecer;Crescente;Chuvoso;Dupla;"Reta;Declive";Urbano;1;0;2;0
16175;590660;2024-03-30;sábado;07:00:00;SP;381.0;41.0;ATIBAIA;Manobra de mudança de faixa;Tombamento;Com Vítimas Feridas;Pleno dia;Decrescente;Ensolarado;Dupla;Reta;Urbano;0;0;1;0
16183;590668;2024-03-30;sábado;04:45:00;SP;116.0;230.0;SAO PAULO;Suicídio (presumido);Atropelamento de Pedestre;Com Vítimas Fatais;Amanhecer;Crescente;Ensolarado;Múltipla;Reta;Urbano;0;0;1;1
16218;590708;2024-02-23;sexta-feira;09:30:00;SP;116.0;227.0;GUARULHOS;Reação tardia ou ineficiente do condutor;Colisão lateral mesmo sentido;Com Vítimas Feridas;Pleno dia;Crescente;Ensolarado;Dupla;Reta;Urbano;1;0;2;0
16221;590712;2024-03-30;sábado;14:00:00;SP;116.0;227.0;GUARULHOS;Manobra de mudança de faixa;Colisão lateral mesmo sentido;Com Vítimas Feridas;Pleno dia;Decrescente;Ensolarado;Múltipla;"Em Obras;Reta;Aclive";Urbano;0;0;2;0
16236;590729;2024-03-30;sábado;16:00:00;SP;101.0;42.8;UBATUBA;Conversão proibida;Colisão lateral mesmo sentido;Com Vítimas Feridas;Pleno dia;Decrescente;Nublado;Simples;Reta;Rural;0;0;2;0
16238;590731;2024-03-30;sábado;14:20:00;SP;381.0;87.0;GUARULHOS;Reação tardia ou ineficiente do condutor;Colisão com objeto;Com Vítimas Feridas;Pleno dia;Crescente;Ensolarado;Simples;Reta;Urbano;0;0;1;0
16246;590739;2024-03-30;sábado;16:00:00;SP;381.0;80.5;SAO PAULO;Manobra de mudança de faixa;Colisão lateral mesmo sentido;Com Vítimas Feridas;Pleno dia;Crescente;Ensolarado;Dupla;Reta;Rural;1;0;2;0
16263;590757;2024-03-30;sábado;15:00:00;SP;116.0;293.0;ITAPECERICA DA SERRA;Reação tardia ou ineficiente do condutor;Tombamento;Com Vítimas Feridas;Pleno dia;Crescente;Ensolarado;Dupla;Reta;Rural;1;0;1;0
16273;590771;2024-03-30;sábado;18:45:00;SP;101.0;48.4;UBATUBA;Conversão proibida;Colisão transversal;Com Vítimas Feridas;Plena Noite;Decrescente;Nublado;Simples;Reta;Urbano;1;0;2;0
16275;590773;2024-03-30;sábado;18:40:00;SP;116.0;151.7;SAO JOSE DOS CAMPOS;Ausência de reação do condutor;Colisão traseira;Com Vítimas Feridas;Plena Noite;Crescente;Nublado;Dupla;Reta;Urbano;1;0;2;0
16280;590778;2024-03-30;sábado;19:10:00;SP;116.0;209.0;GUARULHOS;Reação tardia ou ineficiente do condutor;Colisão traseira;Com Vítimas Feridas;Plena Noite;Decrescente;Nublado;Dupla;Reta;Urbano;0;0;2;0