;Identificador do acidente;Data;Dia da semana;Horário;Estado;BR;km;Município;Causa do acidente;Tipo do acidente;Gravidade do acidente;Fase do dia;Sentido da via;Condição do tempo;Tipo de pista;Traçado da via;uso_solo;Número de passageiros;Número de cavaleiro;Número de condutor;Número de pedestre
16304;590804;2024-03-30;sábado;20:00:00;SP;116.0;284.0;EMBU DAS ARTES;Ausência de reação do condutor;Queda de ocupante de veículo;Sem Vítimas;Plena Noite;Crescente;Ensolarado;Dupla;Reta;Rural;0;0;1;0
16309;590811;2024-03-30;sábado;20:50:00;SP;153.0;206.4;GUAIMBE;Ultrapassagem Indevida;Colisão lateral sentido oposto;Com Vítimas Feridas;Plena Noite;Crescente;Nublado;Simples;"Reta;Declive";Rural;1;0;2;0
16312;590814;2024-03-30;sábado;22:15:00;SP;116.0;211.0;GUARULHOS;Entrada inopinada do pedestre;Atropelamento de Pedestre;Com Vítimas Fatais;Plena Noite;Crescente;Ensolarado;Múltipla;Reta;Urbano;0;0;1;1
16316;590819;2024-03-30;sábado;22:30:00;SP;101.0;50.0;UBATUBA;Acessar a via sem observar a presença dos outros veículos;Colisão transversal;Com Vítimas Feridas;Plena Noite;Crescente;Nublado;Simples;Reta;Rural;0;0;2;0
16330;590834;2024-03-30;sábado;23:00:00;SP;116.0;207.0;GUARULHOS;Acesso irregular;Tombamento;Sem Vítimas;Plena Noite;Decrescente;Nublado;Múltipla;"Em Obras;Declive";Urbano;0;0;1;0
16359;590865;2024-03-31;domingo;02:30:00;SP;116.0;147.7;SAO JOSE DOS CAMPOS;Ausência de reação do condutor;Colisão traseira;Com Vítimas Feridas;Plena Noite;Crescente;Ensolarado;Dupla;Reta;Rural;2;0;3;0
16365;590871;2024-03-31;domingo;03:00:00;SP;116.0;284.0;ITAPECERICA DA SERRA;Reação tardia ou ineficiente do condutor;Capotamento;Sem Vítimas;Plena Noite;Decrescente;Nevoeiro/Neblina;Dupla;"Reta;Interseção de Vias";Urbano;0;0;1;0
16385;590893;2024-03-31;domingo;05:36:00;SP;116.0;88.0;PINDAMONHANGABA;Neblina;Colisão traseira;Com Vítimas Feridas;Amanhecer;Decrescente;Nublado;Dupla;Reta;Rural;2;0;2;0
16397;590911;2024-03-31;domingo;08:40:00;SP;101.0;31.0;UBATUBA;Acessar a via sem observar a presença dos outros veículos;Colisão lateral mesmo sentido;Com Vítimas Feridas;Pleno dia;Decrescente;Ensolarado;Simples;Reta;Rural;0;0;2;0
16400;590915;2024-03-31;domingo;08:30:00;SP;116.0;152.0;SAO JOSE DOS CAMPOS;Reação tardia ou ineficiente do condutor;Queda de ocupante de veículo;Com Vítimas Feridas;Pleno dia;Decrescente;Ensolarado;Dupla;Reta;Urbano;1;0;1;0
16450;590972;2024-03-31;domingo;15:00:00;SP;116.0;99.1;PINDAMONHANGABA;Condutor deixou de manter distância do veículo da frente;Engavetamento;Com Vítimas Feridas;Pleno dia;Crescente;Ensolarado;Dupla;Reta;Rural;1;0;4;0
16468;590991;2024-03-31;domingo;17:10:00;SP;116.0;176.0;GUARAREMA;Ausência de reação do condutor;Colisão com objeto;Com Vítimas Feridas;Pleno dia;Crescente;Ensolarado;Dupla;Reta;Rural;3;0;1;0
16472;590995;2024-03-31;domingo;17:45:00;SP;116.0;151.0;SAO JOSE DOS CAMPOS;Ausência de reação do condutor;Colisão lateral mesmo sentido;Com Vítimas Feridas;Anoitecer;Crescente;Ensolarado;Dupla;Reta;Rural;1;0;2;0
16473;590996;2024-03-31;domingo;17:34:00;SP;116.0;229.3;SAO PAULO;Ausência de reação do condutor;Colisão com objeto;Com Vítimas Feridas;Anoitecer;Crescente;Ensolarado;Múltipla;Reta;Urbano;1;0;1;0
16510;591037;2024-03-31;domingo;19:30:00;SP;153.0;109.0;JOSE BONIFACIO;Acessar a via sem observar a presença dos outros veículos;Colisão traseira;Com Vítimas Fatais;Plena Noite;Crescente;Nublado;Simples;Reta;Rural;1;0;2;0
16511;591038;2024-03-31;domingo;19:00:00;SP;116.0;131.0;CACAPAVA;Reação tardia ou ineficiente do condutor;Colisão traseira;Com Vítimas Feridas;Plena Noite;Crescente;Ensolarado;Dupla;Reta;Rural;0;0;2;0
16518;591046;2024-03-31;domingo;19:30:00;SP;381.0;79.9;SAO PAULO;Reação tardia ou ineficiente do condutor;Queda de ocupante de veículo;Com Vítimas Feridas;Plena Noite;Crescente;Ensolarado;Dupla;Reta;Urbano;0;0;1;0
16543;591075;2024-03-31;domingo;19:20:00;SP;381.0;1.0;VARGEM;Reação tardia ou ineficiente do condutor;Saída de leito carroçável;Com Vítimas Fatais;Plena Noite;Decrescente;Ensolarado;Dupla;"Reta;Declive";Rural;0;0;1;0
16549;591081;2024-03-31;domingo;23:00:00;SP;153.0;169.0;GUAICARA;Velocidade Incompatível;Saída de leito carroçável;Com Vítimas Feridas;Plena Noite;Crescente;Ensolarado;Simples;Rotatória;Rural;0;0;1;0
16554;591086;2024-04-01;segunda-feira;00:22:00;SP;116.0;337.0;JUQUITIBA;Acesso irregular;Atropelamento de Pedestre;Com Vítimas Feridas;Plena Noite;Decrescente;Ensolarado;Múltipla;Reta;Urbano;0;0;1;1
16560;591092;2024-04-01;segunda-feira;05:50:00;SP;116.0;216.0;GUARULHOS;Demais falhas mecânicas ou elétricas;Incêndio;Sem Vítimas;Amanhecer;Crescente;Nevoeiro/Neblina;Múltipla;"Reta;Declive";Urbano;1;0;1;0
16563;591096;2024-04-01;segunda-feira;06:15:00;SP;116.0;225.0;GUARULHOS;Ausência de reação do condutor;Colisão com objeto;Com Vítimas Feridas;Pleno dia;Crescente;Ensolarado;Múltipla;Reta;Urbano;0;0;1;0
16574;591109;2024-04-01;segunda-feira;07:55:00;SP;153.0;62.0;SAO JOSE DO RIO PRETO;Acessar a via sem observar a presença dos outros veículos;Colisão lateral mesmo sentido;Com Vítimas Feridas;Pleno dia;Crescente;Ensolarado;Dupla;Reta;Urbano;1;0;2;0
16610;591150;2024-04-01;segunda-feira;11:40:00;SP;153.0;18.0;NOVA GRANADA;Acessar a via sem observar a presença dos outros veículos;Colisão transversal;Com Vítimas Feridas;Pleno dia;Crescente;Ensolarado;Simples;Reta;Rural;0;0;2;0
16648;591190;2024-04-01;segunda-feira;15:40:00;SP;488.0;1.6;APARECIDA;Ausência de reação do condutor;Tombamento;Com Vítimas Feridas;Pleno dia;Decrescente;Ensolarado;Simples;Rotatória;Urbano;1;0;1;0
16650;591193;2024-04-01;segunda-feira;16:20:00;SP;153.0;65.5;SAO JOSE DO RIO PRETO;Avarias e/ou desgaste excessivo no pneu;Tombamento;Com Vítimas Feridas;Pleno dia;Crescente;Ensolarado;Dupla;Reta;Urbano;1;0;1;0
16651;591194;2024-04-01;segunda-feira;15:10:00;SP;381.0;86.4;SAO PAULO;Trafegar com motocicleta (ou similar) entre as faixas;Colisão lateral mesmo sentido;Com Vítimas Feridas;Pleno dia;Decrescente;Ensolarado;Múltipla;Reta;Urbano;0;0;2;0
16693;591242;2024-04-01;segunda-feira;18:30:00;SP;116.0;155.6;SAO JOSE DOS CAMPOS;Condutor deixou de manter distância do veículo da frente;Colisão traseira;Com Vítimas Feridas;Anoitecer;Decrescente;Ensolarado;Dupla;Declive;Urbano;0;0;2;0
16705;591257;2024-04-01;segunda-feira;20:10:00;SP;116.0;507.0;CAJATI;Velocidade Incompatível;Saída de leito carroçável;Com Vítimas Feridas;Plena Noite;Decrescente;Ensolarado;Dupla;"Curva;Declive";Rural;0;0;1;0
16720;591274;2024-04-01;segunda-feira;21:15:00;SP;116.0;315.0;ITAPECERICA DA SERRA;Frear bruscamente;Colisão com objeto;Com Vítimas Feridas;Plena Noite;Crescente;Ensolarado;Dupla;"Rotatória;Retorno Regulamentado";Rural;0;0;1;0
16749;591308;2024-04-02;terça-feira;06:50:00;SP;101.0;51.0;UBATUBA;Manobra de mudança de faixa;Colisão lateral mesmo sentido;Com Vítimas Feridas;Pleno dia;Crescente;Nublado;Simples;Reta;Urbano;0;0;2;0
16753;591312;2024-04-02;terça-feira;07:30:00;SP;116.0;65.0;GUARATINGUETA;Pista esburacada;Queda de ocupante de veículo;Com Vítimas Feridas;Pleno dia;Crescente;Nublado;Dupla;"Curva;Viaduto";Urbano;0;0;1;0
16757;591316;2024-04-02;terça-feira;04:00:00;SP;116.0;147.6;SAO JOSE DOS CAMPOS;Ausência de reação do condutor;Colisão com objeto;Sem Vítimas;Amanhecer;Crescente;Ensolarado;Dupla;Curva;Rural;0;0;1;0
16758;591317;2024-04-02;terça-feira;07:30:00;SP;116.0;48.9;CANAS;Condutor deixou de manter distância do veículo da frente;Colisão traseira;Com Vítimas Feridas;Pleno dia;Crescente;Ensolarado;Dupla;Reta;Rural;1;0;2;0
16799;591365;2024-04-02;terça-feira;11:19:00;SP;116.0;375.0;MIRACATU;Condutor Dormindo;Colisão lateral mesmo sentido;Com Vítimas Feridas;Pleno dia;Decrescente;Ensolarado;Dupla;Reta;Urbano;0;0;2;0
16815;591383;2024-04-02;terça-feira;14:00:00;SP;116.0;315.0;JUQUITIBA;Trafegar com motocicleta (ou similar) entre as faixas;Colisão lateral mesmo sentido;Com Vítimas Feridas;Pleno dia;Decrescente;Nublado;Dupla;"Reta;Declive";Urbano;0;0;2;0
16817;591385;2024-04-02;terça-feira;12:45:00;SP;101.0;48.0;UBATUBA;Trafegar com motocicleta (ou similar) entre as faixas;Colisão transversal;Com Vítimas Feridas;Pleno dia;Crescente;Nublado;Simples;Reta;Urbano;0;0;2;0
16820;591388;2024-03-15;sexta-feira;16:45:00;SP;116.0;211.0;GUARULHOS;Manobra de mudança de faixa;Colisão traseira;Com Vítimas Feridas;Pleno dia;Crescente;Ensolarado;Múltipla;Reta;Rural;0;0;2;0
16823;591391;2024-04-02;terça-feira;15:00:00;SP;116.0;349.0;MIRACATU;Ingestão de álcool pelo condutor;Colisão traseira;Sem Vítimas;Pleno dia;Decrescente;Ensolarado;Dupla;"Reta;Aclive";Urbano;0;0;2;0
16848;591421;2024-04-02;terça-feira;16:25:00;SP;116.0;322.0;JUQUITIBA;Manobra de mudança de faixa;Colisão lateral mesmo sentido;Com Vítimas Feridas;Pleno dia;Decrescente;Ensolarado;Dupla;Reta;Rural;1;0;2;0
16880;591459;2024-04-02;terça-feira;19:20:00;SP;153.0;272.0;OCAUCU;Reação tardia ou ineficiente do condutor;Colisão lateral sentido oposto;Sem Vítimas;Plena Noite;Decrescente;Nublado;Simples;Declive;Rural;0;0;2;0
16890;591470;2024-04-02;terça-feira;20:00:00;SP;116.0;561.0;BARRA DO TURVO;Reação tardia ou ineficiente do condutor;Colisão com objeto;Com Vítimas Feridas;Plena Noite;Crescente;Chuvoso;Simples;Curva;Rural;1;0;1;0
16896;591478;2024-04-02;terça-feira;21:50:00;SP;116.0;555.0;BARRA DO TURVO;Reação tardia ou ineficiente do condutor;Saída de leito carroçável;Com Vítimas Feridas;Plena Noite;Crescente;Nublado;Simples;Curva;Rural;0;0;1;0
16900;591482;2024-04-02;terça-feira;23:10:00;SP;116.0;228.8;SAO PAULO;Pedestre cruzava a pista fora da faixa;Atropelamento de Pedestre;Com Vítimas Feridas;Plena Noite;Decrescente;Ensolarado;Múltipla;"Reta;Aclive";Rural;0;0;1;1
16901;591483;2024-04-02;terça-feira;23:45:00;SP;153.0;105.0;JOSE BONIFACIO;Animais na Pista;Atropelamento de Animal;Sem Vítimas;Plena Noite;Crescente;Não Informado;Simples;Reta;Rural;0;0;1;0
16912;591497;2024-04-03;quarta-feira;02:00:00;SP;116.0;494.0;CAJATI;Reação tardia ou ineficiente do condutor;Capotamento;Com Vítimas Feridas;Pleno dia;Crescente;Nublado;Dupla;Reta;Rural;1;0;1;0
16913;591498;2024-04-03;quarta-feira;02:20:00;SP;381.0;88.0;GUARULHOS;Ausência de reação do condutor;Colisão lateral mesmo sentido;Sem Vítimas;Pleno dia;Crescente;Ensolarado;Dupla;Reta;Rural;0;0;2;0
16914;591500;2024-04-03;quarta-feira;01:40:00;SP;116.0;168.4;JACAREI;Reação tardia ou ineficiente do condutor;Colisão traseira;Com Vítimas Feridas;Plena Noite;Decrescente;Ensolarado;Múltipla;Reta;Rural;0;0;2;0
16919;591505;2024-04-03;quarta-feira;05:45:00;SP;116.0;309.0;SAO LOURENCO DA SERRA;Condutor Dormindo;Colisão traseira;Com Vítimas Feridas;Amanhecer;Decrescente;Ensolarado;Dupla;"Reta;Aclive";Rural;0;0;2;0
16935;591522;2024-04-03;quarta-feira;09:30:00;SP;381.0;77.0;SAO PAULO;Acessar a via sem observar a presença dos outros veículos;Queda de ocupante de veículo;Com Vítimas Feridas;Pleno dia;Decrescente;Ensolarado;Dupla;"Curva;Aclive";Rural;0;0;3;0
16949;591537;2024-04-03;quarta-feira;14:00:00;SP;116.0;114.0;TAUBATE;Reação tardia ou ineficiente do condutor;Colisão traseira;Com Vítimas Feridas;Pleno dia;Decrescente;Ensolarado;Dupla;Reta;Urbano;0;0;2;0
16974;591564;2024-04-03;quarta-feira;17:55:00;SP;116.0;35.0;CACHOEIRA PAULISTA;Reação tardia ou ineficiente do condutor;Queda de ocupante de veículo;Com Vítimas Feridas;Anoitecer;Crescente;Ensolarado;Dupla;Reta;Rural;0;0;1;0
17001;591593;2024-04-03;quarta-feira;11:10:00;SP;101.0;51.0;UBATUBA;Trafegar com motocicleta (ou similar) entre as faixas;Colisão transversal;Com Vítimas Feridas;Pleno dia;Crescente;Ensolarado;Simples;Reta;Urbano;1;0;2;0
17024;591616;2024-04-03;quarta-feira;19:50:00;SP;116.0;34.0;CACHOEIRA PAULISTA;Objeto estático sobre o leito carroçável;Queda de ocupante de veículo;Com Vítimas Feridas;Plena Noite;Crescente;Ensolarado;Dupla;"Curva;Aclive";Rural;1;0;1;0
17051;591646;2024-04-03;quarta-feira;22:50:00;SP;116.0;228.0;SAO PAULO;Demais falhas mecânicas ou elétricas;Incêndio;Sem Vítimas;Plena Noite;Crescente;Ensolarado;Múltipla;Reta;Urbano;0;0;1;0
17054;591649;2024-04-03;quarta-feira;21:15:00;SP;381.0;61.0;MAIRIPORA;Reação tardia ou ineficiente do condutor;Tombamento;Com Vítimas Feridas;Plena Noite;Crescente;Ensolarado;Dupla;"Curva;Declive";Rural;3;0;2;0
17056;591652;2024-04-03;quarta-feira;16:20:00;SP;381.0;18.0;BRAGANCA PAULISTA;Ausência de reação do condutor;Tombamento;Com Vítimas Feridas;Pleno dia;Crescente;Ensolarado;Simples;"Curva;Declive";Rural;1;0;1;0
17070;591667;2024-04-04;quinta-feira;00:05:00;SP;116.0;284.0;EMBU DAS ARTES;Manobra de mudança de faixa;Tombamento;Com Vítimas Feridas;Pleno dia;Decrescente;Ensolarado;Dupla;Reta;Urbano;0;0;1;0
17072;591669;2024-04-04;quinta-feira;05:00:00;SP;116.0;69.2;APARECIDA;Objeto estático sobre o leito carroçável;Colisão com objeto;Com Vítimas Feridas;Amanhecer;Crescente;Ensolarado;Dupla;Curva;Rural;0;0;1;0
17084;591682;2024-04-04;quinta-feira;06:45:00;SP;153.0;60.0;SAO JOSE DO RIO PRETO;Condutor deixou de manter distância do veículo da frente;Colisão traseira;Com Vítimas Feridas;Pleno dia;Crescente;Ensolarado;Dupla;Reta;Urbano;0;0;2;0
17093;591691;2024-04-04;quinta-feira;07:30:00;SP;153.0;53.0;SAO JOSE DO RIO PRETO;Acesso irregular;Saída de leito carroçável;Com Vítimas Feridas;Pleno dia;Crescente;Ensolarado;Simples;"Curva;Aclive";Rural;0;0;1;0
17123;591723;2024-04-04;quinta-feira;10:20:00;SP;116.0;389.0;MIRACATU;Ausência de reação do condutor;Queda de ocupante de veículo;Com Vítimas Feridas;Pleno dia;Decrescente;Ensolarado;Dupla;Reta;Rural;1;0;1;0
17151;591756;2024-04-04;quinta-feira;15:00:00;SP;116.0;231.0;SAO PAULO;Trafegar com motocicleta (ou similar) entre as faixas;Colisão lateral mesmo sentido;Com Vítimas Feridas;Pleno dia;Crescente;Ensolarado;Múltipla;Reta;Urbano;0;0;2;0
17155;591761;2024-03-21;quinta-feira;23:05:00;SP;116.0;422.0;REGISTRO;Objeto estático sobre o leito carroçável;Capotamento;Com Vítimas Feridas;Plena Noite;Decrescente;Chuvoso;Dupla;Curva;Rural;1;0;1;0
17179;591790;2024-04-04;quinta-feira;17:00:00;SP;116.0;322.8;JUQUITIBA;Ausência de reação do condutor;Capotamento;Com Vítimas Feridas;Pleno dia;Crescente;Ensolarado;Dupla;Reta;Urbano;0;0;1;0
17194;591808;2024-04-04;quinta-feira;18:00:00;SP;101.0;44.0;UBATUBA;Acessar a via sem observar a presença dos outros veículos;Colisão transversal;Com Vítimas Feridas;Plena Noite;Crescente;Ensolarado;Simples;Reta;Urbano;0;0;3;0
17202;591818;2024-04-04;quinta-feira;21:00:00;SP;116.0;228.7;SAO PAULO;Suicídio (presumido);Atropelamento de Pedestre;Com Vítimas Fatais;Plena Noite;Crescente;Nublado;Múltipla;Reta;Rural;0;0;1;1
17220;591842;2024-04-04;quinta-feira;22:45:00;SP;116.0;284.0;ITAPECERICA DA SERRA;Ausência de reação do condutor;Colisão lateral mesmo sentido;Com Vítimas Feridas;Pleno dia;Crescente;Ensolarado;Dupla;Reta;Urbano;2;0;2;0
17225;591847;2024-04-05;sexta-feira;02:40:00;SP;116.0;224.9;GUARULHOS;Manobra de mudança de faixa;Colisão lateral mesmo sentido;Com Vítimas Feridas;Plena Noite;Crescente;Nublado;Múltipla;"Reta;Aclive";Urbano;0;0;2;0
17226;591848;2024-04-05;sexta-feira;02:40:00;SP;116.0;513.0;CAJATI;Reação tardia ou ineficiente do condutor;Colisão com objeto;Com Vítimas Feridas;Plena Noite;Decrescente;Chuvoso;Dupla;Curva;Rural;0;0;1;0
17230;591853;2024-04-05;sexta-feira;04:30:00;SP;116.0;214.0;GUARULHOS;Entrada inopinada do pedestre;Atropelamento de Pedestre;Com Vítimas Feridas;Plena Noite;Decrescente;Nublado;Múltipla;Reta;Urbano;0;0;1;1
17240;591864;2024-04-05;sexta-feira;06:35:00;SP;116.0;115.0;TAUBATE;Reação tardia ou ineficiente do condutor;Colisão com objeto;Com Vítimas Feridas;Amanhecer;Decrescente;Ensolarado;Dupla;Reta;Urbano;0;0;1;0
17259;591885;2024-04-05;sexta-feira;09:00:00;SP;116.0;228.9;GUARULHOS;Ausência de reação do condutor;Colisão traseira;Com Vítimas Feridas;Pleno dia;Crescente;Ensolarado;Múltipla;Reta;Urbano;0;0;2;0
17267;591893;2024-04-05;sexta-feira;07:50:00;SP;116.0;1.0;GUARULHOS;Condutor deixou de manter distância do veículo da frente;Colisão traseira;Com Vítimas Feridas;Pleno dia;Decrescente;Ensolarado;Dupla;Reta;Urbano;0;0;2;0
17276;591903;2024-04-05;sexta-feira;10:30:00;SP;116.0;103.4;TAUBATE;Objeto estático sobre o leito carroçável;Colisão com objeto;Com Vítimas Feridas;Pleno dia;Decrescente;Ensolarado;Dupla;"Reta;Declive";Rural;1;0;1;0
17281;591908;2024-04-04;quinta-feira;15:00:00;SP;153.0;216.9;MARILIA;Ausência de reação do condutor;Colisão traseira;Sem Vítimas;Pleno dia;Crescente;Ensolarado;Simples;Reta;Rural;0;0;2;0
17298;591925;2024-04-05;sexta-feira;13:50:00;SP;153.0;30.0;NOVA GRANADA;Acessar a via sem observar a presença dos outros veículos;Colisão transversal;Com Vítimas Feridas;Pleno dia;Decrescente;Ensolarado;Simples;"Rotatória;Reta";Urbano;1;0;2;0
17319;591947;2024-04-05;sexta-feira;12:00:00;SP;116.0;223.0;GUARULHOS;Trafegar com motocicleta (ou similar) entre as faixas;Engavetamento;Com Vítimas Feridas;Pleno dia;Decrescente;Ensolarado;Múltipla;Reta;Urbano;0;0;4;0
17339;591968;2024-04-05;sexta-feira;18:30:00;SP;116.0;209.0;GUARULHOS;Objeto estático sobre o leito carroçável;Eventos atípicos;Com Vítimas Feridas;Plena Noite;Decrescente;Ensolarado;Múltipla;Reta;Urbano;0;0;1;0
17348;591978;2024-04-05;sexta-feira;19:00:00;SP;116.0;215.6;GUARULHOS;Manobra de mudança de faixa;Colisão lateral mesmo sentido;Com Vítimas Feridas;Plena Noite;Decrescente;Nublado;Múltipla;"Reta;Declive";Urbano;0;0;2;0
17381;592015;2024-04-05;sexta-feira;21:05:00;SP;153.0;49.9;SAO JOSE DO RIO PRETO;Acessar a via sem observar a presença dos outros veículos;Colisão transversal;Com Vítimas Fatais;Plena Noite;Crescente;Ensolarado;Simples;Reta;Rural;1;0;2;0
17406;592040;2024-04-05;sexta-feira;23:15:00;SP;116.0;101.5;PINDAMONHANGABA;Ausência de reação do condutor;Colisão traseira;Com Vítimas Feridas;Plena Noite;Decrescente;Ensolarado;Dupla;"Reta;Aclive";Rural;0;0;3;0
17411;592045;2024-04-05;sexta-feira;23:30:00;SP;381.0;1.6;VARGEM;Estacionar ou parar em local proibido;Engavetamento;Com Vítimas Feridas;Plena Noite;Crescente;Ensolarado;Múltipla;Reta;Rural;0;0;4;0
17413;592047;2024-04-06;sábado;00:07:00;SP;381.0;71.0;SAO PAULO;Manobra de mudança de faixa;Colisão traseira;Com Vítimas Feridas;Plena Noite;Decrescente;Ensolarado;Múltipla;"Reta;Aclive";Rural;0;0;2;0
17463;592100;2024-04-06;sábado;07:10:00;SP;153.0;60.9;SAO JOSE DO RIO PRETO;Ausência de reação do condutor;Colisão lateral mesmo sentido;Com Vítimas Feridas;Pleno dia;Crescente;Nublado;Dupla;Declive;Rural;1;0;2;0
17475;592112;2024-04-06;sábado;08:50:00;SP;116.0;208.0;GUARULHOS;Reação tardia ou ineficiente do condutor;Engavetamento;Com Vítimas Feridas;Pleno dia;Crescente;Ensolarado;Dupla;Reta;Urbano;0;0;3;0
17486;592125;2024-04-06;sábado;10:00:00;SP;116.0;228.0;SAO PAULO;Ausência de reação do condutor;Colisão traseira;Com Vítimas Feridas;Pleno dia;Crescente;Nublado;Múltipla;Reta;Urbano;0;0;2;0
17495;592134;2024-04-06;sábado;11:50:00;SP;116.0;147.5;SAO JOSE DOS CAMPOS;Manobra de mudança de faixa;Colisão lateral mesmo sentido;Com Vítimas Feridas;Pleno dia;Crescente;Ensolarado;Dupla;Reta;Rural;1;0;2;0
17500;592139;2024-02-06;terça-feira;08:55:00;SP;116.0;222.0;GUARULHOS;Condutor deixou de manter distância do veículo da frente;Colisão lateral mesmo sentido;Com Vítimas Feridas;Pleno dia;Crescente;Ensolarado;Múltipla;Reta;Urbano;1;0;2;0
17529;592170;2024-04-06;sábado;15:30:00;SP;116.0;209.0;GUARULHOS;Acessar a via sem observar a presença dos outros veículos;Colisão lateral mesmo sentido;Com Vítimas Feridas;Pleno dia;Crescente;Ensolarado;Múltipla;"Reta;Em Obras;Interseção de Vias";Urbano;1;0;2;0
17533;592175;2024-04-06;sábado;15:40:00;SP;381.0;70.0;MAIRIPORA;Ausência de reação do condutor;Saída de leito carroçável;Com Vítimas Feridas;Pleno dia;Decrescente;Ensolarado;Dupla;"Curva;Declive";Urbano;0;0;1;0
17559;592203;2024-04-06;sábado;17:25:00;SP;116.0;155.0;SAO JOSE DOS CAMPOS;Reação tardia ou ineficiente do condutor;Colisão transversal;Com Vítimas Feridas;Pleno dia;Crescente;Ensolarado;Dupla;Reta;Rural;5;0;3;0
17626;592276;2024-04-06;sábado;20:45:00;SP;381.0;88.0;GUARULHOS;Reação tardia ou ineficiente do condutor;Colisão lateral mesmo sentido;Com Vítimas Feridas;Plena Noite;Crescente;Chuvoso;Múltipla;Reta;Urbano;0;0;2;0
17635;592286;2024-04-06;sábado;15:00:00;SP;116.0;281.0;EMBU DAS ARTES;Condutor deixou de manter distância do veículo da frente;Colisão lateral mesmo sentido;Com Vítimas Feridas;Pleno dia;Crescente;Nublado;Dupla;Reta;Rural;1;0;2;0
17648;592302;2024-04-07;domingo;00:02:00;SP;116.0;225.5;GUARULHOS;Reação tardia ou ineficiente do condutor;Colisão lateral mesmo sentido;Sem Vítimas;Plena Noite;Decrescente;Ensolarado;Dupla;Reta;Urbano;0;0;2;0
17654;592309;2024-04-07;domingo;00:55:00;SP;116.0;212.0;GUARULHOS;Suicídio (presumido);Atropelamento de Pedestre;Com Vítimas Fatais;Plena Noite;Crescente;Não Informado;Múltipla;"Reta;Declive";Urbano;0;0;1;1
17687;592344;2024-04-07;domingo;04:30:00;SP;116.0;119.0;TAUBATE;Reação tardia ou ineficiente do condutor;Engavetamento;Com Vítimas Feridas;Amanhecer;Decrescente;Ensolarado;Dupla;"Reta;Declive";Rural;1;0;6;0
17696;592353;2024-04-07;domingo;06:20:00;SP;116.0;520.8;CAJATI;Reação tardia ou ineficiente do condutor;Capotamento;Com Vítimas Feridas;Amanhecer;Decrescente;Nublado;Simples;Curva;Rural;1;0;1;0
17700;592357;2024-04-07;domingo;06:45:00;SP;116.0;197.0;ARUJA;Reação tardia ou ineficiente do condutor;Capotamento;Com Vítimas Feridas;Amanhecer;Decrescente;Nublado;Dupla;Reta;Rural;0;0;1;0
17751;592411;2024-04-07;domingo;11:40:00;SP;381.0;84.0;SAO PAULO;Condutor Dormindo;Colisão traseira;Com Vítimas Fatais;Pleno dia;Crescente;Ensolarado;Múltipla;Reta;Urbano;0;0;2;0
17764;592427;2024-04-07;domingo;14:05:00;SP;116.0;204.0;ARUJA;Manobra de mudança de faixa;Colisão traseira;Com Vítimas Feridas;Pleno dia;Crescente;Nublado;Dupla;"Reta;Declive";Urbano;1;0;2;0
17770;592433;2024-04-07;domingo;15:15:00;SP;381.0;58.0;MAIRIPORA;Reação tardia ou ineficiente do condutor;Engavetamento;Sem Vítimas;Pleno dia;Crescente;Ensolarado;Dupla;Reta;Rural;7;0;3;0
17780;592444;2024-04-07;domingo;15:00:00;SP;116.0;505.0;CAJATI;Reação tardia ou ineficiente do condutor;Saída de leito carroçável;Com Vítimas Feridas;Pleno dia;Decrescente;Chuvoso;Dupla;"Curva;Declive";Rural;1;0;1;0
17798;592466;2024-04-07;domingo;18:05:00;SP;116.0;209.0;GUARULHOS;Manobra de mudança de faixa;Colisão lateral mesmo sentido;Com Vítimas Feridas;Plena Noite;Crescente;Vento;Múltipla;Aclive;Urbano;0;0;2;0
17806;592474;2024-04-07;domingo;18:10:00;SP;116.0;163.9;JACAREI;Ausência de reação do condutor;Colisão traseira;Com Vítimas Feridas;Plena Noite;Crescente;Ensolarado;Dupla;Reta;Rural;0;0;2;0
17812;592480;2024-04-07;domingo;18:25:00;SP;381.0;36.0;ATIBAIA;Ingestão de álcool pelo condutor;Colisão com objeto;Com Vítimas Feridas;Plena Noite;Decrescente;Ensolarado;Dupla;Reta;Rural;0;0;1;0
17817;592485;2024-04-07;domingo;18:30:00;SP;116.0;516.0;CAJATI;Reação tardia ou ineficiente do condutor;Queda de ocupante de veículo;Com Vítimas Feridas;Anoitecer;Decrescente;Chuvoso;Simples;"Curva;Declive";Rural;1;0;1;0
17823;592492;2024-04-07;domingo;19:30:00;SP;116.0;77.2;ROSEIRA;Ingestão de álcool pelo condutor;Saída de leito carroçável;Com Vítimas Feridas;Plena Noite;Crescente;Ensolarado;Dupla;Reta;Rural;0;0;1;0
17854;592524;2024-04-07;domingo;21:00:00;SP;381.0;33.0;ATIBAIA;Manobra de mudança de faixa;Queda de ocupante de veículo;Com Vítimas Feridas;Plena Noite;Decrescente;Ensolarado;Dupla;Reta;Rural;1;0;1;0
17930;592613;2024-04-08;segunda-feira;09:40:00;SP;116.0;168.3;JACAREI;Pedestre cruzava a pista fora da faixa;Atropelamento de Pedestre;Com Vítimas Fatais;Pleno dia;Decrescente;Ensolarado;Dupla;Reta;Rural;0;0;2;0