;Identificador do acidente;Data;Dia da semana;Horário;Estado;BR;km;Município;Causa do acidente;Tipo do acidente;Gravidade do acidente;Fase do dia;Sentido da via;Condição do tempo;Tipo de pista;Traçado da via;uso_solo;Número de passageiros;Número de cavaleiro;Número de condutor;Número de pedestre
17972;592658;2024-04-08;segunda-feira;14:15:00;SP;116.0;220.0;GUARULHOS;Reação tardia ou ineficiente do condutor;Colisão traseira;Com Vítimas Feridas;Pleno dia;Decrescente;Ensolarado;Múltipla;Reta;Urbano;0;0;2;0
17990;592680;2024-04-08;segunda-feira;14:00:00;SP;116.0;339.0;MIRACATU;Ausência de reação do condutor;Colisão com objeto;Com Vítimas Feridas;Pleno dia;Crescente;Ensolarado;Dupla;Curva;Rural;0;0;2;0
17997;592688;2024-04-08;segunda-feira;15:20:00;SP;116.0;489.0;CAJATI;Desrespeitar a preferência no cruzamento;Colisão transversal;Com Vítimas Feridas;Pleno dia;Decrescente;Nublado;Simples;Interseção de Vias;Urbano;0;0;2;0
18007;592698;2024-04-08;segunda-feira;17:50:00;SP;116.0;212.0;GUARULHOS;Reação tardia ou ineficiente do condutor;Colisão traseira;Com Vítimas Feridas;Plena Noite;Decrescente;Chuvoso;Múltipla;"Reta;Declive";Urbano;1;0;3;0
18012;592704;2024-04-08;segunda-feira;16:37:00;SP;116.0;332.0;JUQUITIBA;Ausência de reação do condutor;Colisão traseira;Com Vítimas Feridas;Pleno dia;Crescente;Ensolarado;Dupla;Reta;Rural;0;0;2;0
18019;592712;2024-04-08;segunda-feira;17:25:00;SP;381.0;63.0;MAIRIPORA;Reação tardia ou ineficiente do condutor;Colisão com objeto;Com Vítimas Feridas;Anoitecer;Crescente;Chuvoso;Dupla;"Reta;Declive";Urbano;0;0;1;0
18034;592728;2024-04-08;segunda-feira;19:10:00;SP;116.0;151.0;SAO JOSE DOS CAMPOS;Condutor deixou de manter distância do veículo da frente;Colisão traseira;Com Vítimas Feridas;Plena Noite;Decrescente;Nublado;Dupla;Reta;Urbano;0;0;2;0
18068;592765;2024-04-08;segunda-feira;22:10:00;SP;116.0;155.4;SAO JOSE DOS CAMPOS;Reação tardia ou ineficiente do condutor;Colisão traseira;Com Vítimas Feridas;Plena Noite;Crescente;Ensolarado;Dupla;Reta;Urbano;0;0;2;0
18096;592799;2024-04-09;terça-feira;06:00:00;SP;116.0;227.0;GUARULHOS;Manobra de mudança de faixa;Tombamento;Com Vítimas Feridas;Amanhecer;Crescente;Ensolarado;Múltipla;Reta;Urbano;0;0;2;0
18110;592814;2024-04-09;terça-feira;07:00:00;SP;116.0;228.0;SAO PAULO;Manobra de mudança de faixa;Colisão lateral mesmo sentido;Com Vítimas Feridas;Pleno dia;Crescente;Ensolarado;Múltipla;"Reta;Aclive";Rural;1;0;2;0
18112;592817;2024-04-09;terça-feira;08:10:00;SP;116.0;211.0;GUARULHOS;Manobra de mudança de faixa;Colisão traseira;Com Vítimas Feridas;Pleno dia;Crescente;Ensolarado;Múltipla;"Reta;Em Obras";Urbano;1;0;2;0
18120;592825;2024-04-09;terça-feira;07:20:00;SP;116.0;148.6;SAO JOSE DOS CAMPOS;Ausência de reação do condutor;Tombamento;Com Vítimas Feridas;Pleno dia;Decrescente;Ensolarado;Dupla;Reta;Rural;0;0;1;0
18135;592842;2024-04-09;terça-feira;10:00:00;SP;116.0;220.5;GUARULHOS;Ausência de reação do condutor;Colisão traseira;Com Vítimas Feridas;Pleno dia;Crescente;Ensolarado;Múltipla;Reta;Urbano;0;0;2;0
18145;592852;2024-04-09;terça-feira;10:20:00;SP;116.0;213.0;GUARULHOS;Trafegar com motocicleta (ou similar) entre as faixas;Colisão traseira;Com Vítimas Feridas;Pleno dia;Decrescente;Ensolarado;Múltipla;Reta;Urbano;0;0;2;0
18155;592864;2024-04-09;terça-feira;11:30:00;SP;116.0;28.9;CRUZEIRO;Manobra de mudança de faixa;Colisão lateral mesmo sentido;Com Vítimas Feridas;Pleno dia;Decrescente;Ensolarado;Dupla;Declive;Rural;0;0;2;0
18170;592881;2024-04-09;terça-feira;14:20:00;SP;116.0;6.0;QUELUZ;Reação tardia ou ineficiente do condutor;Capotamento;Com Vítimas Feridas;Pleno dia;Crescente;Ensolarado;Dupla;Reta;Rural;0;0;1;0
18175;592887;2024-04-09;terça-feira;15:00:00;SP;381.0;68.0;MAIRIPORA;Trafegar com motocicleta (ou similar) entre as faixas;Colisão lateral mesmo sentido;Com Vítimas Feridas;Pleno dia;Crescente;Ensolarado;Dupla;"Reta;Aclive";Rural;0;0;1;0
18185;592897;2024-04-09;terça-feira;14:33:00;SP;381.0;24.5;BRAGANCA PAULISTA;Demais falhas mecânicas ou elétricas;Incêndio;Sem Vítimas;Pleno dia;Decrescente;Ensolarado;Dupla;Curva;Rural;0;0;1;0
18186;592898;2024-04-09;terça-feira;15:20:00;SP;116.0;406.0;MIRACATU;Estacionar ou parar em local proibido;Incêndio;Sem Vítimas;Pleno dia;Decrescente;Ensolarado;Dupla;Reta;Rural;0;0;1;0
18190;592902;2024-04-09;terça-feira;14:00:00;SP;116.0;315.0;SAO LOURENCO DA SERRA;Carga excessiva e/ou mal acondicionada;Eventos atípicos;Sem Vítimas;Pleno dia;Crescente;Ensolarado;Dupla;Reta;Rural;0;0;2;0
18198;592912;2024-04-09;terça-feira;17:00:00;SP;381.0;35.0;ATIBAIA;Reação tardia ou ineficiente do condutor;Colisão traseira;Com Vítimas Feridas;Pleno dia;Decrescente;Ensolarado;Dupla;"Curva;Declive";Rural;0;0;2;0
18202;592917;2024-04-09;terça-feira;17:15:00;SP;116.0;315.0;SAO LOURENCO DA SERRA;Reação tardia ou ineficiente do condutor;Queda de ocupante de veículo;Com Vítimas Feridas;Plena Noite;Crescente;Nublado;Dupla;Reta;Urbano;0;0;1;0
18218;592935;2024-04-09;terça-feira;18:30:00;SP;116.0;222.0;GUARULHOS;Ausência de sinalização;Capotamento;Com Vítimas Feridas;Plena Noite;Decrescente;Ensolarado;Múltipla;Reta;Urbano;0;0;1;0
18240;592957;2024-04-09;terça-feira;21:00:00;SP;116.0;223.8;GUARULHOS;Manobra de mudança de faixa;Colisão traseira;Com Vítimas Feridas;Plena Noite;Crescente;Nublado;Múltipla;Reta;Urbano;0;0;2;0
18242;592959;2024-04-09;terça-feira;19:30:00;SP;116.0;513.0;CAJATI;Reação tardia ou ineficiente do condutor;Colisão lateral mesmo sentido;Com Vítimas Feridas;Plena Noite;Decrescente;Nevoeiro/Neblina;Dupla;"Curva;Declive";Rural;0;0;2;0
18266;592986;2024-04-10;quarta-feira;01:10:00;SP;116.0;449.0;REGISTRO;Estacionar ou parar em local proibido;Colisão traseira;Com Vítimas Fatais;Plena Noite;Crescente;Não Informado;Dupla;Reta;Urbano;0;0;2;0
18275;592997;2024-04-10;quarta-feira;04:25:00;SP;381.0;82.0;SAO PAULO;Ausência de reação do condutor;Colisão com objeto;Com Vítimas Feridas;Plena Noite;Decrescente;Nublado;Dupla;Reta;Rural;0;0;1;0
18280;593003;2024-04-10;quarta-feira;05:50:00;SP;116.0;17.8;LAVRINHAS;Condutor Dormindo;Colisão com objeto;Com Vítimas Feridas;Amanhecer;Crescente;Nublado;Dupla;Reta;Rural;0;0;1;0
18282;593005;2024-04-10;quarta-feira;05:35:00;SP;116.0;353.8;MIRACATU;Avarias e/ou desgaste excessivo no pneu;Queda de ocupante de veículo;Com Vítimas Feridas;Amanhecer;Crescente;Nublado;Dupla;Curva;Rural;1;0;1;0
18284;593008;2024-03-15;sexta-feira;23:29:00;SP;381.0;90.0;GUARULHOS;Reação tardia ou ineficiente do condutor;Colisão lateral mesmo sentido;Sem Vítimas;Plena Noite;Crescente;Ensolarado;Dupla;Reta;Urbano;0;0;2;0
18287;593012;2024-04-10;quarta-feira;05:00:00;SP;116.0;212.0;GUARULHOS;Pedestre andava na pista;Atropelamento de Pedestre;Com Vítimas Fatais;Amanhecer;Decrescente;Ensolarado;Múltipla;Reta;Urbano;0;0;1;1
18301;593028;2024-04-10;quarta-feira;08:07:00;SP;153.0;60.1;SAO JOSE DO RIO PRETO;Reação tardia ou ineficiente do condutor;Colisão traseira;Com Vítimas Feridas;Pleno dia;Crescente;Ensolarado;Dupla;Reta;Urbano;0;0;2;0
18306;593033;2024-04-10;quarta-feira;07:30:00;SP;116.0;316.0;SAO LOURENCO DA SERRA;Manobra de mudança de faixa;Colisão lateral mesmo sentido;Com Vítimas Feridas;Pleno dia;Decrescente;Ensolarado;Dupla;Curva;Rural;0;0;2;0
18320;593047;2024-04-10;quarta-feira;09:20:00;SP;153.0;72.0;SAO JOSE DO RIO PRETO;Demais falhas mecânicas ou elétricas;Colisão com objeto;Com Vítimas Feridas;Pleno dia;Decrescente;Ensolarado;Simples;"Reta;Aclive";Rural;0;0;2;0
18346;593078;2024-04-10;quarta-feira;13:03:00;SP;116.0;322.0;JUQUITIBA;Demais falhas mecânicas ou elétricas;Queda de ocupante de veículo;Com Vítimas Feridas;Pleno dia;Decrescente;Ensolarado;Dupla;Reta;Urbano;1;0;1;0
18351;593084;2024-04-10;quarta-feira;10:50:00;SP;116.0;565.0;BARRA DO TURVO;Ausência de reação do condutor;Saída de leito carroçável;Com Vítimas Feridas;Pleno dia;Decrescente;Ensolarado;Simples;"Curva;Aclive";Rural;1;0;1;0
18360;593096;2024-04-10;quarta-feira;15:25:00;SP;116.0;196.0;ARUJA;Reação tardia ou ineficiente do condutor;Engavetamento;Com Vítimas Feridas;Pleno dia;Decrescente;Ensolarado;Dupla;Reta;Rural;0;0;3;0
18369;593107;2024-04-10;quarta-feira;08:40:00;SP;381.0;68.0;MAIRIPORA;Manobra de mudança de faixa;Colisão traseira;Com Vítimas Feridas;Pleno dia;Decrescente;Ensolarado;Múltipla;"Curva;Declive";Urbano;0;0;2;0
18383;593122;2024-04-10;quarta-feira;17:00:00;SP;116.0;205.0;ARUJA;Condutor deixou de manter distância do veículo da frente;Colisão traseira;Com Vítimas Feridas;Anoitecer;Crescente;Ensolarado;Múltipla;Reta;Urbano;0;0;2;0
18392;593131;2024-04-10;quarta-feira;18:00:00;SP;116.0;224.0;GUARULHOS;Demais falhas mecânicas ou elétricas;Queda de ocupante de veículo;Com Vítimas Feridas;Anoitecer;Crescente;Ensolarado;Dupla;Reta;Urbano;0;0;1;0
18396;593135;2024-04-10;quarta-feira;18:25:00;SP;153.0;51.1;SAO JOSE DO RIO PRETO;Condutor deixou de manter distância do veículo da frente;Colisão traseira;Com Vítimas Feridas;Plena Noite;Decrescente;Nublado;Simples;"Reta;Aclive";Urbano;0;0;1;0
18405;593145;2024-04-10;quarta-feira;18:40:00;SP;116.0;217.0;GUARULHOS;Reação tardia ou ineficiente do condutor;Colisão lateral mesmo sentido;Com Vítimas Feridas;Plena Noite;Crescente;Vento;Múltipla;"Reta;Aclive";Urbano;0;0;3;0
18425;593167;2024-04-10;quarta-feira;17:40:00;SP;116.0;34.0;CRUZEIRO;Curva acentuada;Saída de leito carroçável;Com Vítimas Feridas;Anoitecer;Crescente;Nublado;Dupla;"Viaduto;Curva;Ponte;Interseção de Vias";Rural;0;0;1;0
18460;593204;2024-04-11;quinta-feira;03:35:00;SP;116.0;415.1;JUQUIA;Ausência de reação do condutor;Saída de leito carroçável;Com Vítimas Feridas;Plena Noite;Decrescente;Nublado;Múltipla;Reta;Rural;0;0;1;0
18462;593206;2024-04-11;quinta-feira;03:45:00;SP;116.0;39.4;CACHOEIRA PAULISTA;Ausência de reação do condutor;Tombamento;Com Vítimas Feridas;Plena Noite;Decrescente;Ensolarado;Dupla;Reta;Rural;0;0;1;0
18489;593235;2024-04-11;quinta-feira;08:00:00;SP;116.0;145.0;SAO JOSE DOS CAMPOS;Manobra de mudança de faixa;Colisão lateral mesmo sentido;Com Vítimas Feridas;Pleno dia;Crescente;Ensolarado;Múltipla;Reta;Urbano;1;0;2;0
18498;593246;2024-03-30;sábado;19:30:00;SP;101.0;47.0;UBATUBA;Ausência de reação do condutor;Colisão traseira;Sem Vítimas;Plena Noite;Decrescente;Nublado;Simples;Reta;Urbano;0;0;2;0
18504;593253;2024-04-11;quinta-feira;09:08:00;SP;116.0;113.7;TAUBATE;Avarias e/ou desgaste excessivo no pneu;Tombamento;Com Vítimas Feridas;Pleno dia;Crescente;Ensolarado;Dupla;Reta;Urbano;1;0;1;0
18537;593289;2024-04-11;quinta-feira;14:05:00;SP;116.0;451.0;REGISTRO;Demais falhas na via;Eventos atípicos;Sem Vítimas;Pleno dia;Crescente;Ensolarado;Dupla;Reta;Urbano;0;0;1;0
18575;593333;2024-04-11;quinta-feira;18:30:00;SP;116.0;223.0;GUARULHOS;Reação tardia ou ineficiente do condutor;Colisão lateral mesmo sentido;Com Vítimas Feridas;Pleno dia;Decrescente;Ensolarado;Dupla;Reta;Rural;0;0;2;0
18603;593364;2024-04-11;quinta-feira;22:15:00;SP;116.0;231.0;SAO PAULO;Reação tardia ou ineficiente do condutor;Colisão lateral mesmo sentido;Com Vítimas Feridas;Pleno dia;Decrescente;Ensolarado;Múltipla;Reta;Urbano;0;0;2;0
18620;593381;2024-04-12;sexta-feira;03:30:00;SP;116.0;30.0;CRUZEIRO;Condutor Dormindo;Colisão traseira;Com Vítimas Feridas;Plena Noite;Decrescente;Nublado;Dupla;"Reta;Declive";Rural;0;0;2;0
18640;593403;2024-04-12;sexta-feira;07:10:00;SP;116.0;160.7;JACAREI;Ultrapassagem Indevida;Colisão lateral mesmo sentido;Com Vítimas Feridas;Pleno dia;Decrescente;Ensolarado;Múltipla;Reta;Urbano;0;0;2;0
18664;593431;2024-03-31;domingo;10:50:00;SP;381.0;4.0;VARGEM;Falta de elemento de contenção que evite a saída do leito carroçável;Saída de leito carroçável;Com Vítimas Feridas;Pleno dia;Crescente;Ensolarado;Dupla;Reta;Rural;2;0;1;0
18689;593457;2024-04-12;sexta-feira;13:00:00;SP;116.0;222.5;GUARULHOS;Manobra de mudança de faixa;Colisão lateral mesmo sentido;Com Vítimas Feridas;Pleno dia;Crescente;Ensolarado;Múltipla;Reta;Urbano;0;0;2;0
18708;593478;2024-04-12;sexta-feira;14:00:00;SP;153.0;58.5;SAO JOSE DO RIO PRETO;Objeto estático sobre o leito carroçável;Colisão com objeto;Com Vítimas Feridas;Pleno dia;Decrescente;Ensolarado;Dupla;"Reta;Declive";Urbano;0;0;1;0
18722;593493;2024-04-12;sexta-feira;16:00:00;SP;116.0;208.0;GUARULHOS;Ausência de reação do condutor;Queda de ocupante de veículo;Com Vítimas Feridas;Pleno dia;Decrescente;Ensolarado;Múltipla;Reta;Urbano;1;0;1;0
18727;593502;2024-04-12;sexta-feira;15:30:00;SP;116.0;283.7;EMBU DAS ARTES;Manobra de mudança de faixa;Colisão lateral mesmo sentido;Com Vítimas Feridas;Pleno dia;Crescente;Ensolarado;Dupla;Reta;Urbano;1;0;2;0
18747;593523;2024-04-12;sexta-feira;16:55:00;SP;116.0;315.0;JUQUITIBA;Condutor deixou de manter distância do veículo da frente;Colisão traseira;Com Vítimas Feridas;Pleno dia;Crescente;Ensolarado;Dupla;Reta;Urbano;1;0;2;0
18751;593527;2024-04-12;sexta-feira;17:55:00;SP;116.0;446.0;REGISTRO;Reação tardia ou ineficiente do condutor;Colisão traseira;Com Vítimas Feridas;Anoitecer;Decrescente;Nublado;Dupla;Reta;Urbano;0;0;2;0
18794;593574;2024-04-12;sexta-feira;20:15:00;SP;116.0;107.0;TAUBATE;Entrada inopinada do pedestre;Atropelamento de Pedestre;Com Vítimas Feridas;Plena Noite;Decrescente;Ensolarado;Dupla;Reta;Urbano;0;0;3;1
18805;593585;2024-04-12;sexta-feira;19:30:00;SP;153.0;60.0;SAO JOSE DO RIO PRETO;Reação tardia ou ineficiente do condutor;Saída de leito carroçável;Sem Vítimas;Plena Noite;Crescente;Chuvoso;Dupla;Reta;Urbano;0;0;1;0
18847;593633;2024-04-13;sábado;03:55:00;SP;116.0;206.0;GUARULHOS;Ausência de reação do condutor;Colisão com objeto;Com Vítimas Feridas;Plena Noite;Crescente;Ensolarado;Múltipla;Reta;Urbano;0;0;1;0
18849;593635;2024-04-13;sábado;03:50:00;SP;381.0;55.5;MAIRIPORA;Reação tardia ou ineficiente do condutor;Queda de ocupante de veículo;Com Vítimas Feridas;Plena Noite;Crescente;Ensolarado;Dupla;Reta;Urbano;0;0;1;0
18910;593704;2024-04-13;sábado;11:55:00;SP;116.0;219.0;GUARULHOS;Trafegar com motocicleta (ou similar) entre as faixas;Colisão traseira;Com Vítimas Feridas;Pleno dia;Crescente;Nublado;Múltipla;Reta;Urbano;1;0;2;0
18924;593720;2024-04-13;sábado;12:10:00;SP;116.0;112.3;TAUBATE;Acessar a via sem observar a presença dos outros veículos;Colisão traseira;Com Vítimas Feridas;Pleno dia;Crescente;Ensolarado;Dupla;Interseção de Vias;Urbano;2;0;2;0
18953;593751;2024-04-13;sábado;17:00:00;SP;116.0;180.0;GUARAREMA;Reação tardia ou ineficiente do condutor;Queda de ocupante de veículo;Com Vítimas Feridas;Pleno dia;Crescente;Ensolarado;Dupla;Reta;Rural;0;0;1;0
19026;593831;2024-04-14;domingo;02:45:00;SP;116.0;184.0;SANTA ISABEL;Reação tardia ou ineficiente do condutor;Queda de ocupante de veículo;Com Vítimas Feridas;Plena Noite;Crescente;Ensolarado;Dupla;Reta;Urbano;0;0;2;0
19058;593867;2024-04-14;domingo;05:00:00;SP;116.0;86.0;PINDAMONHANGABA;Condutor Dormindo;Colisão com objeto;Com Vítimas Feridas;Amanhecer;Decrescente;Nublado;Dupla;Reta;Urbano;0;0;1;0
19078;593892;2024-04-14;domingo;07:20:00;SP;116.0;228.0;SAO PAULO;Condutor deixou de manter distância do veículo da frente;Colisão traseira;Com Vítimas Feridas;Pleno dia;Crescente;Ensolarado;Múltipla;Reta;Urbano;2;0;2;0
19079;593893;2024-04-06;sábado;15:47:00;SP;153.0;264.2;MARILIA;Demais falhas mecânicas ou elétricas;Incêndio;Sem Vítimas;Pleno dia;Decrescente;Ensolarado;Simples;Aclive;Urbano;0;0;1;0
19102;593917;2024-04-14;domingo;11:00:00;SP;116.0;219.0;GUARULHOS;Ausência de reação do condutor;Colisão transversal;Com Vítimas Feridas;Pleno dia;Crescente;Ensolarado;Simples;Curva;Urbano;4;0;2;0
19110;593925;2024-03-26;terça-feira;07:00:00;SP;381.0;66.0;MAIRIPORA;Ausência de reação do condutor;Colisão lateral mesmo sentido;Com Vítimas Feridas;Pleno dia;Decrescente;Chuvoso;Dupla;Reta;Urbano;0;0;2;0
19112;593927;2024-04-14;domingo;12:15:00;SP;116.0;215.7;GUARULHOS;Reação tardia ou ineficiente do condutor;Colisão lateral mesmo sentido;Com Vítimas Feridas;Pleno dia;Crescente;Nublado;Múltipla;Reta;Urbano;0;0;1;0
19113;593928;2024-04-14;domingo;10:40:00;SP;116.0;463.0;PARIQUERA-ACU;Chuva;Saída de leito carroçável;Com Vítimas Feridas;Pleno dia;Decrescente;Chuvoso;Dupla;Reta;Rural;0;0;1;0
19136;593951;2024-04-14;domingo;15:30:00;SP;116.0;223.0;GUARULHOS;Ausência de reação do condutor;Colisão traseira;Com Vítimas Feridas;Pleno dia;Crescente;Nublado;Múltipla;Reta;Urbano;0;0;2;0
19140;593957;2024-04-14;domingo;16:00:00;SP;381.0;86.0;SAO PAULO;Reação tardia ou ineficiente do condutor;Colisão traseira;Com Vítimas Feridas;Pleno dia;Crescente;Ensolarado;Múltipla;Curva;Urbano;0;0;2;0
19152;593969;2024-04-14;domingo;17:00:00;SP;381.0;79.0;SAO PAULO;Avarias e/ou desgaste excessivo no pneu;Tombamento;Com Vítimas Feridas;Pleno dia;Crescente;Ensolarado;Dupla;Reta;Urbano;1;0;1;0
19156;593973;2024-04-14;domingo;12:45:00;SP;116.0;511.0;CAJATI;Pista Escorregadia;Queda de ocupante de veículo;Com Vítimas Feridas;Pleno dia;Crescente;Chuvoso;Simples;Curva;Rural;1;0;1;0
19157;593974;2024-04-14;domingo;14:00:00;SP;116.0;514.0;CAJATI;Pista Escorregadia;Queda de ocupante de veículo;Com Vítimas Feridas;Pleno dia;Decrescente;Chuvoso;Simples;"Curva;Aclive";Rural;1;0;2;0
19162;593979;2024-04-14;domingo;18:20:00;SP;116.0;315.0;JUQUITIBA;Manobra de mudança de faixa;Colisão traseira;Com Vítimas Feridas;Plena Noite;Decrescente;Nublado;Dupla;Reta;Urbano;0;0;2;0
19166;593983;2024-04-14;domingo;18:30:00;SP;116.0;208.5;GUARULHOS;Trafegar com motocicleta (ou similar) entre as faixas;Colisão lateral mesmo sentido;Com Vítimas Feridas;Plena Noite;Crescente;Ensolarado;Múltipla;Reta;Urbano;3;0;2;0
19186;594007;2024-04-14;domingo;20:15:00;SP;116.0;222.0;GUARULHOS;Reação tardia ou ineficiente do condutor;Queda de ocupante de veículo;Com Vítimas Feridas;Plena Noite;Crescente;Ensolarado;Dupla;Reta;Urbano;0;0;1;0
19191;594012;2024-04-14;domingo;20:30:00;SP;116.0;223.5;GUARULHOS;Ausência de reação do condutor;Colisão traseira;Sem Vítimas;Plena Noite;Crescente;Ensolarado;Múltipla;Reta;Urbano;0;0;2;0
19218;594042;2024-04-14;domingo;22:30:00;SP;116.0;176.0;GUARAREMA;Reação tardia ou ineficiente do condutor;Colisão traseira;Com Vítimas Feridas;Plena Noite;Crescente;Ensolarado;Dupla;"Reta;Declive";Rural;1;0;2;0
19230;594055;2024-04-15;segunda-feira;00:29:00;SP;381.0;18.0;BRAGANCA PAULISTA;Ausência de reação do condutor;Atropelamento de Pedestre;Com Vítimas Feridas;Plena Noite;Decrescente;Nublado;Dupla;"Reta;Aclive";Rural;0;0;1;1
19236;594062;2024-04-15;segunda-feira;02:35:00;SP;116.0;149.0;SAO JOSE DOS CAMPOS;Ausência de reação do condutor;Colisão com objeto;Com Vítimas Feridas;Plena Noite;Crescente;Ensolarado;Dupla;Reta;Urbano;2;0;2;0
19237;594064;2024-04-15;segunda-feira;03:00:00;SP;116.0;126.8;CACAPAVA;Ausência de reação do condutor;Colisão com objeto;Com Vítimas Feridas;Plena Noite;Decrescente;Ensolarado;Dupla;Reta;Urbano;0;0;1;0
19242;594069;2024-04-15;segunda-feira;04:00:00;SP;116.0;285.0;ITAPECERICA DA SERRA;Acessar a via sem observar a presença dos outros veículos;Atropelamento de Pedestre;Com Vítimas Fatais;Plena Noite;Decrescente;Chuvoso;Dupla;Reta;Rural;0;0;1;1
19252;594079;2024-04-15;segunda-feira;06:30:00;SP;116.0;344.0;MIRACATU;Velocidade Incompatível;Saída de leito carroçável;Com Vítimas Feridas;Amanhecer;Crescente;Chuvoso;Dupla;Reta;Urbano;0;0;1;0
19346;594188;2024-04-15;segunda-feira;16:55:00;SP;153.0;61.6;SAO JOSE DO RIO PRETO;Carga excessiva e/ou mal acondicionada;Tombamento;Com Vítimas Feridas;Pleno dia;Crescente;Nublado;Dupla;"Reta;Declive";Rural;0;0;1;0
19366;594212;2024-04-15;segunda-feira;18:30:00;SP;116.0;515.0;CAJATI;Reação tardia ou ineficiente do condutor;Colisão com objeto;Com Vítimas Feridas;Plena Noite;Decrescente;Chuvoso;Simples;"Curva;Declive";Rural;2;0;1;0
19390;594239;2024-04-06;sábado;23:00:00;SP;116.0;308.0;SAO LOURENCO DA SERRA;Reação tardia ou ineficiente do condutor;Saída de leito carroçável;Com Vítimas Feridas;Plena Noite;Crescente;Chuvoso;Dupla;Curva;Urbano;0;0;1;0
19403;594252;2024-04-15;segunda-feira;22:05:00;SP;381.0;82.0;SAO PAULO;Reação tardia ou ineficiente do condutor;Tombamento;Com Vítimas Feridas;Plena Noite;Crescente;Ensolarado;Dupla;Reta;Urbano;0;0;1;0
19415;594265;2024-04-16;terça-feira;02:37:00;SP;381.0;76.0;SAO PAULO;Velocidade Incompatível;Tombamento;Sem Vítimas;Plena Noite;Crescente;Ensolarado;Dupla;"Curva;Declive";Rural;0;0;1;0
19416;594267;2024-04-16;terça-feira;04:00:00;SP;116.0;501.0;CAJATI;Demais falhas mecânicas ou elétricas;Incêndio;Sem Vítimas;Plena Noite;Decrescente;Ensolarado;Dupla;Reta;Rural;0;0;1;0
19446;594298;2024-04-16;terça-feira;05:50:00;SP;381.0;2.0;VARGEM;Condutor Dormindo;Colisão com objeto;Sem Vítimas;Pleno dia;Crescente;Ensolarado;Dupla;Reta;Rural;0;0;1;0
19453;594305;2024-04-16;terça-feira;08:45:00;SP;116.0;222.0;GUARULHOS;Ausência de reação do condutor;Colisão traseira;Com Vítimas Feridas;Pleno dia;Crescente;Ensolarado;Múltipla;Reta;Urbano;0;0;2;0
19476;594335;2024-03-18;segunda-feira;17:00:00;SP;116.0;166.3;JACAREI;Manobra de mudança de faixa;Colisão lateral mesmo sentido;Com Vítimas Feridas;Pleno dia;Decrescente;Nublado;Múltipla;"Curva;Declive";Urbano;0;0;2;0
19495;594355;2024-04-16;terça-feira;14:35:00;SP;116.0;287.0;ITAPECERICA DA SERRA;Suicídio (presumido);Atropelamento de Pedestre;Com Vítimas Feridas;Pleno dia;Decrescente;Ensolarado;Dupla;Reta;Urbano;0;0;1;1
19498;594358;2024-04-16;terça-feira;15:00:00;SP;116.0;347.0;MIRACATU;Problema com o freio;Colisão traseira;Com Vítimas Feridas;Pleno dia;Crescente;Nublado;Dupla;Curva;Rural;0;0;2;0
19519;594383;2024-04-16;terça-feira;17:45:00;SP;153.0;64.0;SAO JOSE DO RIO PRETO;Ausência de reação do condutor;Tombamento;Com Vítimas Feridas;Anoitecer;Crescente;Ensolarado;Dupla;"Curva;Declive";Urbano;0;0;1;0
19525;594389;2024-04-16;terça-feira;19:00:00;SP;116.0;224.0;GUARULHOS;Reação tardia ou ineficiente do condutor;Colisão com objeto;Com Vítimas Feridas;Plena Noite;Crescente;Chuvoso;Múltipla;"Reta;Em Obras";Urbano;0;0;1;0
19531;594395;2024-04-16;terça-feira;19:00:00;SP;101.0;51.6;UBATUBA;Acessar a via sem observar a presença dos outros veículos;Colisão transversal;Com Vítimas Feridas;Plena Noite;Crescente;Nublado;Simples;Reta;Urbano;1;0;2;0
19585;594450;2024-04-17;quarta-feira;04:30:00;SP;116.0;219.0;GUARULHOS;Manobra de mudança de faixa;Colisão lateral mesmo sentido;Com Vítimas Feridas;Amanhecer;Crescente;Chuvoso;Múltipla;Reta;Urbano;1;0;3;0
19591;594457;2024-04-17;quarta-feira;07:00:00;SP;116.0;213.0;GUARULHOS;Manobra de mudança de faixa;Colisão traseira;Com Vítimas Feridas;Pleno dia;Crescente;Nublado;Dupla;"Reta;Declive";Urbano;2;0;2;0
19596;594463;2024-04-17;quarta-feira;06:40:00;SP;116.0;290.0;ITAPECERICA DA SERRA;Reação tardia ou ineficiente do condutor;Saída de leito carroçável;Com Vítimas Feridas;Amanhecer;Decrescente;Ensolarado;Dupla;Curva;Urbano;2;0;1;0
19597;594464;2024-04-17;quarta-feira;07:10:00;SP;153.0;77.0;SAO JOSE DO RIO PRETO;Avarias e/ou desgaste excessivo no pneu;Tombamento;Com Vítimas Feridas;Pleno dia;Crescente;Ensolarado;Dupla;Reta;Rural;0;0;1;0
19625;594495;2024-04-17;quarta-feira;09:20:00;SP;116.0;388.0;MIRACATU;Reação tardia ou ineficiente do condutor;Colisão traseira;Com Vítimas Feridas;Pleno dia;Decrescente;Ensolarado;Dupla;Reta;Rural;0;0;2;0
19627;594497;2024-04-17;quarta-feira;08:45:00;SP;116.0;220.0;GUARULHOS;Ausência de reação do condutor;Colisão traseira;Com Vítimas Feridas;Pleno dia;Crescente;Ensolarado;Múltipla;Reta;Rural;0;0;2;0