;Identificador do acidente;Data;Dia da semana;Horário;Estado;BR;km;Município;Causa do acidente;Tipo do acidente;Gravidade do acidente;Fase do dia;Sentido da via;Condição do tempo;Tipo de pista;Traçado da via;uso_solo;Número de passageiros;Número de cavaleiro;Número de condutor;Número de pedestre
19631;594502;2024-04-17;quarta-feira;10:00:00;SP;116.0;222.0;GUARULHOS;Demais falhas mecânicas ou elétricas;Colisão traseira;Com Vítimas Feridas;Pleno dia;Crescente;Ensolarado;Múltipla;Reta;Urbano;1;0;2;0
19751;594635;2024-04-18;quinta-feira;03:00:00;SP;116.0;213.0;GUARULHOS;Reação tardia ou ineficiente do condutor;Colisão com objeto;Com Vítimas Feridas;Plena Noite;Decrescente;Ensolarado;Múltipla;Reta;Rural;0;0;3;0
19752;594636;2024-04-18;quinta-feira;02:30:00;SP;116.0;445.0;REGISTRO;Condutor Dormindo;Tombamento;Com Vítimas Feridas;Plena Noite;Decrescente;Chuvoso;Dupla;Reta;Urbano;0;0;1;0
19771;594657;2024-04-18;quinta-feira;07:00:00;SP;116.0;219.9;GUARULHOS;Manobra de mudança de faixa;Colisão traseira;Com Vítimas Feridas;Pleno dia;Crescente;Ensolarado;Múltipla;Reta;Urbano;1;0;1;0
19786;594675;2024-04-18;quinta-feira;07:50:00;SP;116.0;284.5;ITAPECERICA DA SERRA;Trafegar com motocicleta (ou similar) entre as faixas;Colisão lateral mesmo sentido;Com Vítimas Feridas;Pleno dia;Crescente;Chuvoso;Dupla;Reta;Rural;0;0;2;0
19795;594685;2024-04-18;quinta-feira;06:30:00;SP;153.0;164.5;PROMISSAO;Reação tardia ou ineficiente do condutor;Colisão lateral mesmo sentido;Com Vítimas Feridas;Pleno dia;Crescente;Ensolarado;Simples;Reta;Rural;0;0;2;0
19808;594699;2024-04-18;quinta-feira;08:20:00;SP;381.0;70.0;MAIRIPORA;Velocidade Incompatível;Saída de leito carroçável;Com Vítimas Feridas;Pleno dia;Decrescente;Chuvoso;Dupla;"Curva;Declive";Rural;0;0;1;0
19817;594708;2024-03-17;domingo;09:00:00;SP;116.0;500.0;CAJATI;Pedestre cruzava a pista fora da faixa;Atropelamento de Pedestre;Com Vítimas Feridas;Pleno dia;Decrescente;Ensolarado;Simples;Reta;Rural;0;0;1;1
19821;594712;2024-04-17;quarta-feira;04:00:00;SP;116.0;32.0;CRUZEIRO;Ausência de reação do condutor;Colisão traseira;Com Vítimas Feridas;Plena Noite;Decrescente;Ensolarado;Múltipla;Reta;Rural;0;0;2;0
19824;594715;2024-04-18;quinta-feira;11:30:00;SP;116.0;152.0;SAO JOSE DOS CAMPOS;Reação tardia ou ineficiente do condutor;Tombamento;Com Vítimas Feridas;Pleno dia;Decrescente;Nublado;Dupla;Reta;Urbano;2;0;1;0
19892;594789;2024-04-18;quinta-feira;18:00:00;SP;116.0;218.0;GUARULHOS;Objeto estático sobre o leito carroçável;Colisão com objeto;Com Vítimas Feridas;Plena Noite;Decrescente;Ensolarado;Múltipla;Reta;Urbano;0;0;1;0
19898;594795;2024-04-18;quinta-feira;18:05:00;SP;153.0;65.0;SAO JOSE DO RIO PRETO;Condutor deixou de manter distância do veículo da frente;Colisão traseira;Sem Vítimas;Plena Noite;Decrescente;Ensolarado;Dupla;Reta;Urbano;0;0;2;0
19950;594853;2024-04-19;sexta-feira;03:00:00;SP;116.0;483.0;CAJATI;Entrada inopinada do pedestre;Atropelamento de Pedestre;Com Vítimas Fatais;Plena Noite;Decrescente;Nevoeiro/Neblina;Dupla;Reta;Rural;0;0;1;1
19953;594856;2024-04-19;sexta-feira;02:20:00;SP;116.0;512.0;CAJATI;Reação tardia ou ineficiente do condutor;Tombamento;Com Vítimas Feridas;Plena Noite;Decrescente;Ensolarado;Simples;"Curva;Declive";Rural;0;0;1;0
19982;594891;2024-04-19;sexta-feira;07:54:00;SP;116.0;213.2;GUARULHOS;Manobra de mudança de faixa;Colisão traseira;Com Vítimas Feridas;Pleno dia;Crescente;Ensolarado;Múltipla;Reta;Rural;0;0;3;0
20006;594918;2024-04-19;sexta-feira;06:50:00;SP;116.0;222.0;GUARULHOS;Reação tardia ou ineficiente do condutor;Colisão lateral mesmo sentido;Com Vítimas Feridas;Pleno dia;Decrescente;Ensolarado;Dupla;Reta;Urbano;0;0;2;0
20012;594926;2024-04-19;sexta-feira;10:55:00;SP;153.0;78.8;BADY BASSITT;Acessar a via sem observar a presença dos outros veículos;Atropelamento de Pedestre;Com Vítimas Fatais;Pleno dia;Decrescente;Ensolarado;Dupla;"Reta;Aclive";Urbano;1;0;1;1
20017;594931;2024-03-15;sexta-feira;01:13:00;SP;116.0;350.0;MIRACATU;Ausência de reação do condutor;Colisão traseira;Com Vítimas Feridas;Plena Noite;Decrescente;Ensolarado;Dupla;"Reta;Aclive";Rural;0;0;2;0
20033;594947;2024-04-19;sexta-feira;12:50:00;SP;116.0;215.0;GUARULHOS;Ausência de reação do condutor;Colisão com objeto;Com Vítimas Feridas;Pleno dia;Decrescente;Ensolarado;Múltipla;Reta;Urbano;2;0;1;0
20047;594966;2024-04-08;segunda-feira;08:10:00;SP;116.0;220.0;GUARULHOS;Reação tardia ou ineficiente do condutor;Colisão traseira;Com Vítimas Feridas;Pleno dia;Crescente;Nublado;Múltipla;Reta;Urbano;0;0;2;0
20074;594997;2024-04-15;segunda-feira;21:30:00;SP;116.0;297.0;ITAPECERICA DA SERRA;Ausência de reação do condutor;Colisão lateral mesmo sentido;Sem Vítimas;Plena Noite;Decrescente;Ensolarado;Dupla;Reta;Urbano;0;0;1;0
20081;595004;2024-04-19;sexta-feira;16:39:00;SP;116.0;358.0;MIRACATU;Demais falhas mecânicas ou elétricas;Incêndio;Sem Vítimas;Pleno dia;Crescente;Ensolarado;Dupla;"Curva;Declive";Rural;0;0;1;0
20084;595007;2024-04-19;sexta-feira;17:00:00;SP;116.0;222.0;GUARULHOS;Ausência de reação do condutor;Colisão lateral mesmo sentido;Sem Vítimas;Anoitecer;Decrescente;Ensolarado;Múltipla;Reta;Urbano;0;0;2;0
20118;595044;2024-04-19;sexta-feira;18:02:00;SP;116.0;229.0;SAO PAULO;Reação tardia ou ineficiente do condutor;Colisão lateral mesmo sentido;Com Vítimas Feridas;Plena Noite;Decrescente;Ensolarado;Múltipla;Reta;Urbano;0;0;2;0
20137;595064;2024-04-19;sexta-feira;19:28:00;SP;116.0;484.0;CAJATI;Acessar a via sem observar a presença dos outros veículos;Colisão transversal;Com Vítimas Fatais;Plena Noite;Crescente;Ensolarado;Dupla;Reta;Urbano;1;0;2;0
20159;595090;2024-04-19;sexta-feira;22:40:00;SP;101.0;49.0;UBATUBA;Reação tardia ou ineficiente do condutor;Saída de leito carroçável;Com Vítimas Feridas;Plena Noite;Crescente;Nublado;Simples;Reta;Urbano;0;0;2;0
20173;595105;2024-04-19;sexta-feira;23:30:00;SP;381.0;79.0;SAO PAULO;Reação tardia ou ineficiente do condutor;Tombamento;Sem Vítimas;Plena Noite;Decrescente;Ensolarado;Dupla;Curva;Rural;0;0;1;0
20199;595131;2024-04-20;sábado;05:30:00;SP;116.0;213.0;GUARULHOS;Avarias e/ou desgaste excessivo no pneu;Eventos atípicos;Com Vítimas Feridas;Amanhecer;Crescente;Nublado;Múltipla;Reta;Rural;1;0;1;0
20200;595132;2024-04-20;sábado;05:10:00;SP;116.0;488.0;CAJATI;Suicídio (presumido);Eventos atípicos;Com Vítimas Feridas;Amanhecer;Decrescente;Nublado;Simples;Reta;Urbano;1;0;1;0
20205;595137;2024-04-20;sábado;05:30:00;SP;116.0;157.2;SAO JOSE DOS CAMPOS;Ausência de reação do condutor;Saída de leito carroçável;Sem Vítimas;Amanhecer;Crescente;Ensolarado;Múltipla;Reta;Urbano;0;0;1;0
20211;595144;2024-04-20;sábado;06:30:00;SP;116.0;162.0;JACAREI;Reação tardia ou ineficiente do condutor;Saída de leito carroçável;Com Vítimas Feridas;Pleno dia;Decrescente;Ensolarado;Dupla;Reta;Rural;0;0;1;0
20220;595157;2024-04-20;sábado;08:10:00;SP;116.0;157.0;SAO JOSE DOS CAMPOS;Trafegar com motocicleta (ou similar) entre as faixas;Colisão lateral mesmo sentido;Com Vítimas Feridas;Pleno dia;Decrescente;Ensolarado;Múltipla;Reta;Urbano;0;0;2;0
20229;595167;2024-04-20;sábado;08:20:00;SP;381.0;38.0;ATIBAIA;Objeto estático sobre o leito carroçável;Colisão com objeto;Com Vítimas Feridas;Pleno dia;Crescente;Ensolarado;Dupla;"Reta;Ponte";Urbano;0;0;1;0
20256;595196;2024-04-20;sábado;12:15:00;SP;153.0;68.8;SAO JOSE DO RIO PRETO;Ingestão de álcool pelo condutor;Colisão com objeto;Com Vítimas Feridas;Pleno dia;Crescente;Nublado;Múltipla;Curva;Urbano;2;0;1;0
20284;595224;2024-03-28;quinta-feira;07:00:00;SP;116.0;220.0;GUARULHOS;Condutor deixou de manter distância do veículo da frente;Colisão traseira;Com Vítimas Feridas;Pleno dia;Decrescente;Chuvoso;Múltipla;Reta;Rural;0;0;3;0
20289;595229;2024-04-20;sábado;15:54:00;SP;116.0;157.0;SAO JOSE DOS CAMPOS;Condutor deixou de manter distância do veículo da frente;Engavetamento;Sem Vítimas;Pleno dia;Decrescente;Ensolarado;Dupla;Aclive;Rural;0;0;4;0
20296;595238;2024-04-20;sábado;16:30:00;SP;116.0;418.0;JUQUIA;Ausência de reação do condutor;Queda de ocupante de veículo;Com Vítimas Feridas;Pleno dia;Decrescente;Ensolarado;Dupla;Reta;Rural;0;0;1;0
20299;595241;2024-04-20;sábado;16:45:00;SP;116.0;223.6;GUARULHOS;Trafegar com motocicleta (ou similar) entre as faixas;Colisão lateral mesmo sentido;Com Vítimas Feridas;Pleno dia;Crescente;Ensolarado;Múltipla;Reta;Rural;0;0;2;0
20359;595307;2024-04-20;sábado;19:15:00;SP;116.0;281.0;EMBU DAS ARTES;Velocidade Incompatível;Colisão traseira;Com Vítimas Feridas;Plena Noite;Decrescente;Nublado;Dupla;Reta;Urbano;1;0;3;0
20363;595312;2024-04-20;sábado;21:20:00;SP;116.0;162.0;JACAREI;Animais na Pista;Atropelamento de Animal;Com Vítimas Feridas;Plena Noite;Crescente;Ensolarado;Dupla;Reta;Rural;1;0;1;0
20369;595318;2024-04-20;sábado;21:40:00;SP;153.0;76.0;BADY BASSITT;Ausência de reação do condutor;Atropelamento de Animal;Sem Vítimas;Plena Noite;Crescente;Ensolarado;Dupla;"Reta;Aclive";Rural;2;0;1;0
20390;595340;2024-04-20;sábado;23:50:00;SP;381.0;36.0;ATIBAIA;Reação tardia ou ineficiente do condutor;Capotamento;Com Vítimas Feridas;Plena Noite;Crescente;Ensolarado;Dupla;Reta;Urbano;0;0;1;0
20402;595353;2024-04-21;domingo;01:45:00;SP;381.0;89.0;GUARULHOS;Reação tardia ou ineficiente do condutor;Saída de leito carroçável;Com Vítimas Feridas;Plena Noite;Decrescente;Ensolarado;Dupla;Reta;Urbano;0;0;1;0
20409;595362;2024-04-21;domingo;03:00:00;SP;116.0;284.3;EMBU DAS ARTES;Reação tardia ou ineficiente do condutor;Queda de ocupante de veículo;Com Vítimas Feridas;Plena Noite;Decrescente;Ensolarado;Dupla;Interseção de Vias;Urbano;0;0;1;0
20412;595365;2024-04-21;domingo;02:00:00;SP;116.0;26.0;LAVRINHAS;Ausência de reação do condutor;Colisão traseira;Com Vítimas Feridas;Plena Noite;Decrescente;Ensolarado;Múltipla;Reta;Rural;6;0;2;0
20415;595370;2024-04-21;domingo;04:00:00;SP;116.0;93.7;PINDAMONHANGABA;Reação tardia ou ineficiente do condutor;Saída de leito carroçável;Com Vítimas Feridas;Plena Noite;Decrescente;Nublado;Dupla;Reta;Rural;1;0;1;0
20431;595388;2024-04-21;domingo;02:00:00;SP;116.0;211.9;GUARULHOS;Reação tardia ou ineficiente do condutor;Colisão com objeto;Sem Vítimas;Plena Noite;Decrescente;Nublado;Múltipla;"Em Obras;Declive;Reta;Interseção de Vias";Urbano;0;0;1;0
20438;595395;2024-04-21;domingo;07:00:00;SP;116.0;283.7;EMBU DAS ARTES;Manobra de mudança de faixa;Colisão lateral mesmo sentido;Com Vítimas Feridas;Amanhecer;Crescente;Ensolarado;Dupla;Reta;Urbano;0;0;2;0
20440;595397;2024-04-21;domingo;06:30:00;SP;116.0;313.0;SAO LOURENCO DA SERRA;Ausência de reação do condutor;Saída de leito carroçável;Com Vítimas Feridas;Amanhecer;Crescente;Ensolarado;Dupla;Reta;Urbano;0;0;1;0
20486;595447;2024-04-21;domingo;13:50:00;SP;116.0;182.0;SANTA ISABEL;Demais falhas na via;Colisão traseira;Com Vítimas Feridas;Pleno dia;Decrescente;Ensolarado;Dupla;Reta;Urbano;4;0;3;0
20501;595465;2024-04-21;domingo;10:50:00;SP;116.0;130.8;CACAPAVA;Velocidade Incompatível;Tombamento;Com Vítimas Feridas;Pleno dia;Crescente;Ensolarado;Simples;Interseção de Vias;Rural;1;0;1;0
20514;595480;2024-04-21;domingo;17:20:00;SP;116.0;85.5;PINDAMONHANGABA;Ausência de reação do condutor;Engavetamento;Com Vítimas Feridas;Pleno dia;Crescente;Nublado;Dupla;Reta;Urbano;1;0;3;0
20523;595489;2024-04-21;domingo;18:00:00;SP;381.0;31.0;ATIBAIA;Ausência de reação do condutor;Queda de ocupante de veículo;Com Vítimas Feridas;Plena Noite;Crescente;Ensolarado;Dupla;Reta;Urbano;1;0;2;0
20537;595504;2024-04-21;domingo;17:28:00;SP;381.0;26.0;ATIBAIA;Manobra de mudança de faixa;Colisão lateral mesmo sentido;Com Vítimas Feridas;Anoitecer;Crescente;Ensolarado;Múltipla;Reta;Rural;0;0;2;0
20555;595524;2024-04-21;domingo;19:00:00;SP;116.0;401.5;MIRACATU;Ausência de reação do condutor;Colisão traseira;Com Vítimas Feridas;Anoitecer;Crescente;Nublado;Dupla;Reta;Rural;0;0;2;0
20572;595541;2024-04-21;domingo;20:15:00;SP;116.0;59.0;GUARATINGUETA;Ausência de reação do condutor;Atropelamento de Animal;Com Vítimas Feridas;Plena Noite;Decrescente;Ensolarado;Dupla;"Reta;Interseção de Vias";Rural;0;2;1;0
20597;595569;2024-04-22;segunda-feira;00:30:00;SP;116.0;217.8;GUARULHOS;Neblina;Colisão com objeto;Com Vítimas Feridas;Plena Noite;Crescente;Nublado;Múltipla;Declive;Urbano;2;0;2;0
20613;595590;2024-04-22;segunda-feira;00:30:00;SP;101.0;52.0;UBATUBA;Acumulo de areia ou detritos sobre o pavimento;Tombamento;Com Vítimas Feridas;Plena Noite;Decrescente;Ensolarado;Simples;Rotatória;Rural;0;0;1;0
20623;595600;2024-04-22;segunda-feira;06:30:00;SP;153.0;37.5;ONDA VERDE;Acessar a via sem observar a presença dos outros veículos;Colisão transversal;Com Vítimas Feridas;Pleno dia;Crescente;Ensolarado;Simples;Interseção de Vias;Rural;0;0;2;0
20627;595604;2024-04-22;segunda-feira;07:30:00;SP;116.0;230.0;SAO PAULO;Trafegar com motocicleta (ou similar) entre as faixas;Colisão traseira;Com Vítimas Feridas;Pleno dia;Crescente;Ensolarado;Múltipla;Reta;Urbano;1;0;2;0
20635;595613;2024-04-22;segunda-feira;07:40:00;SP;381.0;40.0;ATIBAIA;Avarias e/ou desgaste excessivo no pneu;Queda de ocupante de veículo;Com Vítimas Feridas;Pleno dia;Decrescente;Ensolarado;Dupla;"Reta;Em Obras";Rural;1;0;1;0
20642;595621;2024-04-22;segunda-feira;05:30:00;SP;116.0;128.6;CACAPAVA;Ausência de reação do condutor;Atropelamento de Pedestre;Com Vítimas Feridas;Amanhecer;Crescente;Ensolarado;Dupla;Reta;Urbano;0;0;1;1
20687;595671;2024-04-22;segunda-feira;09:00:00;SP;116.0;513.0;CAJATI;Reação tardia ou ineficiente do condutor;Tombamento;Com Vítimas Feridas;Pleno dia;Decrescente;Ensolarado;Simples;"Curva;Aclive";Rural;0;0;1;0
20706;595694;2024-03-20;quarta-feira;05:15:00;SP;116.0;305.0;SAO LOURENCO DA SERRA;Entrada inopinada do pedestre;Colisão traseira;Com Vítimas Fatais;Amanhecer;Decrescente;Nublado;Múltipla;Curva;Rural;1;0;3;0
20752;595743;2024-04-22;segunda-feira;17:15:00;SP;116.0;106.0;TAUBATE;Reação tardia ou ineficiente do condutor;Capotamento;Com Vítimas Feridas;Pleno dia;Decrescente;Ensolarado;Dupla;Reta;Urbano;0;0;1;0
20753;595744;2024-04-22;segunda-feira;18:20:00;SP;116.0;147.0;SAO JOSE DOS CAMPOS;Manobra de mudança de faixa;Colisão lateral mesmo sentido;Com Vítimas Feridas;Plena Noite;Decrescente;Ensolarado;Dupla;Reta;Urbano;0;0;2;0
20754;595745;2024-04-22;segunda-feira;10:00:00;SP;381.0;82.0;GUARULHOS;Demais falhas mecânicas ou elétricas;Incêndio;Sem Vítimas;Pleno dia;Crescente;Ensolarado;Dupla;Reta;Urbano;0;0;1;0
20800;595792;2024-04-23;terça-feira;01:20:00;SP;116.0;227.0;GUARULHOS;Pedestre andava na pista;Atropelamento de Pedestre;Com Vítimas Fatais;Plena Noite;Crescente;Ensolarado;Múltipla;"Reta;Declive";Rural;0;0;1;1
20807;595799;2024-04-23;terça-feira;07:10:00;SP;116.0;220.0;GUARULHOS;Reação tardia ou ineficiente do condutor;Tombamento;Com Vítimas Feridas;Pleno dia;Crescente;Ensolarado;Múltipla;Reta;Urbano;0;0;1;0
20819;595814;2024-04-23;terça-feira;07:40:00;SP;381.0;30.0;ATIBAIA;Condutor deixou de manter distância do veículo da frente;Engavetamento;Com Vítimas Feridas;Pleno dia;Crescente;Ensolarado;Dupla;Reta;Urbano;1;0;3;0
20822;595817;2024-04-23;terça-feira;08:10:00;SP;381.0;35.0;ATIBAIA;Condutor deixou de manter distância do veículo da frente;Colisão traseira;Sem Vítimas;Pleno dia;Decrescente;Ensolarado;Dupla;"Reta;Declive";Urbano;0;0;2;0
20834;595831;2024-04-19;sexta-feira;12:20:00;SP;381.0;22.0;BRAGANCA PAULISTA;Condutor deixou de manter distância do veículo da frente;Colisão traseira;Com Vítimas Feridas;Pleno dia;Decrescente;Ensolarado;Dupla;"Reta;Aclive";Urbano;0;0;2;0
20842;595841;2024-04-05;sexta-feira;02:45:00;SP;116.0;225.0;GUARULHOS;Ausência de reação do condutor;Colisão traseira;Com Vítimas Feridas;Plena Noite;Crescente;Ensolarado;Múltipla;Reta;Urbano;0;0;2;0
20906;595916;2024-04-23;terça-feira;19:45:00;SP;116.0;282.0;EMBU DAS ARTES;Ausência de reação do condutor;Colisão lateral mesmo sentido;Com Vítimas Feridas;Plena Noite;Crescente;Nublado;Dupla;Reta;Urbano;0;0;2;0
20908;595918;2024-04-23;terça-feira;17:00:00;SP;116.0;91.0;PINDAMONHANGABA;Condutor deixou de manter distância do veículo da frente;Colisão lateral mesmo sentido;Com Vítimas Feridas;Pleno dia;Decrescente;Ensolarado;Dupla;Reta;Rural;1;0;2;0
20911;595921;2024-04-23;terça-feira;19:50:00;SP;381.0;89.0;GUARULHOS;Condutor deixou de manter distância do veículo da frente;Colisão traseira;Com Vítimas Feridas;Plena Noite;Crescente;Ensolarado;Múltipla;Reta;Rural;0;0;2;0
20925;595937;2024-04-23;terça-feira;20:50:00;SP;116.0;280.0;ITAPECERICA DA SERRA;Manobra de mudança de faixa;Colisão lateral mesmo sentido;Com Vítimas Feridas;Plena Noite;Crescente;Ensolarado;Dupla;Reta;Urbano;0;0;2;0
20948;595965;2024-04-24;quarta-feira;03:40:00;SP;116.0;485.0;CAJATI;Estacionar ou parar em local proibido;Colisão lateral mesmo sentido;Com Vítimas Feridas;Plena Noite;Decrescente;Ensolarado;Dupla;Reta;Urbano;0;0;2;0
20951;595968;2024-04-24;quarta-feira;05:45:00;SP;116.0;210.5;GUARULHOS;Reação tardia ou ineficiente do condutor;Colisão lateral mesmo sentido;Com Vítimas Feridas;Pleno dia;Crescente;Ensolarado;Múltipla;Aclive;Urbano;1;0;3;0
20975;595996;2024-04-24;quarta-feira;08:10:00;SP;101.0;51.0;UBATUBA;Acessar a via sem observar a presença dos outros veículos;Colisão transversal;Com Vítimas Feridas;Pleno dia;Crescente;Ensolarado;Dupla;Reta;Urbano;0;0;3;0
20985;596009;2024-04-24;quarta-feira;08:32:00;SP;116.0;444.0;REGISTRO;Ausência de reação do condutor;Colisão lateral mesmo sentido;Com Vítimas Feridas;Pleno dia;Decrescente;Ensolarado;Simples;Curva;Urbano;0;0;2;0
20996;596020;2024-04-24;quarta-feira;08:45:00;SP;116.0;142.0;SAO JOSE DOS CAMPOS;Reação tardia ou ineficiente do condutor;Colisão lateral mesmo sentido;Com Vítimas Feridas;Pleno dia;Decrescente;Ensolarado;Dupla;Reta;Urbano;0;0;2;0
21014;596042;2024-04-24;quarta-feira;09:15:00;SP;116.0;550.0;BARRA DO TURVO;Reação tardia ou ineficiente do condutor;Tombamento;Com Vítimas Feridas;Pleno dia;Decrescente;Ensolarado;Simples;Curva;Rural;0;0;1;0
21018;596046;2024-04-24;quarta-feira;07:40:00;SP;381.0;90.0;GUARULHOS;Ultrapassagem Indevida;Queda de ocupante de veículo;Com Vítimas Feridas;Pleno dia;Crescente;Ensolarado;Dupla;Reta;Urbano;0;0;2;0
21022;596050;2024-04-24;quarta-feira;12:10:00;SP;101.0;49.0;UBATUBA;Ultrapassagem Indevida;Colisão frontal;Com Vítimas Feridas;Pleno dia;Crescente;Ensolarado;Simples;Reta;Urbano;1;0;2;0
21026;596054;2024-04-24;quarta-feira;12:00:00;SP;116.0;137.7;SAO JOSE DOS CAMPOS;Avarias e/ou desgaste excessivo no pneu;Saída de leito carroçável;Com Vítimas Feridas;Pleno dia;Decrescente;Ensolarado;Dupla;Reta;Rural;0;0;2;0
21071;596105;2024-04-24;quarta-feira;15:00:00;SP;116.0;290.3;ITAPECERICA DA SERRA;Reação tardia ou ineficiente do condutor;Engavetamento;Com Vítimas Fatais;Pleno dia;Decrescente;Ensolarado;Dupla;Curva;Urbano;3;0;4;0
21075;596110;2024-04-24;quarta-feira;17:50:00;SP;101.0;50.6;UBATUBA;Ingestão de álcool pelo condutor;Colisão frontal;Com Vítimas Feridas;Anoitecer;Crescente;Ensolarado;Simples;Reta;Urbano;0;0;2;0
21078;596113;2024-04-24;quarta-feira;17:40:00;SP;116.0;426.0;JUQUIA;Acessar a via sem observar a presença dos outros veículos;Colisão traseira;Com Vítimas Feridas;Plena Noite;Crescente;Ensolarado;Dupla;Curva;Rural;0;0;2;0
21080;596115;2024-04-24;quarta-feira;17:50:00;SP;116.0;101.0;PINDAMONHANGABA;Reação tardia ou ineficiente do condutor;Engavetamento;Sem Vítimas;Pleno dia;Decrescente;Ensolarado;Dupla;Reta;Urbano;0;0;3;0
21121;596165;2024-04-24;quarta-feira;23:20:00;SP;381.0;71.4;MAIRIPORA;Ausência de reação do condutor;Queda de ocupante de veículo;Com Vítimas Feridas;Plena Noite;Decrescente;Ensolarado;Dupla;Reta;Rural;0;0;1;0
21129;596174;2024-04-25;quinta-feira;01:00:00;SP;381.0;86.0;SAO PAULO;Mal súbito do condutor;Atropelamento de Pedestre;Com Vítimas Fatais;Plena Noite;Crescente;Ensolarado;Múltipla;Reta;Urbano;0;0;2;0
21139;596184;2024-04-25;quinta-feira;03:30:00;SP;459.0;16.5;PIQUETE;Pedestre andava na pista;Atropelamento de Pedestre;Com Vítimas Feridas;Plena Noite;Decrescente;Ensolarado;Simples;"Reta;Declive";Rural;0;0;1;1
21143;596190;2024-04-25;quinta-feira;07:00:00;SP;116.0;208.0;GUARULHOS;Ausência de reação do condutor;Colisão traseira;Com Vítimas Fatais;Pleno dia;Crescente;Ensolarado;Dupla;Reta;Urbano;1;0;2;0
21160;596208;2024-04-25;quinta-feira;08:04:00;SP;101.0;48.7;UBATUBA;Animais na Pista;Tombamento;Com Vítimas Feridas;Pleno dia;Crescente;Chuvoso;Simples;Ponte;Urbano;0;0;1;0
21163;596211;2024-04-25;quinta-feira;08:25:00;SP;153.0;72.0;SAO JOSE DO RIO PRETO;Ausência de reação do condutor;Tombamento;Com Vítimas Feridas;Pleno dia;Crescente;Ensolarado;Dupla;Reta;Urbano;0;0;1;0
21174;596223;2024-04-25;quinta-feira;08:30:00;SP;116.0;565.0;BARRA DO TURVO;Reação tardia ou ineficiente do condutor;Colisão com objeto;Com Vítimas Fatais;Pleno dia;Crescente;Chuvoso;Dupla;Curva;Rural;0;0;1;0
21187;596236;2024-04-25;quinta-feira;09:00:00;SP;116.0;144.3;SAO JOSE DOS CAMPOS;Reação tardia ou ineficiente do condutor;Colisão traseira;Com Vítimas Feridas;Pleno dia;Crescente;Ensolarado;Múltipla;Reta;Urbano;1;0;2;0
21201;596251;2024-04-25;quinta-feira;11:20:00;SP;116.0;227.0;SAO PAULO;Condutor deixou de manter distância do veículo da frente;Colisão traseira;Com Vítimas Feridas;Pleno dia;Crescente;Nublado;Múltipla;Reta;Urbano;0;0;2;0
21208;596261;2024-04-25;quinta-feira;12:20:00;SP;116.0;58.8;GUARATINGUETA;Ingestão de substâncias psicoativas pelo condutor;Colisão lateral mesmo sentido;Com Vítimas Feridas;Pleno dia;Crescente;Ensolarado;Dupla;"Reta;Aclive";Rural;1;0;2;0
21209;596262;2024-04-25;quinta-feira;08:35:00;SP;116.0;307.0;SAO LOURENCO DA SERRA;Velocidade Incompatível;Tombamento;Com Vítimas Feridas;Pleno dia;Decrescente;Ensolarado;Dupla;Curva;Rural;1;0;1;0
21223;596277;2024-04-25;quinta-feira;09:30:00;SP;116.0;515.0;CAJATI;Reação tardia ou ineficiente do condutor;Colisão traseira;Com Vítimas Feridas;Pleno dia;Decrescente;Chuvoso;Dupla;Curva;Rural;2;0;2;0
21265;596321;2024-04-25;quinta-feira;18:20:00;SP;116.0;186.0;SANTA ISABEL;Reação tardia ou ineficiente do condutor;Colisão frontal;Com Vítimas Feridas;Plena Noite;Decrescente;Ensolarado;Simples;Interseção de Vias;Rural;1;0;2;0
21273;596329;2024-04-25;quinta-feira;16:30:00;SP;116.0;556.0;BARRA DO TURVO;Reação tardia ou ineficiente do condutor;Colisão com objeto;Sem Vítimas;Anoitecer;Crescente;Chuvoso;Dupla;Reta;Rural;2;0;1;0
21329;596391;2024-04-26;sexta-feira;03:40:00;SP;116.0;506.0;CAJATI;Reação tardia ou ineficiente do condutor;Tombamento;Com Vítimas Feridas;Plena Noite;Crescente;Chuvoso;Dupla;Curva;Rural;37;0;1;0
21337;596399;2024-04-26;sexta-feira;06:20:00;SP;116.0;71.2;APARECIDA;Acumulo de óleo sobre o pavimento;Tombamento;Com Vítimas Feridas;Amanhecer;Crescente;Ensolarado;Dupla;Reta;Urbano;0;0;1;0
21338;596400;2024-04-26;sexta-feira;05:10:00;SP;101.0;50.4;UBATUBA;Transitar na contramão;Colisão frontal;Com Vítimas Feridas;Plena Noite;Decrescente;Nublado;Simples;Reta;Urbano;0;0;2;0
21339;596401;2024-04-26;sexta-feira;04:50:00;SP;381.0;69.7;MAIRIPORA;Condutor Dormindo;Tombamento;Com Vítimas Feridas;Amanhecer;Decrescente;Nublado;Dupla;"Curva;Declive";Rural;0;0;1;0
21352;596418;2024-04-26;sexta-feira;08:15:00;SP;116.0;149.0;SAO JOSE DOS CAMPOS;Avarias e/ou desgaste excessivo no pneu;Queda de ocupante de veículo;Com Vítimas Feridas;Pleno dia;Crescente;Ensolarado;Múltipla;Reta;Urbano;1;0;1;0
21355;596421;2024-04-26;sexta-feira;00:45:00;SP;116.0;135.6;SAO JOSE DOS CAMPOS;Transtornos Mentais (exceto suicidio);Colisão com objeto;Com Vítimas Fatais;Plena Noite;Crescente;Nublado;Dupla;Reta;Rural;0;0;2;0