;Identificador do acidente;Data;Dia da semana;Horário;Estado;BR;km;Município;Causa do acidente;Tipo do acidente;Gravidade do acidente;Fase do dia;Sentido da via;Condição do tempo;Tipo de pista;Traçado da via;uso_solo;Número de passageiros;Número de cavaleiro;Número de condutor;Número de pedestre
24709;600114;2024-05-12;domingo;20:40:00;SP;116.0;516.0;CAJATI;Reação tardia ou ineficiente do condutor;Colisão lateral mesmo sentido;Com Vítimas Feridas;Plena Noite;Decrescente;Ensolarado;Simples;"Curva;Declive";Rural;0;0;4;0
24715;600120;2024-05-12;domingo;22:15:00;SP;101.0;52.0;UBATUBA;Reação tardia ou ineficiente do condutor;Queda de ocupante de veículo;Com Vítimas Feridas;Plena Noite;Crescente;Ensolarado;Simples;Rotatória;Urbano;0;0;1;0
24728;600136;2024-05-13;segunda-feira;00:30:00;SP;116.0;311.0;SAO LOURENCO DA SERRA;Condutor Dormindo;Saída de leito carroçável;Com Vítimas Feridas;Plena Noite;Decrescente;Ensolarado;Dupla;"Curva;Aclive";Urbano;0;0;1;0
24757;600167;2024-05-13;segunda-feira;07:05:00;SP;153.0;75.1;BADY BASSITT;Demais falhas na via;Tombamento;Com Vítimas Feridas;Pleno dia;Decrescente;Ensolarado;Dupla;Aclive;Urbano;0;0;1;0
24769;600181;2024-05-13;segunda-feira;07:50:00;SP;153.0;59.7;SAO JOSE DO RIO PRETO;Condutor deixou de manter distância do veículo da frente;Colisão traseira;Com Vítimas Feridas;Pleno dia;Crescente;Ensolarado;Dupla;Reta;Urbano;0;0;2;0
24780;600197;2024-05-13;segunda-feira;07:45:00;SP;116.0;276.0;EMBU DAS ARTES;Ausência de reação do condutor;Colisão lateral mesmo sentido;Com Vítimas Feridas;Pleno dia;Decrescente;Ensolarado;Dupla;Reta;Urbano;0;0;2;0
24791;600209;2024-04-26;sexta-feira;15:50:00;SP;381.0;88.0;GUARULHOS;Estacionar ou parar em local proibido;Colisão lateral mesmo sentido;Com Vítimas Feridas;Pleno dia;Decrescente;Não Informado;Múltipla;Reta;Urbano;0;0;2;0
24797;600215;2024-04-26;sexta-feira;16:00:00;SP;381.0;88.0;GUARULHOS;Reação tardia ou ineficiente do condutor;Queda de ocupante de veículo;Com Vítimas Feridas;Pleno dia;Decrescente;Não Informado;Múltipla;Reta;Urbano;0;0;2;0
24830;600249;2024-05-13;segunda-feira;12:45:00;SP;116.0;221.0;GUARULHOS;Entrada inopinada do pedestre;Atropelamento de Pedestre;Com Vítimas Feridas;Pleno dia;Decrescente;Ensolarado;Dupla;Reta;Urbano;0;0;1;1
24858;600278;2024-05-13;segunda-feira;15:35:00;SP;153.0;60.0;SAO JOSE DO RIO PRETO;Ausência de reação do condutor;Colisão com objeto;Com Vítimas Feridas;Pleno dia;Decrescente;Ensolarado;Dupla;Reta;Urbano;0;0;1;0
24859;600279;2024-05-13;segunda-feira;15:15:00;SP;116.0;229.0;SAO PAULO;Transitar no Acostamento;Colisão traseira;Com Vítimas Feridas;Pleno dia;Decrescente;Ensolarado;Múltipla;Reta;Urbano;0;0;2;0
24861;600281;2024-05-13;segunda-feira;15:00:00;SP;116.0;168.4;JACAREI;Ausência de reação do condutor;Colisão traseira;Com Vítimas Feridas;Pleno dia;Crescente;Ensolarado;Dupla;"Reta;Aclive";Urbano;1;0;3;0
24868;600291;2024-05-13;segunda-feira;15:50:00;SP;116.0;511.0;CAJATI;Reação tardia ou ineficiente do condutor;Tombamento;Com Vítimas Feridas;Pleno dia;Decrescente;Ensolarado;Simples;"Curva;Declive";Rural;0;0;1;0
24884;600308;2024-05-13;segunda-feira;17:25:00;SP;381.0;86.0;SAO PAULO;Ausência de reação do condutor;Colisão com objeto;Com Vítimas Feridas;Anoitecer;Crescente;Ensolarado;Múltipla;Reta;Urbano;0;0;2;0
24886;600310;2024-05-13;segunda-feira;18:35:00;SP;153.0;64.0;SAO JOSE DO RIO PRETO;Ausência de reação do condutor;Queda de ocupante de veículo;Com Vítimas Feridas;Plena Noite;Crescente;Ensolarado;Simples;"Curva;Declive";Rural;0;0;1;0
24894;600319;2024-05-13;segunda-feira;16:00:00;SP;101.0;11.0;UBATUBA;Transitar na contramão;Colisão transversal;Com Vítimas Feridas;Pleno dia;Crescente;Ensolarado;Simples;Reta;Rural;0;0;2;0
24945;600378;2024-05-14;terça-feira;00:30:00;SP;116.0;545.0;BARRA DO TURVO;Reação tardia ou ineficiente do condutor;Colisão com objeto;Com Vítimas Feridas;Plena Noite;Crescente;Chuvoso;Simples;"Curva;Declive";Rural;0;0;1;0
24958;600392;2024-05-14;terça-feira;05:35:00;SP;116.0;499.0;CAJATI;Reação tardia ou ineficiente do condutor;Tombamento;Com Vítimas Feridas;Plena Noite;Crescente;Chuvoso;Simples;Curva;Rural;0;0;1;0
24961;600395;2024-05-13;segunda-feira;20:15:00;SP;116.0;212.0;GUARULHOS;Objeto estático sobre o leito carroçável;Colisão com objeto;Com Vítimas Feridas;Plena Noite;Crescente;Ensolarado;Dupla;Reta;Urbano;0;0;1;0
24980;600415;2024-05-14;terça-feira;07:50:00;SP;116.0;229.0;SAO PAULO;Manobra de mudança de faixa;Colisão lateral mesmo sentido;Com Vítimas Feridas;Pleno dia;Crescente;Nublado;Múltipla;Reta;Urbano;0;0;2;0
24988;600424;2024-05-14;terça-feira;07:45:00;SP;116.0;494.0;CAJATI;Reação tardia ou ineficiente do condutor;Colisão com objeto;Com Vítimas Feridas;Pleno dia;Crescente;Chuvoso;Dupla;Curva;Rural;0;0;1;0
24997;600436;2024-05-14;terça-feira;09:10:00;SP;116.0;26.7;SILVEIRAS;Ausência de reação do condutor;Saída de leito carroçável;Com Vítimas Fatais;Pleno dia;Crescente;Ensolarado;Dupla;Reta;Rural;0;0;1;0
25029;600468;2024-05-14;terça-feira;13:20:00;SP;116.0;155.2;SAO JOSE DOS CAMPOS;Velocidade Incompatível;Saída de leito carroçável;Com Vítimas Feridas;Pleno dia;Crescente;Chuvoso;Dupla;Aclive;Rural;1;0;1;0
25032;600471;2024-05-14;terça-feira;13:40:00;SP;381.0;61.0;MAIRIPORA;Reação tardia ou ineficiente do condutor;Colisão traseira;Com Vítimas Feridas;Pleno dia;Crescente;Ensolarado;Dupla;"Curva;Declive";Rural;0;0;2;0
25037;600477;2024-05-14;terça-feira;12:30:00;SP;116.0;23.2;LAVRINHAS;Acumulo de óleo sobre o pavimento;Tombamento;Com Vítimas Feridas;Pleno dia;Decrescente;Ensolarado;Dupla;"Curva;Declive";Rural;0;0;1;0
25040;600480;2024-05-14;terça-feira;13:20:00;SP;153.0;150.0;PROMISSAO;Acessar a via sem observar a presença dos outros veículos;Colisão transversal;Sem Vítimas;Pleno dia;Decrescente;Ensolarado;Simples;"Reta;Interseção de Vias";Rural;1;0;2;0
25052;600492;2024-05-14;terça-feira;13:20:00;SP;153.0;285.0;OCAUCU;Mal súbito do condutor;Saída de leito carroçável;Com Vítimas Feridas;Pleno dia;Crescente;Ensolarado;Simples;Reta;Rural;0;0;1;0
25058;600498;2024-05-14;terça-feira;16:15:00;SP;116.0;133.0;CACAPAVA;Reação tardia ou ineficiente do condutor;Colisão lateral mesmo sentido;Com Vítimas Feridas;Pleno dia;Decrescente;Ensolarado;Dupla;Reta;Rural;0;0;3;0
25082;600529;2024-05-14;terça-feira;17:40:00;SP;116.0;157.6;SAO JOSE DOS CAMPOS;Ausência de reação do condutor;Colisão traseira;Com Vítimas Feridas;Anoitecer;Crescente;Nublado;Dupla;"Reta;Declive";Rural;1;0;2;0
25084;600531;2024-05-14;terça-feira;18:30:00;SP;116.0;221.0;GUARULHOS;Ausência de reação do condutor;Colisão lateral mesmo sentido;Com Vítimas Feridas;Plena Noite;Decrescente;Nublado;Múltipla;Reta;Urbano;0;0;2;0
25085;600532;2024-05-14;terça-feira;17:30:00;SP;116.0;509.0;CAJATI;Reação tardia ou ineficiente do condutor;Saída de leito carroçável;Com Vítimas Feridas;Anoitecer;Crescente;Chuvoso;Simples;Curva;Rural;4;0;1;0
25089;600536;2024-05-14;terça-feira;18:20:00;SP;116.0;16.4;LAVRINHAS;Demais falhas mecânicas ou elétricas;Tombamento;Com Vítimas Feridas;Plena Noite;Crescente;Ensolarado;Dupla;Reta;Rural;1;0;1;0
25109;600559;2024-05-14;terça-feira;20:45:00;SP;381.0;18.0;BRAGANCA PAULISTA;Ausência de reação do condutor;Colisão com objeto;Com Vítimas Feridas;Plena Noite;Decrescente;Ensolarado;Múltipla;"Reta;Aclive";Rural;0;0;1;0
25111;600561;2024-05-14;terça-feira;20:00:00;SP;116.0;290.0;ITAPECERICA DA SERRA;Manobra de mudança de faixa;Colisão lateral mesmo sentido;Sem Vítimas;Plena Noite;Crescente;Ensolarado;Dupla;Curva;Urbano;0;0;2;0
25124;600575;2024-05-14;terça-feira;22:30:00;SP;381.0;19.0;BRAGANCA PAULISTA;Condutor deixou de manter distância do veículo da frente;Colisão traseira;Com Vítimas Feridas;Plena Noite;Decrescente;Ensolarado;Dupla;Reta;Rural;0;0;6;0
25127;600578;2024-05-14;terça-feira;23:44:00;SP;116.0;145.2;SAO JOSE DOS CAMPOS;Manobra de mudança de faixa;Colisão transversal;Sem Vítimas;Plena Noite;Decrescente;Ensolarado;Dupla;Reta;Rural;0;0;2;0
25158;600610;2024-05-15;quarta-feira;07:35:00;SP;153.0;106.7;JOSE BONIFACIO;Reação tardia ou ineficiente do condutor;Tombamento;Com Vítimas Feridas;Pleno dia;Crescente;Ensolarado;Simples;Reta;Urbano;0;0;1;0
25174;600627;2024-05-15;quarta-feira;08:50:00;SP;153.0;41.6;ONDA VERDE;Manobra de mudança de faixa;Colisão frontal;Com Vítimas Feridas;Pleno dia;Decrescente;Ensolarado;Simples;"Reta;Declive";Rural;0;0;2;0
25180;600633;2024-05-15;quarta-feira;08:00:00;SP;153.0;202.0;GETULINA;Reação tardia ou ineficiente do condutor;Queda de ocupante de veículo;Com Vítimas Feridas;Pleno dia;Crescente;Ensolarado;Simples;Reta;Rural;0;0;1;0
25187;600641;2024-05-15;quarta-feira;09:00:00;SP;116.0;161.5;JACAREI;Velocidade Incompatível;Colisão traseira;Com Vítimas Feridas;Pleno dia;Decrescente;Nublado;Dupla;Reta;Urbano;0;0;2;0
25232;600691;2024-05-15;quarta-feira;15:30:00;SP;116.0;185.0;SANTA ISABEL;Reação tardia ou ineficiente do condutor;Colisão com objeto;Com Vítimas Feridas;Pleno dia;Decrescente;Ensolarado;Dupla;Reta;Rural;0;0;1;0
25239;600698;2024-05-15;quarta-feira;15:10:00;SP;116.0;301.8;SAO LOURENCO DA SERRA;Carga excessiva e/ou mal acondicionada;Tombamento;Com Vítimas Feridas;Pleno dia;Crescente;Nublado;Dupla;Curva;Rural;0;0;1;0
25243;600705;2024-05-15;quarta-feira;16:30:00;SP;116.0;211.0;GUARULHOS;Avarias e/ou desgaste excessivo no pneu;Queda de ocupante de veículo;Com Vítimas Feridas;Pleno dia;Decrescente;Nublado;Dupla;"Reta;Aclive";Rural;0;0;1;0
25294;600761;2024-05-15;quarta-feira;20:45:00;SP;116.0;224.9;SAO PAULO;Ausência de reação do condutor;Engavetamento;Com Vítimas Feridas;Plena Noite;Decrescente;Ensolarado;Múltipla;Reta;Urbano;1;0;3;0
25332;600800;2024-05-16;quinta-feira;01:41:00;SP;116.0;513.0;CAJATI;Reação tardia ou ineficiente do condutor;Tombamento;Com Vítimas Feridas;Plena Noite;Decrescente;Ensolarado;Dupla;"Curva;Declive";Rural;0;0;1;0
25338;600806;2024-05-16;quinta-feira;06:20:00;SP;116.0;161.0;JACAREI;Reação tardia ou ineficiente do condutor;Colisão traseira;Com Vítimas Feridas;Pleno dia;Decrescente;Ensolarado;Dupla;Reta;Urbano;1;0;3;0
25340;600808;2024-05-16;quinta-feira;05:50:00;SP;116.0;153.9;SAO JOSE DOS CAMPOS;Ausência de reação do condutor;Colisão lateral mesmo sentido;Sem Vítimas;Pleno dia;Decrescente;Ensolarado;Dupla;Reta;Urbano;0;0;2;0
25347;600816;2024-05-16;quinta-feira;07:00:00;SP;116.0;276.0;EMBU DAS ARTES;Trafegar com motocicleta (ou similar) entre as faixas;Queda de ocupante de veículo;Com Vítimas Feridas;Pleno dia;Decrescente;Nublado;Dupla;Reta;Urbano;0;0;1;0
25349;600818;2024-05-16;quinta-feira;07:40:00;SP;116.0;205.0;GUARULHOS;Acessar a via sem observar a presença dos outros veículos;Colisão transversal;Com Vítimas Feridas;Pleno dia;Crescente;Ensolarado;Múltipla;Reta;Urbano;0;0;1;0
25353;600822;2024-05-16;quinta-feira;00:05:00;SP;116.0;289.0;ITAPECERICA DA SERRA;Ausência de reação do condutor;Saída de leito carroçável;Sem Vítimas;Plena Noite;Crescente;Ensolarado;Dupla;Reta;Urbano;0;0;1;0
25374;600843;2024-05-16;quinta-feira;08:00:00;SP;116.0;225.0;GUARULHOS;Reação tardia ou ineficiente do condutor;Colisão traseira;Com Vítimas Feridas;Pleno dia;Crescente;Ensolarado;Múltipla;"Reta;Em Obras";Urbano;0;0;2;0
25381;600850;2024-05-14;terça-feira;14:30:00;SP;153.0;177.0;LINS;Ausência de reação do condutor;Tombamento;Com Vítimas Feridas;Pleno dia;Decrescente;Ensolarado;Simples;Curva;Rural;0;0;1;0
25417;600893;2024-05-16;quinta-feira;15:35:00;SP;101.0;48.7;UBATUBA;Conversão proibida;Colisão transversal;Com Vítimas Feridas;Pleno dia;Decrescente;Nublado;Simples;Curva;Urbano;1;0;2;0
25425;600904;2024-05-16;quinta-feira;16:30:00;SP;153.0;287.0;OCAUCU;Acessar a via sem observar a presença dos outros veículos;Colisão transversal;Sem Vítimas;Pleno dia;Decrescente;Ensolarado;Simples;Reta;Rural;0;0;2;0
25427;600906;2024-05-16;quinta-feira;17:25:00;SP;116.0;285.0;ITAPECERICA DA SERRA;Ausência de reação do condutor;Tombamento;Com Vítimas Feridas;Anoitecer;Decrescente;Ensolarado;Dupla;Interseção de Vias;Urbano;0;0;1;0
25428;600907;2024-05-16;quinta-feira;17:10:00;SP;153.0;66.9;SAO JOSE DO RIO PRETO;Demais falhas mecânicas ou elétricas;Eventos atípicos;Sem Vítimas;Pleno dia;Decrescente;Ensolarado;Dupla;Reta;Urbano;0;0;1;0
25451;600930;2024-05-16;quinta-feira;19:25:00;SP;153.0;71.2;SAO JOSE DO RIO PRETO;Acessar a via sem observar a presença dos outros veículos;Colisão traseira;Com Vítimas Feridas;Plena Noite;Crescente;Ensolarado;Dupla;Reta;Rural;0;0;2;0
25465;600947;2024-05-16;quinta-feira;20:30:00;SP;116.0;276.0;EMBU DAS ARTES;Ausência de reação do condutor;Queda de ocupante de veículo;Com Vítimas Feridas;Plena Noite;Decrescente;Ensolarado;Dupla;"Reta;Declive";Urbano;0;0;1;0
25475;600957;2024-05-16;quinta-feira;20:40:00;SP;381.0;85.0;SAO PAULO;Entrada inopinada do pedestre;Atropelamento de Pedestre;Com Vítimas Fatais;Plena Noite;Decrescente;Ensolarado;Múltipla;"Aclive;Viaduto;Reta";Urbano;0;0;1;1
25496;600978;2024-05-17;sexta-feira;02:15:00;SP;116.0;222.0;GUARULHOS;Condutor Dormindo;Colisão traseira;Com Vítimas Feridas;Plena Noite;Decrescente;Não Informado;Múltipla;Reta;Urbano;0;0;2;0
25504;600986;2024-05-17;sexta-feira;05:30:00;SP;116.0;306.0;SAO LOURENCO DA SERRA;Ausência de reação do condutor;Colisão lateral mesmo sentido;Com Vítimas Feridas;Amanhecer;Decrescente;Ensolarado;Dupla;Reta;Urbano;8;0;2;0
25514;600997;2024-05-17;sexta-feira;07:20:00;SP;488.0;1.0;APARECIDA;Reação tardia ou ineficiente do condutor;Colisão lateral mesmo sentido;Com Vítimas Feridas;Amanhecer;Decrescente;Ensolarado;Dupla;Reta;Urbano;0;0;2;0
25516;600999;2024-05-17;sexta-feira;07:15:00;SP;116.0;64.0;GUARATINGUETA;Condutor deixou de manter distância do veículo da frente;Colisão traseira;Com Vítimas Feridas;Pleno dia;Crescente;Ensolarado;Dupla;Reta;Urbano;0;0;2;0
25524;601007;2024-05-17;sexta-feira;07:30:00;SP;116.0;211.0;GUARULHOS;Reação tardia ou ineficiente do condutor;Colisão traseira;Com Vítimas Feridas;Pleno dia;Decrescente;Ensolarado;Dupla;"Reta;Declive";Urbano;1;0;2;0
25528;601013;2024-05-17;sexta-feira;08:10:00;SP;116.0;283.0;EMBU DAS ARTES;Ausência de reação do condutor;Queda de ocupante de veículo;Com Vítimas Feridas;Pleno dia;Decrescente;Ensolarado;Dupla;Reta;Rural;1;0;2;0
25539;601026;2024-05-17;sexta-feira;09:00:00;SP;153.0;72.0;SAO JOSE DO RIO PRETO;Ultrapassagem Indevida;Colisão lateral mesmo sentido;Com Vítimas Feridas;Pleno dia;Decrescente;Ensolarado;Dupla;Interseção de Vias;Urbano;0;0;2;0
25543;601030;2024-05-17;sexta-feira;08:09:00;SP;153.0;256.0;MARILIA;Acumulo de óleo sobre o pavimento;Tombamento;Com Vítimas Feridas;Pleno dia;Crescente;Ensolarado;Dupla;Reta;Urbano;0;0;1;0
25573;601062;2024-05-17;sexta-feira;12:00:00;SP;116.0;511.0;CAJATI;Reação tardia ou ineficiente do condutor;Colisão traseira;Com Vítimas Feridas;Pleno dia;Decrescente;Ensolarado;Simples;"Curva;Declive";Rural;0;0;3;0
25635;601132;2024-05-17;sexta-feira;18:55:00;SP;116.0;445.0;REGISTRO;Ausência de reação do condutor;Colisão traseira;Com Vítimas Feridas;Plena Noite;Crescente;Ensolarado;Múltipla;Reta;Urbano;0;0;3;0
25636;601133;2024-05-17;sexta-feira;18:30:00;SP;116.0;140.0;SAO JOSE DOS CAMPOS;Ausência de reação do condutor;Colisão com objeto;Com Vítimas Feridas;Plena Noite;Crescente;Nublado;Múltipla;Reta;Urbano;0;0;1;0
25641;601139;2024-05-17;sexta-feira;18:40:00;SP;116.0;290.0;ITAPECERICA DA SERRA;Reação tardia ou ineficiente do condutor;Colisão com objeto;Com Vítimas Feridas;Anoitecer;Decrescente;Ensolarado;Dupla;Curva;Urbano;0;0;1;0
25659;601160;2024-05-17;sexta-feira;20:28:00;SP;116.0;110.0;TAUBATE;Objeto estático sobre o leito carroçável;Colisão com objeto;Com Vítimas Feridas;Plena Noite;Decrescente;Ensolarado;Dupla;Reta;Urbano;0;0;1;0
25662;601163;2024-05-17;sexta-feira;20:20:00;SP;116.0;210.0;GUARULHOS;Reação tardia ou ineficiente do condutor;Colisão traseira;Com Vítimas Feridas;Plena Noite;Decrescente;Não Informado;Múltipla;Reta;Rural;0;0;2;0
25706;601210;2024-05-18;sábado;00:00:00;SP;116.0;178.0;GUARAREMA;Reação tardia ou ineficiente do condutor;Queda de ocupante de veículo;Com Vítimas Feridas;Plena Noite;Crescente;Não Informado;Múltipla;Curva;Urbano;0;0;1;0
25714;601221;2024-05-18;sábado;00:50:00;SP;381.0;59.0;MAIRIPORA;Ausência de reação do condutor;Colisão traseira;Com Vítimas Feridas;Plena Noite;Crescente;Ensolarado;Dupla;"Reta;Aclive";Urbano;0;0;1;0
25725;601234;2024-05-18;sábado;04:20:00;SP;153.0;64.0;SAO JOSE DO RIO PRETO;Ingestão de álcool pelo condutor;Colisão traseira;Sem Vítimas;Plena Noite;Crescente;Ensolarado;Dupla;"Viaduto;Reta;Interseção de Vias";Urbano;1;0;2;0
25733;601242;2024-05-18;sábado;06:05:00;SP;116.0;144.9;SAO JOSE DOS CAMPOS;Ausência de reação do condutor;Colisão traseira;Com Vítimas Feridas;Amanhecer;Decrescente;Ensolarado;Múltipla;Reta;Urbano;0;0;2;0
25737;601247;2024-05-18;sábado;06:20:00;SP;116.0;219.0;GUARULHOS;Manobra de mudança de faixa;Colisão lateral mesmo sentido;Com Vítimas Feridas;Amanhecer;Crescente;Ensolarado;Dupla;Reta;Rural;0;0;2;0
25757;601268;2024-05-18;sábado;07:50:00;SP;116.0;202.0;ARUJA;Reação tardia ou ineficiente do condutor;Colisão lateral mesmo sentido;Com Vítimas Feridas;Amanhecer;Decrescente;Ensolarado;Dupla;Reta;Rural;0;0;2;0
25758;601270;2024-05-18;sábado;08:05:00;SP;116.0;157.7;SAO JOSE DOS CAMPOS;Ausência de reação do condutor;Colisão traseira;Com Vítimas Feridas;Pleno dia;Decrescente;Ensolarado;Múltipla;Reta;Urbano;0;0;2;0
25777;601292;2024-05-18;sábado;09:05:00;SP;116.0;112.0;TAUBATE;Condutor deixou de manter distância do veículo da frente;Colisão traseira;Com Vítimas Feridas;Pleno dia;Crescente;Ensolarado;Dupla;Reta;Urbano;1;0;2;0
25781;601296;2024-05-18;sábado;10:30:00;SP;381.0;85.0;GUARULHOS;Ausência de reação do condutor;Colisão lateral mesmo sentido;Com Vítimas Feridas;Pleno dia;Crescente;Ensolarado;Múltipla;Reta;Urbano;0;0;1;0
25789;601305;2024-05-18;sábado;11:00:00;SP;116.0;521.0;CAJATI;Ausência de reação do condutor;Saída de leito carroçável;Com Vítimas Feridas;Pleno dia;Crescente;Chuvoso;Dupla;Curva;Rural;0;0;1;0
25800;601317;2024-05-18;sábado;11:00:00;SP;116.0;300.0;SAO LOURENCO DA SERRA;Ausência de reação do condutor;Saída de leito carroçável;Com Vítimas Feridas;Pleno dia;Decrescente;Ensolarado;Dupla;Reta;Rural;1;0;1;0
25810;601327;2024-05-18;sábado;12:00:00;SP;381.0;37.4;ATIBAIA;Reação tardia ou ineficiente do condutor;Engavetamento;Com Vítimas Feridas;Pleno dia;Decrescente;Ensolarado;Dupla;Reta;Rural;1;0;3;0
25831;601350;2024-05-18;sábado;13:18:00;SP;116.0;127.0;CACAPAVA;Acessar a via sem observar a presença dos outros veículos;Colisão lateral mesmo sentido;Com Vítimas Feridas;Pleno dia;Crescente;Ensolarado;Múltipla;"Reta;Interseção de Vias";Rural;0;0;2;0
25837;601356;2024-05-18;sábado;14:05:00;SP;116.0;84.0;PINDAMONHANGABA;Reação tardia ou ineficiente do condutor;Colisão traseira;Com Vítimas Feridas;Pleno dia;Crescente;Ensolarado;Dupla;Reta;Urbano;1;0;2;0
25850;601371;2024-05-18;sábado;15:38:00;SP;116.0;143.0;SAO JOSE DOS CAMPOS;Manobra de mudança de faixa;Colisão lateral mesmo sentido;Com Vítimas Feridas;Pleno dia;Decrescente;Ensolarado;Dupla;Reta;Urbano;2;0;2;0
25853;601375;2024-05-18;sábado;16:15:00;SP;381.0;39.5;ATIBAIA;Reação tardia ou ineficiente do condutor;Tombamento;Com Vítimas Feridas;Pleno dia;Crescente;Ensolarado;Dupla;Reta;Rural;0;0;1;0
25873;601398;2024-05-18;sábado;18:40:00;SP;116.0;221.1;GUARULHOS;Reação tardia ou ineficiente do condutor;Tombamento;Com Vítimas Feridas;Plena Noite;Crescente;Ensolarado;Múltipla;"Reta;Em Obras";Urbano;0;0;1;0
25885;601410;2024-05-10;sexta-feira;14:15:00;SP;153.0;62.5;SAO JOSE DO RIO PRETO;Reação tardia ou ineficiente do condutor;Colisão lateral mesmo sentido;Com Vítimas Feridas;Pleno dia;Crescente;Ensolarado;Dupla;"Reta;Aclive";Urbano;0;0;2;0
25890;601417;2024-05-18;sábado;20:10:00;SP;116.0;347.0;MIRACATU;Chuva;Saída de leito carroçável;Com Vítimas Feridas;Plena Noite;Crescente;Chuvoso;Dupla;Curva;Rural;1;0;1;0
25892;601419;2024-05-18;sábado;20:30:00;SP;116.0;230.0;SAO PAULO;Reação tardia ou ineficiente do condutor;Colisão traseira;Com Vítimas Feridas;Plena Noite;Crescente;Ensolarado;Dupla;"Reta;Em Obras;Desvio Temporário";Urbano;2;0;2;0
25924;601453;2024-05-18;sábado;23:30:00;SP;116.0;216.0;GUARULHOS;Entrada inopinada do pedestre;Atropelamento de Pedestre;Com Vítimas Feridas;Plena Noite;Crescente;Ensolarado;Múltipla;Reta;Urbano;0;0;1;1
25928;601457;2024-05-18;sábado;21:20:00;SP;116.0;223.0;GUARULHOS;Ultrapassagem Indevida;Colisão lateral mesmo sentido;Sem Vítimas;Plena Noite;Decrescente;Ensolarado;Múltipla;Reta;Urbano;0;0;3;0
25935;601465;2024-05-18;sábado;23:45:00;SP;153.0;66.0;SAO JOSE DO RIO PRETO;Reação tardia ou ineficiente do condutor;Saída de leito carroçável;Sem Vítimas;Plena Noite;Crescente;Ensolarado;Dupla;Reta;Urbano;0;0;1;0
25939;601471;2024-05-19;domingo;01:15:00;SP;116.0;104.0;TAUBATE;Reação tardia ou ineficiente do condutor;Colisão traseira;Com Vítimas Feridas;Plena Noite;Decrescente;Ensolarado;Dupla;Reta;Rural;1;0;2;0
25955;601489;2024-05-19;domingo;03:15:00;SP;116.0;124.0;CACAPAVA;Reação tardia ou ineficiente do condutor;Colisão traseira;Sem Vítimas;Plena Noite;Decrescente;Ensolarado;Dupla;Reta;Rural;1;0;2;0
25960;601494;2024-05-19;domingo;04:45:00;SP;116.0;150.6;SAO JOSE DOS CAMPOS;Reação tardia ou ineficiente do condutor;Capotamento;Com Vítimas Feridas;Amanhecer;Decrescente;Ensolarado;Dupla;Reta;Urbano;1;0;1;0
25983;601520;2024-05-19;domingo;04:38:00;SP;116.0;97.8;PINDAMONHANGABA;Ingestão de álcool pelo condutor;Saída de leito carroçável;Sem Vítimas;Plena Noite;Decrescente;Ensolarado;Dupla;Reta;Rural;0;0;1;0
26007;601547;2024-05-19;domingo;08:40:00;SP;116.0;209.0;GUARULHOS;Ausência de reação do condutor;Colisão com objeto;Com Vítimas Feridas;Pleno dia;Decrescente;Ensolarado;Múltipla;Reta;Urbano;0;0;2;0
26019;601562;2024-05-19;domingo;10:45:00;SP;116.0;122.7;CACAPAVA;Manobra de mudança de faixa;Colisão lateral mesmo sentido;Com Vítimas Feridas;Pleno dia;Decrescente;Ensolarado;Dupla;"Reta;Aclive";Rural;1;0;3;0
26022;601565;2024-05-19;domingo;11:10:00;SP;116.0;372.1;MIRACATU;Condutor deixou de manter distância do veículo da frente;Queda de ocupante de veículo;Com Vítimas Feridas;Pleno dia;Crescente;Ensolarado;Dupla;Reta;Rural;0;0;1;0
26046;601591;2024-05-19;domingo;14:25:00;SP;381.0;4.0;VARGEM;Objeto estático sobre o leito carroçável;Tombamento;Com Vítimas Feridas;Pleno dia;Decrescente;Ensolarado;Múltipla;Curva;Rural;1;0;1;0
26079;601625;2024-05-19;domingo;16:44:00;SP;459.0;31.7;LORENA;Transitar na contramão;Colisão frontal;Com Vítimas Feridas;Pleno dia;Crescente;Nublado;Simples;Reta;Urbano;1;0;2;0
26092;601638;2024-05-19;domingo;18:00:00;SP;116.0;91.4;PINDAMONHANGABA;Demais falhas mecânicas ou elétricas;Queda de ocupante de veículo;Com Vítimas Feridas;Anoitecer;Crescente;Ensolarado;Dupla;Reta;Urbano;1;0;1;0
26100;601647;2024-05-19;domingo;18:20:00;SP;116.0;140.9;SAO JOSE DOS CAMPOS;Condutor deixou de manter distância do veículo da frente;Colisão traseira;Com Vítimas Feridas;Plena Noite;Crescente;Ensolarado;Dupla;Reta;Urbano;1;0;2;0
26108;601656;2024-05-19;domingo;19:40:00;SP;116.0;193.0;ARUJA;Trafegar com motocicleta (ou similar) entre as faixas;Colisão lateral mesmo sentido;Com Vítimas Feridas;Plena Noite;Crescente;Nublado;Dupla;"Reta;Aclive";Rural;0;0;2;0
26146;601697;2024-05-19;domingo;22:15:00;SP;153.0;118.0;UBARANA;Animais na Pista;Atropelamento de Animal;Com Vítimas Fatais;Plena Noite;Crescente;Ensolarado;Simples;Reta;Urbano;1;0;1;0
26151;601702;2024-05-19;domingo;22:30:00;SP;116.0;546.0;BARRA DO TURVO;Pista Escorregadia;Saída de leito carroçável;Sem Vítimas;Plena Noite;Crescente;Chuvoso;Múltipla;"Curva;Declive";Rural;0;0;1;0