;Identificador do acidente;Data;Dia da semana;Horário;Estado;BR;km;Município;Causa do acidente;Tipo do acidente;Gravidade do acidente;Fase do dia;Sentido da via;Condição do tempo;Tipo de pista;Traçado da via;uso_solo;Número de passageiros;Número de cavaleiro;Número de condutor;Número de pedestre
26193;601747;2024-05-20;segunda-feira;07:15:00;SP;116.0;161.0;JACAREI;Manobra de mudança de faixa;Colisão lateral mesmo sentido;Com Vítimas Feridas;Pleno dia;Decrescente;Ensolarado;Dupla;Reta;Urbano;1;0;2;0
26195;601749;2024-05-20;segunda-feira;07:00:00;SP;116.0;229.0;SAO PAULO;Condutor deixou de manter distância do veículo da frente;Colisão traseira;Com Vítimas Feridas;Pleno dia;Crescente;Ensolarado;Múltipla;Reta;Rural;1;0;2;0
26196;601750;2024-05-20;segunda-feira;06:00:00;SP;116.0;231.0;SAO PAULO;Objeto estático sobre o leito carroçável;Colisão com objeto;Com Vítimas Feridas;Amanhecer;Crescente;Ensolarado;Múltipla;Reta;Urbano;0;0;2;0
26241;601798;2024-05-20;segunda-feira;11:00:00;SP;116.0;229.0;GUARULHOS;Reação tardia ou ineficiente do condutor;Colisão lateral mesmo sentido;Com Vítimas Feridas;Pleno dia;Decrescente;Ensolarado;Múltipla;Reta;Urbano;0;0;2;0
26252;601811;2024-05-20;segunda-feira;12:30:00;SP;116.0;138.0;SAO JOSE DOS CAMPOS;Reação tardia ou ineficiente do condutor;Saída de leito carroçável;Com Vítimas Feridas;Pleno dia;Decrescente;Ensolarado;Dupla;Reta;Rural;1;0;1;0
26260;601819;2024-05-20;segunda-feira;13:50:00;SP;381.0;84.0;SAO PAULO;Acessar a via sem observar a presença dos outros veículos;Colisão transversal;Com Vítimas Feridas;Pleno dia;Crescente;Ensolarado;Múltipla;Interseção de Vias;Rural;0;0;2;0
26279;601839;2024-05-20;segunda-feira;15:30:00;SP;153.0;39.6;ONDA VERDE;Acessar a via sem observar a presença dos outros veículos;Colisão transversal;Com Vítimas Feridas;Pleno dia;Crescente;Ensolarado;Simples;Interseção de Vias;Rural;2;0;2;0
26283;601845;2024-05-20;segunda-feira;16:00:00;SP;116.0;143.0;SAO JOSE DOS CAMPOS;Reação tardia ou ineficiente do condutor;Colisão traseira;Com Vítimas Feridas;Pleno dia;Decrescente;Ensolarado;Dupla;Reta;Urbano;0;0;2;0
26309;601873;2024-05-20;segunda-feira;19:00:00;SP;116.0;107.0;TAUBATE;Reação tardia ou ineficiente do condutor;Queda de ocupante de veículo;Com Vítimas Feridas;Plena Noite;Decrescente;Ensolarado;Dupla;Reta;Urbano;0;0;1;0
26315;601879;2024-05-20;segunda-feira;18:50:00;SP;381.0;22.0;BRAGANCA PAULISTA;Ausência de sinalização;Tombamento;Com Vítimas Feridas;Plena Noite;Decrescente;Ensolarado;Múltipla;Aclive;Rural;0;0;1;0
26321;601885;2024-05-20;segunda-feira;19:10:00;SP;153.0;91.4;JACI;Acumulo de areia ou detritos sobre o pavimento;Tombamento;Com Vítimas Feridas;Plena Noite;Crescente;Ensolarado;Simples;"Curva;Desvio Temporário";Rural;0;0;1;0
26323;601887;2024-05-20;segunda-feira;19:00:00;SP;116.0;143.0;SAO JOSE DOS CAMPOS;Acessar a via sem observar a presença dos outros veículos;Colisão lateral mesmo sentido;Com Vítimas Feridas;Plena Noite;Decrescente;Nublado;Dupla;Reta;Urbano;0;0;2;0
26363;601932;2024-05-21;terça-feira;01:25:00;SP;116.0;477.0;JACUPIRANGA;Velocidade Incompatível;Colisão traseira;Com Vítimas Fatais;Plena Noite;Decrescente;Ensolarado;Dupla;Reta;Urbano;0;0;2;0
26364;601933;2024-05-20;segunda-feira;21:00:00;SP;116.0;504.0;CAJATI;Problema com o freio;Incêndio;Sem Vítimas;Plena Noite;Decrescente;Ensolarado;Simples;"Reta;Aclive";Rural;0;0;1;0
26371;601940;2024-05-21;terça-feira;07:00:00;SP;116.0;209.0;GUARULHOS;Trafegar com motocicleta (ou similar) entre as faixas;Colisão traseira;Com Vítimas Feridas;Pleno dia;Crescente;Ensolarado;Dupla;"Reta;Aclive";Urbano;0;0;2;0
26375;601944;2024-05-21;terça-feira;07:20:00;SP;381.0;50.0;ATIBAIA;Reação tardia ou ineficiente do condutor;Capotamento;Com Vítimas Feridas;Pleno dia;Crescente;Ensolarado;Dupla;Declive;Urbano;3;0;1;0
26384;601955;2024-05-21;terça-feira;07:45:00;SP;116.0;164.0;JACAREI;Trafegar com motocicleta (ou similar) entre as faixas;Colisão traseira;Com Vítimas Feridas;Pleno dia;Decrescente;Ensolarado;Dupla;Reta;Rural;1;0;2;0
26412;601988;2024-01-31;quarta-feira;15:21:00;SP;116.0;291.0;ITAPECERICA DA SERRA;Condutor deixou de manter distância do veículo da frente;Engavetamento;Com Vítimas Feridas;Pleno dia;Decrescente;Chuvoso;Dupla;Reta;Urbano;0;0;3;0
26429;602007;2024-02-02;sexta-feira;02:02:00;SP;116.0;558.0;BARRA DO TURVO;Reação tardia ou ineficiente do condutor;Colisão traseira;Com Vítimas Feridas;Plena Noite;Crescente;Ensolarado;Dupla;Reta;Rural;0;0;3;0
26451;602031;2024-05-21;terça-feira;15:15:00;SP;101.0;45.0;UBATUBA;Trafegar com motocicleta (ou similar) entre as faixas;Colisão transversal;Com Vítimas Feridas;Pleno dia;Decrescente;Nublado;Dupla;Interseção de Vias;Urbano;0;0;2;0
26487;602071;2024-05-21;terça-feira;18:50:00;SP;381.0;37.0;ATIBAIA;Reação tardia ou ineficiente do condutor;Colisão lateral mesmo sentido;Com Vítimas Feridas;Plena Noite;Decrescente;Ensolarado;Dupla;"Aclive;Interseção de Vias;Reta";Urbano;0;0;2;0
26565;602156;2024-05-22;quarta-feira;06:40:00;SP;116.0;219.0;GUARULHOS;Manobra de mudança de faixa;Colisão lateral mesmo sentido;Com Vítimas Feridas;Pleno dia;Crescente;Nublado;Múltipla;Reta;Urbano;1;0;2;0
26587;602180;2024-03-04;segunda-feira;07:00:00;SP;381.0;86.0;SAO PAULO;Condutor deixou de manter distância do veículo da frente;Tombamento;Com Vítimas Feridas;Pleno dia;Crescente;Ensolarado;Múltipla;Reta;Urbano;0;0;2;0
26589;602182;2024-05-22;quarta-feira;09:10:00;SP;116.0;439.0;REGISTRO;Reação tardia ou ineficiente do condutor;Saída de leito carroçável;Com Vítimas Feridas;Pleno dia;Crescente;Nublado;Dupla;Reta;Urbano;0;0;1;0
26610;602207;2024-05-22;quarta-feira;10:40:00;SP;116.0;151.9;SAO JOSE DOS CAMPOS;Condutor deixou de manter distância do veículo da frente;Colisão traseira;Com Vítimas Feridas;Pleno dia;Crescente;Ensolarado;Dupla;"Reta;Aclive";Urbano;0;0;3;0
26622;602219;2024-05-22;quarta-feira;12:30:00;SP;116.0;119.0;CACAPAVA;Reação tardia ou ineficiente do condutor;Colisão lateral mesmo sentido;Com Vítimas Feridas;Pleno dia;Crescente;Ensolarado;Dupla;Reta;Rural;0;0;2;0
26629;602226;2024-05-22;quarta-feira;13:20:00;SP;116.0;161.0;JACAREI;Reação tardia ou ineficiente do condutor;Colisão lateral mesmo sentido;Com Vítimas Feridas;Pleno dia;Decrescente;Ensolarado;Dupla;Reta;Rural;0;0;2;0
26633;602231;2024-05-22;quarta-feira;09:30:00;SP;116.0;513.0;CAJATI;Ausência de reação do condutor;Saída de leito carroçável;Com Vítimas Feridas;Pleno dia;Decrescente;Ensolarado;Simples;"Curva;Declive";Rural;0;0;1;0
26636;602234;2024-05-22;quarta-feira;13:38:00;SP;116.0;55.0;LORENA;Reação tardia ou ineficiente do condutor;Tombamento;Com Vítimas Feridas;Pleno dia;Decrescente;Ensolarado;Dupla;Reta;Urbano;0;0;1;0
26638;602236;2024-04-30;terça-feira;15:00:00;SP;116.0;132.0;CACAPAVA;Reação tardia ou ineficiente do condutor;Engavetamento;Com Vítimas Feridas;Pleno dia;Decrescente;Ensolarado;Dupla;Reta;Rural;1;0;4;0
26639;602237;2024-05-22;quarta-feira;15:00:00;SP;116.0;227.0;GUARULHOS;Reação tardia ou ineficiente do condutor;Colisão traseira;Com Vítimas Feridas;Pleno dia;Crescente;Ensolarado;Dupla;"Reta;Em Obras;Declive";Urbano;0;0;2;0
26643;602241;2024-05-22;quarta-feira;14:45:00;SP;153.0;62.2;SAO JOSE DO RIO PRETO;Condutor deixou de manter distância do veículo da frente;Colisão traseira;Sem Vítimas;Pleno dia;Crescente;Ensolarado;Simples;"Reta;Aclive";Urbano;0;0;2;0
26671;602273;2024-05-22;quarta-feira;18:00:00;SP;381.0;88.5;GUARULHOS;Reação tardia ou ineficiente do condutor;Colisão traseira;Com Vítimas Feridas;Plena Noite;Decrescente;Ensolarado;Múltipla;Reta;Urbano;0;0;2;0
26704;602310;2024-05-22;quarta-feira;22:30:00;SP;381.0;66.0;MAIRIPORA;Reação tardia ou ineficiente do condutor;Colisão lateral mesmo sentido;Com Vítimas Feridas;Plena Noite;Crescente;Ensolarado;Dupla;Reta;Rural;1;0;2;0
26707;602314;2024-05-22;quarta-feira;23:00:00;SP;116.0;361.8;MIRACATU;Ausência de reação do condutor;Tombamento;Com Vítimas Feridas;Plena Noite;Crescente;Nevoeiro/Neblina;Dupla;"Curva;Declive";Rural;0;0;1;0
26722;602330;2024-05-23;quinta-feira;05:30:00;SP;116.0;201.0;ARUJA;Reação tardia ou ineficiente do condutor;Tombamento;Com Vítimas Feridas;Plena Noite;Crescente;Ensolarado;Dupla;"Curva;Aclive";Rural;0;0;1;0
26726;602334;2024-05-23;quinta-feira;06:30:00;SP;116.0;230.0;SAO PAULO;Ausência de reação do condutor;Colisão com objeto;Com Vítimas Feridas;Pleno dia;Crescente;Ensolarado;Dupla;Reta;Rural;0;0;1;0
26731;602340;2024-05-23;quinta-feira;00:00:00;SP;116.0;513.0;CAJATI;Ausência de reação do condutor;Tombamento;Com Vítimas Feridas;Plena Noite;Decrescente;Chuvoso;Dupla;"Curva;Declive";Rural;0;0;1;0
26739;602350;2024-05-23;quinta-feira;07:30:00;SP;116.0;206.0;GUARULHOS;Trafegar com motocicleta (ou similar) entre as faixas;Tombamento;Com Vítimas Feridas;Pleno dia;Crescente;Ensolarado;Dupla;"Reta;Em Obras";Urbano;0;0;1;0
26740;602351;2024-05-23;quinta-feira;07:30:00;SP;116.0;224.0;GUARULHOS;Trafegar com motocicleta (ou similar) entre as faixas;Colisão lateral mesmo sentido;Com Vítimas Feridas;Pleno dia;Crescente;Ensolarado;Múltipla;Reta;Urbano;0;0;3;0
26749;602361;2024-05-23;quinta-feira;08:00:00;SP;116.0;156.0;SAO JOSE DOS CAMPOS;Acessar a via sem observar a presença dos outros veículos;Colisão lateral mesmo sentido;Com Vítimas Feridas;Pleno dia;Decrescente;Ensolarado;Múltipla;"Reta;Aclive";Urbano;1;0;2;0
26755;602368;2024-05-23;quinta-feira;09:00:00;SP;381.0;27.0;ATIBAIA;Manobra de mudança de faixa;Colisão lateral mesmo sentido;Com Vítimas Feridas;Pleno dia;Decrescente;Ensolarado;Múltipla;Reta;Urbano;0;0;2;0
26756;602369;2024-05-23;quinta-feira;09:04:00;SP;116.0;209.0;GUARULHOS;Ausência de reação do condutor;Colisão traseira;Com Vítimas Feridas;Pleno dia;Decrescente;Ensolarado;Múltipla;Reta;Urbano;0;0;2;0
26763;602377;2024-05-23;quinta-feira;09:40:00;SP;116.0;192.0;SANTA ISABEL;Reação tardia ou ineficiente do condutor;Colisão com objeto;Com Vítimas Feridas;Pleno dia;Decrescente;Ensolarado;Múltipla;Curva;Urbano;1;0;1;0
26772;602386;2024-05-23;quinta-feira;10:40:00;SP;116.0;197.0;ARUJA;Reação tardia ou ineficiente do condutor;Colisão traseira;Com Vítimas Feridas;Pleno dia;Crescente;Ensolarado;Dupla;"Curva;Aclive";Rural;0;0;2;0
26803;602418;2024-05-23;quinta-feira;14:40:00;SP;116.0;289.1;ITAPECERICA DA SERRA;Ausência de reação do condutor;Colisão lateral mesmo sentido;Sem Vítimas;Pleno dia;Decrescente;Ensolarado;Dupla;Reta;Rural;0;0;2;0
26810;602425;2024-05-23;quinta-feira;13:40:00;SP;101.0;41.0;UBATUBA;Carga excessiva e/ou mal acondicionada;Tombamento;Com Vítimas Feridas;Pleno dia;Decrescente;Ensolarado;Simples;Reta;Rural;0;0;1;0
26836;602452;2024-05-23;quinta-feira;18:00:00;SP;116.0;230.0;SAO PAULO;Trafegar com motocicleta (ou similar) entre as faixas;Colisão lateral mesmo sentido;Com Vítimas Feridas;Plena Noite;Decrescente;Nublado;Múltipla;Reta;Urbano;1;0;2;0
26905;602526;2024-05-23;quinta-feira;19:52:00;SP;381.0;85.5;SAO PAULO;Pedestre andava na pista;Atropelamento de Pedestre;Com Vítimas Feridas;Plena Noite;Decrescente;Nublado;Dupla;Reta;Urbano;1;0;1;1
26906;602527;2024-05-24;sexta-feira;02:00:00;SP;116.0;222.0;GUARULHOS;Condutor deixou de manter distância do veículo da frente;Engavetamento;Sem Vítimas;Plena Noite;Decrescente;Ensolarado;Múltipla;Reta;Urbano;0;0;3;0
26907;602528;2024-05-24;sexta-feira;02:00:00;SP;116.0;104.9;TAUBATE;Reação tardia ou ineficiente do condutor;Colisão traseira;Sem Vítimas;Plena Noite;Decrescente;Ensolarado;Dupla;"Reta;Declive";Rural;0;0;2;0
26939;602561;2024-05-24;sexta-feira;04:50:00;SP;101.0;50.5;UBATUBA;Ausência de reação do condutor;Saída de leito carroçável;Sem Vítimas;Amanhecer;Crescente;Ensolarado;Simples;Reta;Urbano;0;0;1;0
26949;602573;2024-05-24;sexta-feira;08:10:00;SP;488.0;0.2;APARECIDA;Ingestão de álcool pelo condutor;Colisão traseira;Sem Vítimas;Pleno dia;Crescente;Ensolarado;Dupla;Reta;Urbano;0;0;2;0
26957;602581;2024-05-24;sexta-feira;10:00:00;SP;116.0;158.0;JACAREI;Ausência de reação do condutor;Colisão traseira;Com Vítimas Feridas;Pleno dia;Decrescente;Ensolarado;Dupla;Reta;Urbano;0;0;2;0
26965;602590;2024-05-24;sexta-feira;10:50:00;SP;101.0;40.2;UBATUBA;Ultrapassagem Indevida;Colisão lateral sentido oposto;Com Vítimas Feridas;Pleno dia;Crescente;Ensolarado;Simples;"Reta;Interseção de Vias";Rural;1;0;2;0
26968;602593;2024-05-24;sexta-feira;11:20:00;SP;153.0;65.3;SAO JOSE DO RIO PRETO;Acumulo de areia ou detritos sobre o pavimento;Tombamento;Com Vítimas Feridas;Pleno dia;Crescente;Ensolarado;Simples;"Curva;Aclive";Urbano;0;0;1;0
26969;602594;2024-05-24;sexta-feira;09:40:00;SP;116.0;213.0;GUARULHOS;Ausência de reação do condutor;Colisão traseira;Sem Vítimas;Pleno dia;Decrescente;Ensolarado;Múltipla;Reta;Rural;0;0;2;0
26987;602614;2024-05-24;sexta-feira;13:30:00;SP;153.0;59.5;SAO JOSE DO RIO PRETO;Acessar a via sem observar a presença dos outros veículos;Tombamento;Com Vítimas Feridas;Pleno dia;Crescente;Ensolarado;Dupla;Reta;Urbano;0;0;1;0
27009;602640;2024-05-24;sexta-feira;13:50:00;SP;116.0;122.0;TAUBATE;Condutor deixou de manter distância do veículo da frente;Engavetamento;Com Vítimas Feridas;Pleno dia;Decrescente;Nublado;Dupla;"Reta;Aclive";Rural;1;0;6;0
27018;602649;2024-05-24;sexta-feira;15:15:00;SP;116.0;220.0;GUARULHOS;Reação tardia ou ineficiente do condutor;Colisão traseira;Com Vítimas Feridas;Pleno dia;Decrescente;Não Informado;Múltipla;Reta;Urbano;0;0;2;0
27029;602660;2024-05-24;sexta-feira;16:45:00;SP;101.0;40.2;UBATUBA;Acessar a via sem observar a presença dos outros veículos;Colisão transversal;Com Vítimas Feridas;Pleno dia;Crescente;Chuvoso;Simples;"Reta;Interseção de Vias";Rural;1;0;2;0
27031;602663;2024-05-24;sexta-feira;15:30:00;SP;381.0;69.0;MAIRIPORA;Reação tardia ou ineficiente do condutor;Colisão lateral mesmo sentido;Com Vítimas Feridas;Pleno dia;Crescente;Chuvoso;Dupla;"Curva;Aclive";Rural;0;0;2;0
27043;602675;2024-05-24;sexta-feira;16:01:00;SP;116.0;561.0;BARRA DO TURVO;Reação tardia ou ineficiente do condutor;Colisão com objeto;Com Vítimas Feridas;Pleno dia;Crescente;Chuvoso;Dupla;"Curva;Declive";Rural;1;0;1;0
27055;602689;2024-05-24;sexta-feira;18:15:00;SP;116.0;221.0;GUARULHOS;Condutor deixou de manter distância do veículo da frente;Tombamento;Com Vítimas Feridas;Plena Noite;Decrescente;Ensolarado;Dupla;Reta;Urbano;0;0;1;0
27064;602698;2024-05-23;quinta-feira;16:05:00;SP;116.0;138.0;SAO JOSE DOS CAMPOS;Demais falhas mecânicas ou elétricas;Tombamento;Com Vítimas Feridas;Pleno dia;Decrescente;Ensolarado;Dupla;Reta;Rural;0;0;1;0
27098;602738;2024-05-24;sexta-feira;18:30:00;SP;116.0;148.0;SAO JOSE DOS CAMPOS;Trafegar com motocicleta (ou similar) entre as faixas;Colisão lateral mesmo sentido;Com Vítimas Feridas;Plena Noite;Decrescente;Ensolarado;Dupla;Reta;Urbano;0;0;1;0
27099;602739;2024-05-24;sexta-feira;20:20:00;SP;116.0;153.0;SAO JOSE DOS CAMPOS;Avarias e/ou desgaste excessivo no pneu;Tombamento;Com Vítimas Feridas;Plena Noite;Crescente;Nublado;Dupla;Reta;Urbano;0;0;1;0
27116;602757;2024-05-24;sexta-feira;21:00:00;SP;116.0;77.0;ROSEIRA;Ausência de reação do condutor;Tombamento;Com Vítimas Feridas;Plena Noite;Decrescente;Nublado;Dupla;Reta;Rural;0;0;1;0
27133;602775;2024-05-25;sábado;00:00:00;SP;116.0;212.0;GUARULHOS;Manobra de mudança de faixa;Colisão traseira;Sem Vítimas;Plena Noite;Decrescente;Nublado;Múltipla;Reta;Urbano;0;0;2;0
27158;602803;2024-05-25;sábado;03:40:00;SP;116.0;70.0;APARECIDA;Acessar a via sem observar a presença dos outros veículos;Atropelamento de Pedestre;Com Vítimas Feridas;Plena Noite;Crescente;Ensolarado;Dupla;Reta;Rural;1;0;1;1
27163;602808;2024-05-25;sábado;03:30:00;SP;116.0;29.5;CRUZEIRO;Condutor Dormindo;Colisão traseira;Com Vítimas Feridas;Pleno dia;Decrescente;Ensolarado;Dupla;Declive;Rural;0;0;2;0
27190;602837;2024-05-25;sábado;06:57:00;SP;153.0;64.7;SAO JOSE DO RIO PRETO;Reação tardia ou ineficiente do condutor;Colisão com objeto;Sem Vítimas;Amanhecer;Decrescente;Nublado;Dupla;"Reta;Aclive";Urbano;0;0;1;0
27197;602845;2024-05-25;sábado;08:30:00;SP;116.0;208.0;GUARULHOS;Trafegar com motocicleta (ou similar) entre as faixas;Queda de ocupante de veículo;Com Vítimas Feridas;Pleno dia;Decrescente;Nublado;Dupla;Reta;Rural;1;0;1;0
27204;602853;2024-05-25;sábado;09:00:00;SP;116.0;160.0;JACAREI;Manobra de mudança de faixa;Colisão lateral mesmo sentido;Com Vítimas Feridas;Pleno dia;Decrescente;Ensolarado;Dupla;Reta;Rural;0;0;2;0
27207;602856;2024-05-25;sábado;08:50:00;SP;116.0;218.0;GUARULHOS;Ausência de reação do condutor;Colisão traseira;Com Vítimas Feridas;Pleno dia;Crescente;Nublado;Múltipla;"Reta;Declive";Urbano;0;0;2;0
27212;602861;2024-05-25;sábado;09:40:00;SP;116.0;210.0;GUARULHOS;Frear bruscamente;Tombamento;Com Vítimas Feridas;Pleno dia;Crescente;Ensolarado;Múltipla;Reta;Urbano;1;0;3;0
27248;602901;2024-05-25;sábado;15:00:00;SP;116.0;347.0;MIRACATU;Chuva;Colisão com objeto;Com Vítimas Feridas;Pleno dia;Crescente;Chuvoso;Dupla;Curva;Rural;0;0;1;0
27249;602902;2024-05-25;sábado;15:40:00;SP;116.0;219.0;GUARULHOS;Trafegar com motocicleta (ou similar) entre as faixas;Colisão lateral mesmo sentido;Com Vítimas Feridas;Pleno dia;Decrescente;Nublado;Múltipla;"Reta;Em Obras";Urbano;0;0;2;0
27282;602936;2024-05-25;sábado;19:00:00;SP;101.0;50.0;UBATUBA;Acessar a via sem observar a presença dos outros veículos;Colisão frontal;Com Vítimas Feridas;Plena Noite;Decrescente;Chuvoso;Simples;Reta;Urbano;0;0;3;0
27297;602954;2024-05-25;sábado;19:15:00;SP;116.0;102.6;PINDAMONHANGABA;Demais falhas mecânicas ou elétricas;Tombamento;Com Vítimas Feridas;Plena Noite;Crescente;Ensolarado;Dupla;"Reta;Declive";Rural;1;0;1;0
27323;602983;2024-05-26;domingo;00:00:00;SP;116.0;280.0;EMBU DAS ARTES;Ausência de reação do condutor;Colisão traseira;Com Vítimas Feridas;Plena Noite;Crescente;Ensolarado;Dupla;Reta;Urbano;5;0;4;0
27332;602992;2024-05-26;domingo;00:00:00;SP;116.0;279.0;EMBU DAS ARTES;Ausência de reação do condutor;Colisão traseira;Com Vítimas Feridas;Plena Noite;Crescente;Chuvoso;Dupla;Reta;Urbano;3;0;2;0
27333;602993;2024-05-26;domingo;00:05:00;SP;116.0;59.7;GUARATINGUETA;Ingestão de álcool pelo condutor;Colisão traseira;Sem Vítimas;Plena Noite;Crescente;Nublado;Dupla;Reta;Rural;4;0;2;0
27336;602996;2024-05-26;domingo;01:10:00;SP;381.0;73.0;SAO PAULO;Chuva;Colisão com objeto;Sem Vítimas;Plena Noite;Crescente;Chuvoso;Simples;"Curva;Declive";Rural;0;0;1;0
27367;603031;2024-05-26;domingo;05:30:00;SP;381.0;37.0;ATIBAIA;Velocidade Incompatível;Saída de leito carroçável;Sem Vítimas;Plena Noite;Decrescente;Chuvoso;Dupla;"Reta;Aclive";Urbano;0;0;1;0
27370;603034;2024-05-26;domingo;05:30:00;SP;116.0;228.0;SAO PAULO;Reação tardia ou ineficiente do condutor;Colisão traseira;Com Vítimas Feridas;Amanhecer;Crescente;Chuvoso;Múltipla;Reta;Urbano;0;0;2;0
27402;603074;2024-05-26;domingo;10:00:00;SP;116.0;192.7;SANTA ISABEL;Reação tardia ou ineficiente do condutor;Colisão com objeto;Sem Vítimas;Pleno dia;Crescente;Chuvoso;Dupla;"Curva;Declive";Rural;0;0;1;0
27414;603086;2024-05-26;domingo;11:45:00;SP;116.0;230.0;SAO PAULO;Entrada inopinada do pedestre;Atropelamento de Pedestre;Com Vítimas Fatais;Pleno dia;Crescente;Chuvoso;Múltipla;Reta;Urbano;0;0;1;1
27415;603087;2024-05-26;domingo;11:50:00;SP;381.0;76.0;SAO PAULO;Demais falhas mecânicas ou elétricas;Incêndio;Sem Vítimas;Pleno dia;Crescente;Chuvoso;Dupla;"Curva;Declive";Rural;0;0;1;0
27423;603095;2024-05-26;domingo;12:45:00;SP;116.0;567.9;BARRA DO TURVO;Chuva;Saída de leito carroçável;Com Vítimas Feridas;Pleno dia;Decrescente;Chuvoso;Dupla;Curva;Rural;1;0;1;0
27427;603099;2024-05-26;domingo;13:00:00;SP;381.0;85.0;SAO PAULO;Frear bruscamente;Colisão com objeto;Com Vítimas Feridas;Pleno dia;Decrescente;Chuvoso;Múltipla;Curva;Urbano;1;0;1;0
27433;603105;2024-05-26;domingo;12:00:00;SP;381.0;75.0;SAO PAULO;Reação tardia ou ineficiente do condutor;Capotamento;Com Vítimas Feridas;Pleno dia;Crescente;Chuvoso;Dupla;Curva;Rural;1;0;1;0
27451;603126;2024-05-26;domingo;15:00:00;SP;101.0;49.5;UBATUBA;Manobra de mudança de faixa;Colisão transversal;Com Vítimas Feridas;Pleno dia;Crescente;Chuvoso;Simples;Reta;Urbano;0;0;2;0
27471;603147;2024-05-26;domingo;17:10:00;SP;116.0;72.0;APARECIDA;Reação tardia ou ineficiente do condutor;Colisão traseira;Com Vítimas Feridas;Pleno dia;Crescente;Chuvoso;Dupla;Reta;Urbano;0;0;2;0
27498;603174;2024-05-26;domingo;18:20:00;SP;381.0;34.0;ATIBAIA;Ausência de reação do condutor;Colisão lateral mesmo sentido;Com Vítimas Feridas;Plena Noite;Decrescente;Chuvoso;Múltipla;"Reta;Aclive";Rural;1;0;5;0
27582;603261;2024-05-27;segunda-feira;04:20:00;SP;381.0;35.0;ATIBAIA;Pista Escorregadia;Capotamento;Com Vítimas Feridas;Plena Noite;Decrescente;Chuvoso;Dupla;"Reta;Declive";Rural;0;0;1;0
27598;603278;2024-05-27;segunda-feira;06:20:00;SP;116.0;192.0;SANTA ISABEL;Ausência de reação do condutor;Colisão com objeto;Com Vítimas Feridas;Pleno dia;Decrescente;Chuvoso;Dupla;Reta;Rural;0;0;1;0
27636;603321;2024-05-27;segunda-feira;09:40:00;SP;381.0;59.9;MAIRIPORA;Condutor deixou de manter distância do veículo da frente;Engavetamento;Com Vítimas Feridas;Pleno dia;Crescente;Chuvoso;Dupla;"Curva;Declive";Rural;1;0;3;0
27637;603322;2024-05-27;segunda-feira;09:40:00;SP;116.0;292.0;ITAPECERICA DA SERRA;Reação tardia ou ineficiente do condutor;Colisão frontal;Com Vítimas Feridas;Pleno dia;Crescente;Chuvoso;Simples;"Curva;Ponte";Urbano;0;0;2;0
27663;603350;2024-05-27;segunda-feira;12:30:00;SP;116.0;177.0;GUARAREMA;Acessar a via sem observar a presença dos outros veículos;Atropelamento de Pedestre;Com Vítimas Feridas;Pleno dia;Decrescente;Nublado;Múltipla;Reta;Rural;0;0;1;1
27667;603355;2024-05-27;segunda-feira;15:30:00;SP;116.0;511.0;CAJATI;Pista Escorregadia;Saída de leito carroçável;Sem Vítimas;Pleno dia;Crescente;Chuvoso;Múltipla;Curva;Rural;0;0;1;0
27681;603369;2024-05-27;segunda-feira;12:10:00;SP;116.0;496.3;CAJATI;Reação tardia ou ineficiente do condutor;Colisão traseira;Com Vítimas Feridas;Pleno dia;Crescente;Nublado;Dupla;Curva;Rural;3;0;2;0
27694;603384;2024-05-27;segunda-feira;15:25:00;SP;153.0;87.6;MIRASSOL;Mal súbito do condutor;Colisão traseira;Com Vítimas Feridas;Pleno dia;Crescente;Ensolarado;Simples;"Reta;Aclive";Urbano;0;0;2;0
27703;603393;2024-05-27;segunda-feira;16:00:00;SP;116.0;347.9;MIRACATU;Reação tardia ou ineficiente do condutor;Colisão com objeto;Com Vítimas Feridas;Pleno dia;Crescente;Chuvoso;Múltipla;"Reta;Declive";Rural;0;0;1;0
27712;603403;2024-05-27;segunda-feira;15:30:00;SP;381.0;75.3;SAO PAULO;Manobra de mudança de faixa;Colisão lateral mesmo sentido;Com Vítimas Feridas;Pleno dia;Crescente;Chuvoso;Dupla;Curva;Rural;0;0;2;0
27767;603462;2024-05-27;segunda-feira;21:30:00;SP;381.0;82.0;SAO PAULO;Ausência de reação do condutor;Colisão traseira;Com Vítimas Feridas;Plena Noite;Crescente;Nevoeiro/Neblina;Múltipla;Reta;Urbano;0;0;2;0
27782;603477;2024-05-28;terça-feira;00:30:00;SP;381.0;62.2;MAIRIPORA;Ausência de reação do condutor;Colisão com objeto;Com Vítimas Feridas;Plena Noite;Crescente;Ensolarado;Dupla;Reta;Rural;0;0;1;0
27783;603478;2024-05-27;segunda-feira;23:33:00;SP;116.0;517.0;CAJATI;Reação tardia ou ineficiente do condutor;Saída de leito carroçável;Com Vítimas Feridas;Plena Noite;Decrescente;Chuvoso;Dupla;"Curva;Declive";Rural;1;0;1;0
27807;603506;2024-05-28;terça-feira;07:00:00;SP;116.0;229.0;SAO PAULO;Manobra de mudança de faixa;Colisão lateral mesmo sentido;Com Vítimas Feridas;Pleno dia;Crescente;Nublado;Múltipla;"Reta;Em Obras";Urbano;0;0;2;0