;Identificador do acidente;Data;Dia da semana;Horário;Estado;BR;km;Município;Causa do acidente;Tipo do acidente;Gravidade do acidente;Fase do dia;Sentido da via;Condição do tempo;Tipo de pista;Traçado da via;uso_solo;Número de passageiros;Número de cavaleiro;Número de condutor;Número de pedestre
27808;603507;2024-05-28;terça-feira;07:00:00;SP;116.0;277.8;EMBU DAS ARTES;Ausência de reação do condutor;Colisão frontal;Sem Vítimas;Pleno dia;Decrescente;Ensolarado;Dupla;"Curva;Aclive";Urbano;0;0;2;0
27809;603508;2024-05-28;terça-feira;06:05:00;SP;116.0;131.5;CACAPAVA;Animais na Pista;Atropelamento de Animal;Com Vítimas Feridas;Amanhecer;Crescente;Nublado;Dupla;"Reta;Interseção de Vias";Rural;0;0;1;0
27818;603521;2024-05-28;terça-feira;07:35:00;SP;101.0;47.4;UBATUBA;Acessar a via sem observar a presença dos outros veículos;Colisão transversal;Com Vítimas Fatais;Pleno dia;Crescente;Ensolarado;Simples;Reta;Urbano;1;0;2;0
27830;603533;2024-05-28;terça-feira;08:10:00;SP;101.0;46.0;UBATUBA;Ausência de reação do condutor;Colisão traseira;Com Vítimas Feridas;Pleno dia;Crescente;Ensolarado;Simples;Reta;Urbano;0;0;2;0
27854;603558;2024-05-28;terça-feira;11:00:00;SP;381.0;69.0;MAIRIPORA;Reação tardia ou ineficiente do condutor;Colisão com objeto;Com Vítimas Feridas;Pleno dia;Crescente;Nublado;Dupla;Reta;Rural;0;0;1;0
27860;603565;2024-05-28;terça-feira;12:05:00;SP;116.0;475.4;JACUPIRANGA;Acesso irregular;Colisão transversal;Com Vítimas Feridas;Pleno dia;Decrescente;Ensolarado;Dupla;Interseção de Vias;Urbano;0;0;2;0
27861;603566;2024-05-23;quinta-feira;11:28:00;SP;;;TAUBATE;Velocidade Incompatível;Saída de leito carroçável;Com Vítimas Feridas;Pleno dia;Não Informado;Ensolarado;Simples;Aclive;Urbano;0;0;1;0
27880;603590;2024-05-28;terça-feira;12:40:00;SP;116.0;134.0;SAO JOSE DOS CAMPOS;Ausência de reação do condutor;Colisão com objeto;Sem Vítimas;Pleno dia;Decrescente;Ensolarado;Dupla;Reta;Rural;0;0;1;0
27892;603604;2024-05-28;terça-feira;16:30:00;SP;116.0;206.0;GUARULHOS;Ausência de reação do condutor;Colisão lateral mesmo sentido;Com Vítimas Feridas;Pleno dia;Crescente;Ensolarado;Múltipla;Reta;Urbano;0;0;2;0
27895;603607;2024-05-28;terça-feira;12:12:00;SP;153.0;41.4;ONDA VERDE;Mal súbito do condutor;Saída de leito carroçável;Com Vítimas Fatais;Pleno dia;Decrescente;Nublado;Simples;"Reta;Declive";Rural;0;0;1;0
27902;603614;2024-05-28;terça-feira;18:00:00;SP;116.0;134.0;SAO JOSE DOS CAMPOS;Manobra de mudança de faixa;Colisão lateral mesmo sentido;Com Vítimas Feridas;Anoitecer;Crescente;Ensolarado;Múltipla;Reta;Rural;1;0;2;0
27904;603616;2024-05-28;terça-feira;17:30:00;SP;116.0;291.0;ITAPECERICA DA SERRA;Condutor deixou de manter distância do veículo da frente;Queda de ocupante de veículo;Com Vítimas Feridas;Anoitecer;Crescente;Nublado;Dupla;Reta;Rural;0;0;2;0
27914;603627;2024-05-28;terça-feira;17:40:00;SP;153.0;335.7;SALTO GRANDE;Afundamento ou ondulação no pavimento;Queda de ocupante de veículo;Com Vítimas Feridas;Anoitecer;Decrescente;Nublado;Simples;Reta;Rural;0;0;1;0
27936;603652;2024-05-28;terça-feira;20:20:00;SP;116.0;111.0;TAUBATE;Reação tardia ou ineficiente do condutor;Colisão lateral mesmo sentido;Com Vítimas Feridas;Plena Noite;Crescente;Ensolarado;Dupla;Reta;Urbano;0;0;2;0
27943;603659;2024-05-28;terça-feira;21:45:00;SP;116.0;222.0;GUARULHOS;Ausência de reação do condutor;Colisão traseira;Com Vítimas Feridas;Plena Noite;Decrescente;Nublado;Múltipla;Reta;Urbano;0;0;2;0
27977;603693;2024-05-29;quarta-feira;07:00:00;SP;116.0;284.0;ITAPECERICA DA SERRA;Trafegar com motocicleta (ou similar) entre as faixas;Tombamento;Com Vítimas Feridas;Pleno dia;Decrescente;Nublado;Dupla;Reta;Urbano;0;0;2;0
27984;603702;2024-05-29;quarta-feira;07:15:00;SP;153.0;59.9;SAO JOSE DO RIO PRETO;Condutor deixou de manter distância do veículo da frente;Colisão traseira;Com Vítimas Feridas;Pleno dia;Crescente;Ensolarado;Dupla;Reta;Urbano;0;0;2;0
27988;603706;2024-05-29;quarta-feira;08:00:00;SP;116.0;306.0;SAO LOURENCO DA SERRA;Condutor Dormindo;Colisão traseira;Com Vítimas Feridas;Pleno dia;Crescente;Ensolarado;Dupla;Reta;Rural;2;0;6;0
27992;603710;2024-05-29;quarta-feira;07:40:00;SP;116.0;144.6;SAO JOSE DOS CAMPOS;Ausência de reação do condutor;Colisão traseira;Com Vítimas Feridas;Pleno dia;Crescente;Ensolarado;Dupla;Reta;Rural;1;0;3;0
27999;603717;2024-05-29;quarta-feira;08:00:00;SP;116.0;60.7;GUARATINGUETA;Manobra de mudança de faixa;Colisão lateral mesmo sentido;Com Vítimas Feridas;Pleno dia;Crescente;Ensolarado;Dupla;Reta;Rural;0;0;2;0
28002;603721;2024-05-29;quarta-feira;08:50:00;SP;153.0;61.0;SAO JOSE DO RIO PRETO;Reação tardia ou ineficiente do condutor;Tombamento;Com Vítimas Feridas;Pleno dia;Crescente;Ensolarado;Múltipla;"Reta;Declive";Urbano;0;0;1;0
28006;603725;2024-05-29;quarta-feira;09:00:00;SP;116.0;212.0;GUARULHOS;Reação tardia ou ineficiente do condutor;Colisão traseira;Com Vítimas Feridas;Pleno dia;Crescente;Ensolarado;Dupla;Reta;Urbano;1;0;2;0
28016;603739;2024-05-29;quarta-feira;10:30:00;SP;116.0;213.0;GUARULHOS;Reação tardia ou ineficiente do condutor;Tombamento;Com Vítimas Feridas;Pleno dia;Crescente;Ensolarado;Dupla;Reta;Urbano;1;0;1;0
28019;603742;2024-05-29;quarta-feira;11:10:00;SP;116.0;216.0;GUARULHOS;Avarias e/ou desgaste excessivo no pneu;Queda de ocupante de veículo;Com Vítimas Feridas;Pleno dia;Decrescente;Ensolarado;Múltipla;Reta;Urbano;1;0;1;0
28034;603760;2024-05-29;quarta-feira;11:50:00;SP;381.0;79.0;SAO PAULO;Velocidade Incompatível;Queda de ocupante de veículo;Com Vítimas Feridas;Pleno dia;Decrescente;Ensolarado;Dupla;Reta;Rural;0;0;1;0
28041;603767;2024-05-29;quarta-feira;12:20:00;SP;116.0;216.0;GUARULHOS;Manobra de mudança de faixa;Colisão com objeto;Com Vítimas Feridas;Pleno dia;Decrescente;Ensolarado;Múltipla;Reta;Urbano;0;0;1;0
28048;603776;2024-05-29;quarta-feira;14:00:00;SP;101.0;44.0;UBATUBA;Acessar a via sem observar a presença dos outros veículos;Colisão transversal;Com Vítimas Feridas;Pleno dia;Decrescente;Ensolarado;Simples;Curva;Rural;0;0;2;0
28050;603778;2024-05-29;quarta-feira;13:40:00;SP;153.0;34.5;NOVA GRANADA;Ausência de reação do condutor;Colisão frontal;Com Vítimas Feridas;Pleno dia;Crescente;Ensolarado;Simples;Reta;Rural;0;0;3;0
28054;603783;2024-05-29;quarta-feira;14:50:00;SP;116.0;223.0;GUARULHOS;Ausência de reação do condutor;Colisão traseira;Com Vítimas Feridas;Pleno dia;Decrescente;Ensolarado;Múltipla;Reta;Urbano;0;0;2;0
28069;603800;2024-05-02;quinta-feira;21:20:00;SP;116.0;157.1;SAO JOSE DOS CAMPOS;Ausência de reação do condutor;Colisão traseira;Com Vítimas Feridas;Plena Noite;Decrescente;Nublado;Dupla;Reta;Urbano;1;0;2;0
28092;603825;2024-05-29;quarta-feira;18:34:00;SP;116.0;113.0;TAUBATE;Reação tardia ou ineficiente do condutor;Colisão lateral mesmo sentido;Com Vítimas Feridas;Plena Noite;Decrescente;Ensolarado;Múltipla;Reta;Urbano;0;0;1;0
28099;603832;2024-05-29;quarta-feira;18:30:00;SP;116.0;214.0;GUARULHOS;Condutor deixou de manter distância do veículo da frente;Colisão traseira;Com Vítimas Feridas;Plena Noite;Crescente;Chuvoso;Dupla;Reta;Urbano;1;0;2;0
28104;603837;2024-05-29;quarta-feira;18:40:00;SP;381.0;61.0;MAIRIPORA;Condutor deixou de manter distância do veículo da frente;Engavetamento;Sem Vítimas;Plena Noite;Decrescente;Ensolarado;Múltipla;"Reta;Aclive";Rural;0;0;3;0
28158;603898;2024-05-29;quarta-feira;21:50:00;SP;116.0;217.0;GUARULHOS;Reação tardia ou ineficiente do condutor;Colisão traseira;Com Vítimas Feridas;Plena Noite;Decrescente;Não Informado;Múltipla;Reta;Urbano;0;0;2;0
28180;603923;2024-05-30;quinta-feira;01:10:00;SP;153.0;176.0;LINS;Reação tardia ou ineficiente do condutor;Saída de leito carroçável;Sem Vítimas;Plena Noite;Decrescente;Ensolarado;Simples;Reta;Rural;0;0;1;0
28183;603926;2024-05-30;quinta-feira;01:20:00;SP;116.0;499.0;CAJATI;Reação tardia ou ineficiente do condutor;Tombamento;Com Vítimas Fatais;Plena Noite;Crescente;Ensolarado;Simples;Curva;Rural;0;0;1;0
28195;603940;2024-05-30;quinta-feira;04:58:00;SP;116.0;113.0;TAUBATE;Ausência de reação do condutor;Colisão com objeto;Com Vítimas Feridas;Plena Noite;Crescente;Nublado;Dupla;Reta;Rural;1;0;1;0
28209;603956;2024-05-30;quinta-feira;07:20:00;SP;116.0;80.3;ROSEIRA;Ausência de reação do condutor;Colisão traseira;Com Vítimas Feridas;Pleno dia;Crescente;Ensolarado;Dupla;Reta;Rural;0;0;2;0
28215;603963;2024-05-30;quinta-feira;08:00:00;SP;116.0;117.0;TAUBATE;Reação tardia ou ineficiente do condutor;Engavetamento;Com Vítimas Feridas;Pleno dia;Decrescente;Ensolarado;Dupla;Reta;Urbano;1;0;4;0
28233;603985;2024-05-30;quinta-feira;08:30:00;SP;116.0;143.5;SAO JOSE DOS CAMPOS;Reação tardia ou ineficiente do condutor;Colisão traseira;Sem Vítimas;Pleno dia;Decrescente;Ensolarado;Dupla;Reta;Urbano;0;0;2;0
28235;603988;2024-05-30;quinta-feira;10:30:00;SP;116.0;217.0;GUARULHOS;Acessar a via sem observar a presença dos outros veículos;Colisão transversal;Com Vítimas Feridas;Pleno dia;Decrescente;Ensolarado;Múltipla;Reta;Urbano;0;0;2;0
28269;604027;2024-05-30;quinta-feira;14:10:00;SP;116.0;279.0;EMBU DAS ARTES;Reação tardia ou ineficiente do condutor;Colisão lateral mesmo sentido;Com Vítimas Feridas;Pleno dia;Decrescente;Ensolarado;Dupla;Reta;Urbano;0;0;3;0
28279;604037;2024-05-30;quinta-feira;15:05:00;SP;116.0;114.0;TAUBATE;Ausência de reação do condutor;Colisão traseira;Com Vítimas Feridas;Pleno dia;Decrescente;Ensolarado;Dupla;Reta;Rural;0;0;2;0
28291;604050;2024-05-30;quinta-feira;15:40:00;SP;381.0;10.0;VARGEM;Condutor deixou de manter distância do veículo da frente;Colisão lateral mesmo sentido;Sem Vítimas;Pleno dia;Crescente;Ensolarado;Dupla;Reta;Urbano;0;0;2;0
28305;604065;2024-05-30;quinta-feira;16:30:00;SP;101.0;49.5;UBATUBA;Retorno proibido;Colisão transversal;Com Vítimas Feridas;Pleno dia;Crescente;Ensolarado;Simples;Reta;Urbano;5;0;2;0
28306;604066;2024-03-24;domingo;06:30:00;SP;116.0;525.0;BARRA DO TURVO;Ausência de reação do condutor;Saída de leito carroçável;Sem Vítimas;Amanhecer;Crescente;Nublado;Dupla;Reta;Rural;1;0;1;0
28358;604123;2024-05-30;quinta-feira;22:20:00;SP;116.0;58.8;GUARATINGUETA;Reação tardia ou ineficiente do condutor;Colisão traseira;Com Vítimas Feridas;Plena Noite;Crescente;Ensolarado;Múltipla;Reta;Urbano;4;0;2;0
28386;604153;2024-05-31;sexta-feira;03:45:00;SP;116.0;197.0;ARUJA;Deficiência do Sistema de Iluminação/Sinalização;Atropelamento de Pedestre;Com Vítimas Feridas;Plena Noite;Crescente;Chuvoso;Dupla;Reta;Rural;0;0;2;0
28455;604230;2024-05-31;sexta-feira;12:45:00;SP;116.0;120.0;CACAPAVA;Demais falhas mecânicas ou elétricas;Tombamento;Com Vítimas Feridas;Pleno dia;Decrescente;Ensolarado;Dupla;Reta;Rural;1;0;1;0
28470;604245;2024-05-31;sexta-feira;14:00:00;SP;116.0;219.0;GUARULHOS;Ausência de sinalização;Colisão traseira;Com Vítimas Feridas;Pleno dia;Decrescente;Ensolarado;Múltipla;Reta;Rural;0;0;2;0
28490;604267;2024-05-31;sexta-feira;15:15:00;SP;116.0;223.0;GUARULHOS;Trafegar com motocicleta (ou similar) entre as faixas;Colisão traseira;Com Vítimas Feridas;Pleno dia;Crescente;Ensolarado;Múltipla;Reta;Urbano;0;0;2;0
28491;604268;2024-05-31;sexta-feira;15:36:00;SP;116.0;56.7;GUARATINGUETA;Objeto estático sobre o leito carroçável;Tombamento;Com Vítimas Feridas;Pleno dia;Decrescente;Ensolarado;Dupla;"Reta;Aclive";Rural;1;0;1;0
28546;604326;2024-05-31;sexta-feira;21:00:00;SP;116.0;219.0;GUARULHOS;Condutor deixou de manter distância do veículo da frente;Colisão lateral mesmo sentido;Com Vítimas Feridas;Plena Noite;Crescente;Ensolarado;Dupla;"Reta;Declive";Urbano;2;0;2;0
28569;604350;2024-05-31;sexta-feira;23:30:00;SP;381.0;86.3;SAO PAULO;Manobra de mudança de faixa;Colisão lateral mesmo sentido;Com Vítimas Feridas;Plena Noite;Crescente;Nublado;Múltipla;Reta;Urbano;2;0;3;0
28584;604366;2024-06-01;sábado;04:00:00;SP;116.0;216.8;GUARULHOS;Entrada inopinada do pedestre;Atropelamento de Pedestre;Com Vítimas Feridas;Plena Noite;Decrescente;Nublado;Múltipla;Reta;Rural;0;0;1;1
28606;604389;2024-06-01;sábado;06:50:00;SP;116.0;284.0;ITAPECERICA DA SERRA;Ausência de reação do condutor;Queda de ocupante de veículo;Com Vítimas Feridas;Pleno dia;Crescente;Nublado;Simples;Reta;Urbano;0;0;1;0
28625;604410;2024-05-31;sexta-feira;16:00:00;SP;153.0;7.8;ICEM;Avarias e/ou desgaste excessivo no pneu;Tombamento;Com Vítimas Feridas;Pleno dia;Crescente;Ensolarado;Simples;Reta;Rural;0;0;1;0
28645;604431;2024-06-01;sábado;09:00:00;SP;116.0;215.0;GUARULHOS;Condutor Dormindo;Colisão com objeto;Com Vítimas Feridas;Pleno dia;Decrescente;Ensolarado;Dupla;"Reta;Declive";Urbano;0;0;2;0
28679;604467;2024-06-01;sábado;15:00:00;SP;153.0;293.2;OCAUCU;Ausência de reação do condutor;Colisão lateral sentido oposto;Com Vítimas Feridas;Pleno dia;Decrescente;Ensolarado;Simples;Reta;Rural;1;0;2;0
28681;604469;2024-06-01;sábado;15:45:00;SP;116.0;226.0;GUARULHOS;Condutor deixou de manter distância do veículo da frente;Colisão traseira;Com Vítimas Feridas;Pleno dia;Decrescente;Ensolarado;Múltipla;"Reta;Em Obras";Urbano;0;0;2;0
28686;604475;2024-06-01;sábado;16:20:00;SP;116.0;119.0;TAUBATE;Avarias e/ou desgaste excessivo no pneu;Tombamento;Com Vítimas Feridas;Pleno dia;Crescente;Ensolarado;Dupla;Reta;Rural;1;0;1;0
28705;604497;2024-06-01;sábado;18:30:00;SP;101.0;46.9;UBATUBA;Transitar no Acostamento;Colisão traseira;Com Vítimas Feridas;Plena Noite;Crescente;Nublado;Simples;Reta;Rural;2;0;2;0
28706;604498;2024-06-01;sábado;19:15:00;SP;116.0;221.0;GUARULHOS;Pedestre andava na pista;Atropelamento de Pedestre;Com Vítimas Fatais;Plena Noite;Decrescente;Ensolarado;Múltipla;Reta;Urbano;0;0;1;1
28711;604504;2024-06-01;sábado;19:45:00;SP;116.0;219.0;GUARULHOS;Reação tardia ou ineficiente do condutor;Colisão traseira;Com Vítimas Feridas;Plena Noite;Crescente;Não Informado;Múltipla;Reta;Urbano;0;0;2;0
28751;604548;2024-06-01;sábado;23:45:00;SP;381.0;60.0;MAIRIPORA;Ausência de reação do condutor;Colisão com objeto;Com Vítimas Feridas;Pleno dia;Crescente;Ensolarado;Dupla;Declive;Rural;1;0;1;0
28761;604558;2024-06-01;sábado;23:15:00;SP;116.0;460.0;PARIQUERA-ACU;Ingestão de álcool pelo condutor;Saída de leito carroçável;Com Vítimas Feridas;Plena Noite;Decrescente;Nevoeiro/Neblina;Múltipla;Reta;Rural;0;0;1;0
28779;604577;2024-06-02;domingo;03:00:00;SP;116.0;219.0;GUARULHOS;Reação tardia ou ineficiente do condutor;Colisão traseira;Sem Vítimas;Plena Noite;Decrescente;Nublado;Múltipla;"Reta;Em Obras";Urbano;1;0;2;0
28791;604589;2024-06-02;domingo;04:00:00;SP;116.0;107.7;TAUBATE;Reação tardia ou ineficiente do condutor;Colisão com objeto;Com Vítimas Feridas;Plena Noite;Crescente;Ensolarado;Dupla;Reta;Urbano;0;0;1;0
28793;604592;2024-06-02;domingo;05:00:00;SP;116.0;126.0;CACAPAVA;Reação tardia ou ineficiente do condutor;Colisão traseira;Com Vítimas Feridas;Plena Noite;Crescente;Ensolarado;Dupla;Reta;Urbano;0;0;2;0
28799;604598;2024-06-02;domingo;05:30:00;SP;116.0;207.7;GUARULHOS;Avarias e/ou desgaste excessivo no pneu;Tombamento;Com Vítimas Feridas;Amanhecer;Decrescente;Ensolarado;Dupla;Reta;Rural;0;0;2;0
28816;604618;2024-06-02;domingo;07:00:00;SP;116.0;550.0;BARRA DO TURVO;Reação tardia ou ineficiente do condutor;Tombamento;Com Vítimas Feridas;Pleno dia;Decrescente;Ensolarado;Dupla;Curva;Rural;0;0;1;0
28836;604640;2024-06-02;domingo;11:00:00;SP;116.0;211.0;GUARULHOS;Reação tardia ou ineficiente do condutor;Colisão com objeto;Com Vítimas Feridas;Pleno dia;Crescente;Ensolarado;Múltipla;Reta;Urbano;0;0;1;0
28866;604672;2024-06-02;domingo;14:00:00;SP;381.0;0.0;VARGEM;Reação tardia ou ineficiente do condutor;Colisão lateral mesmo sentido;Com Vítimas Feridas;Pleno dia;Crescente;Ensolarado;Dupla;"Reta;Aclive";Rural;1;0;2;0
28874;604681;2024-06-02;domingo;13:30:00;SP;101.0;1.0;UBATUBA;Reação tardia ou ineficiente do condutor;Queda de ocupante de veículo;Com Vítimas Feridas;Pleno dia;Decrescente;Ensolarado;Simples;Reta;Rural;0;0;1;0
28878;604685;2024-06-02;domingo;15:25:00;SP;116.0;386.4;MIRACATU;Reação tardia ou ineficiente do condutor;Queda de ocupante de veículo;Com Vítimas Feridas;Pleno dia;Crescente;Ensolarado;Dupla;Reta;Rural;0;0;1;0
28885;604695;2024-06-02;domingo;15:50:00;SP;116.0;449.0;REGISTRO;Ausência de reação do condutor;Queda de ocupante de veículo;Com Vítimas Feridas;Pleno dia;Decrescente;Ensolarado;Dupla;Reta;Urbano;0;0;1;0
28889;604699;2024-06-02;domingo;16:30:00;SP;116.0;412.0;JUQUIA;Acessar a via sem observar a presença dos outros veículos;Atropelamento de Pedestre;Com Vítimas Fatais;Pleno dia;Decrescente;Ensolarado;Dupla;Reta;Rural;0;0;1;1
28892;604702;2024-06-02;domingo;16:00:00;SP;116.0;292.0;ITAPECERICA DA SERRA;Reação tardia ou ineficiente do condutor;Colisão com objeto;Com Vítimas Feridas;Pleno dia;Decrescente;Ensolarado;Dupla;Curva;Rural;0;0;1;0
28926;604736;2024-06-02;domingo;18:00:00;SP;116.0;67.2;GUARATINGUETA;Ausência de reação do condutor;Engavetamento;Com Vítimas Feridas;Anoitecer;Crescente;Ensolarado;Dupla;"Reta;Viaduto";Rural;0;0;3;0
29028;604849;2024-06-03;segunda-feira;04:00:00;SP;116.0;332.0;JUQUITIBA;Reação tardia ou ineficiente do condutor;Colisão com objeto;Com Vítimas Feridas;Plena Noite;Decrescente;Nublado;Dupla;Reta;Rural;0;0;1;0
29048;604870;2024-06-03;segunda-feira;06:52:00;SP;153.0;60.0;SAO JOSE DO RIO PRETO;Trafegar com motocicleta (ou similar) entre as faixas;Colisão lateral mesmo sentido;Com Vítimas Feridas;Pleno dia;Decrescente;Ensolarado;Dupla;Reta;Urbano;0;0;2;0
29082;604912;2024-06-03;segunda-feira;09:10:00;SP;116.0;226.0;GUARULHOS;Condutor deixou de manter distância do veículo da frente;Colisão traseira;Com Vítimas Feridas;Pleno dia;Crescente;Ensolarado;Múltipla;Reta;Urbano;0;0;3;0
29085;604916;2024-06-03;segunda-feira;10:20:00;SP;116.0;219.0;GUARULHOS;Reação tardia ou ineficiente do condutor;Colisão lateral mesmo sentido;Com Vítimas Feridas;Pleno dia;Crescente;Nublado;Múltipla;"Em Obras;Reta;Viaduto";Urbano;0;0;2;0
29091;604922;2024-06-03;segunda-feira;10:00:00;SP;116.0;80.1;ROSEIRA;Demais falhas mecânicas ou elétricas;Colisão com objeto;Sem Vítimas;Pleno dia;Decrescente;Nublado;Dupla;Reta;Rural;4;0;2;0
29105;604937;2024-06-03;segunda-feira;11:20:00;SP;381.0;89.0;GUARULHOS;Ausência de reação do condutor;Colisão traseira;Com Vítimas Feridas;Pleno dia;Crescente;Ensolarado;Múltipla;Reta;Urbano;0;0;2;0
29108;604941;2024-06-03;segunda-feira;11:00:00;SP;116.0;227.0;SAO PAULO;Reação tardia ou ineficiente do condutor;Colisão traseira;Com Vítimas Feridas;Pleno dia;Crescente;Ensolarado;Múltipla;Reta;Urbano;0;0;2;0
29113;604946;2024-06-03;segunda-feira;12:30:00;SP;381.0;29.0;ATIBAIA;Acesso irregular;Atropelamento de Pedestre;Com Vítimas Feridas;Pleno dia;Decrescente;Ensolarado;Dupla;Reta;Urbano;0;0;1;1
29115;604948;2024-06-03;segunda-feira;12:10:00;SP;116.0;475.9;JACUPIRANGA;Reação tardia ou ineficiente do condutor;Colisão traseira;Com Vítimas Feridas;Pleno dia;Decrescente;Ensolarado;Dupla;Reta;Urbano;0;0;2;0
29129;604964;2024-06-03;segunda-feira;14:20:00;SP;116.0;165.0;JACAREI;Manobra de mudança de faixa;Colisão transversal;Com Vítimas Feridas;Pleno dia;Crescente;Ensolarado;Múltipla;Reta;Rural;0;0;2;0
29151;604992;2024-04-30;terça-feira;12:00:00;SP;116.0;223.0;GUARULHOS;Condutor deixou de manter distância do veículo da frente;Colisão traseira;Com Vítimas Feridas;Pleno dia;Decrescente;Ensolarado;Múltipla;Reta;Urbano;0;0;2;0
29153;604995;2024-06-03;segunda-feira;17:40:00;SP;116.0;208.4;GUARULHOS;Reação tardia ou ineficiente do condutor;Colisão lateral mesmo sentido;Com Vítimas Feridas;Anoitecer;Decrescente;Nublado;Múltipla;"Reta;Em Obras";Urbano;0;0;2;0
29175;605019;2024-06-03;segunda-feira;17:50:00;SP;116.0;100.0;PINDAMONHANGABA;Reação tardia ou ineficiente do condutor;Colisão traseira;Com Vítimas Feridas;Anoitecer;Crescente;Ensolarado;Dupla;Reta;Rural;1;0;2;0
29177;605021;2024-06-03;segunda-feira;19:00:00;SP;116.0;168.0;JACAREI;Pedestre andava na pista;Atropelamento de Pedestre;Com Vítimas Fatais;Plena Noite;Decrescente;Nublado;Dupla;Reta;Urbano;0;0;1;1
29189;605036;2024-06-03;segunda-feira;19:45:00;SP;116.0;122.5;CACAPAVA;Entrada inopinada do pedestre;Atropelamento de Pedestre;Com Vítimas Feridas;Plena Noite;Crescente;Ensolarado;Dupla;"Reta;Declive";Rural;0;0;1;1
29223;605072;2024-06-04;terça-feira;03:00:00;SP;116.0;296.2;ITAPECERICA DA SERRA;Pedestre andava na pista;Atropelamento de Pedestre;Com Vítimas Feridas;Plena Noite;Crescente;Ensolarado;Simples;Reta;Urbano;0;0;1;1
29224;605073;2024-06-04;terça-feira;04:00:00;SP;116.0;178.0;SANTA ISABEL;Reação tardia ou ineficiente do condutor;Colisão traseira;Com Vítimas Feridas;Plena Noite;Decrescente;Nublado;Dupla;Reta;Rural;1;0;2;0
29228;605077;2024-06-04;terça-feira;04:30:00;SP;116.0;431.0;REGISTRO;Ausência de reação do condutor;Colisão traseira;Com Vítimas Fatais;Plena Noite;Decrescente;Chuvoso;Dupla;Reta;Rural;0;0;2;0
29234;605083;2024-06-04;terça-feira;06:00:00;SP;116.0;208.0;GUARULHOS;Ausência de reação do condutor;Engavetamento;Com Vítimas Feridas;Pleno dia;Crescente;Ensolarado;Dupla;"Reta;Em Obras";Urbano;2;0;3;0
29251;605102;2024-06-04;terça-feira;07:50:00;SP;116.0;223.0;GUARULHOS;Trafegar com motocicleta (ou similar) entre as faixas;Colisão traseira;Com Vítimas Feridas;Amanhecer;Crescente;Nublado;Múltipla;Reta;Urbano;0;0;2;0
29270;605123;2024-06-05;quarta-feira;06:30:00;SP;116.0;222.0;SAO PAULO;Reação tardia ou ineficiente do condutor;Queda de ocupante de veículo;Com Vítimas Feridas;Pleno dia;Crescente;Ensolarado;Múltipla;Reta;Rural;0;0;1;0
29274;605127;2024-06-04;terça-feira;09:00:00;SP;116.0;227.0;GUARULHOS;Trafegar com motocicleta (ou similar) entre as faixas;Tombamento;Com Vítimas Feridas;Pleno dia;Crescente;Nublado;Múltipla;"Reta;Declive;Em Obras";Urbano;0;0;1;0
29297;605152;2024-06-04;terça-feira;12:40:00;SP;116.0;221.0;GUARULHOS;Objeto estático sobre o leito carroçável;Queda de ocupante de veículo;Com Vítimas Feridas;Pleno dia;Crescente;Nublado;Múltipla;Reta;Rural;0;0;1;0
29306;605163;2024-06-04;terça-feira;13:40:00;SP;116.0;109.4;TAUBATE;Condutor usando celular;Colisão traseira;Com Vítimas Feridas;Pleno dia;Crescente;Nublado;Dupla;Reta;Rural;0;0;2;0
29319;605179;2024-06-04;terça-feira;16:30:00;SP;116.0;222.9;GUARULHOS;Ausência de reação do condutor;Queda de ocupante de veículo;Com Vítimas Feridas;Pleno dia;Decrescente;Nublado;Múltipla;Reta;Urbano;0;0;1;0
29351;605213;2024-06-04;terça-feira;18:45:00;SP;116.0;437.9;REGISTRO;Condutor deixou de manter distância do veículo da frente;Colisão traseira;Sem Vítimas;Plena Noite;Crescente;Chuvoso;Dupla;Reta;Rural;0;0;2;0
29376;605241;2024-06-04;terça-feira;21:15:00;SP;381.0;27.0;ATIBAIA;Mal súbito do condutor;Tombamento;Com Vítimas Feridas;Plena Noite;Crescente;Ensolarado;Dupla;Reta;Urbano;0;0;1;0
29389;605255;2024-06-05;quarta-feira;01:20:00;SP;116.0;484.0;CAJATI;Demais falhas mecânicas ou elétricas;Incêndio;Com Vítimas Feridas;Plena Noite;Crescente;Nublado;Dupla;Reta;Rural;36;0;1;0
29440;605309;2024-06-05;quarta-feira;10:15:00;SP;116.0;89.8;PINDAMONHANGABA;Transitar no Acostamento;Colisão traseira;Com Vítimas Feridas;Pleno dia;Decrescente;Nublado;Dupla;Reta;Rural;0;0;2;0
29448;605318;2024-06-05;quarta-feira;12:15:00;SP;116.0;227.5;GUARULHOS;Reação tardia ou ineficiente do condutor;Colisão traseira;Com Vítimas Feridas;Pleno dia;Crescente;Ensolarado;Múltipla;Reta;Urbano;0;0;2;0
29477;605353;2024-06-05;quarta-feira;17:00:00;SP;116.0;221.0;GUARULHOS;Ausência de reação do condutor;Colisão traseira;Com Vítimas Feridas;Anoitecer;Decrescente;Ensolarado;Múltipla;Reta;Urbano;1;0;3;0
29515;605396;2024-06-05;quarta-feira;17:00:00;SP;459.0;16.0;PIQUETE;Reação tardia ou ineficiente do condutor;Colisão lateral mesmo sentido;Com Vítimas Feridas;Plena Noite;Crescente;Ensolarado;Simples;Reta;Rural;0;0;2;0