;Identificador do acidente;Data;Dia da semana;Horário;Estado;BR;km;Município;Causa do acidente;Tipo do acidente;Gravidade do acidente;Fase do dia;Sentido da via;Condição do tempo;Tipo de pista;Traçado da via;uso_solo;Número de passageiros;Número de cavaleiro;Número de condutor;Número de pedestre
29516;605397;2024-06-05;quarta-feira;19:35:00;SP;153.0;62.0;SAO JOSE DO RIO PRETO;Condutor deixou de manter distância do veículo da frente;Colisão traseira;Com Vítimas Feridas;Plena Noite;Crescente;Ensolarado;Dupla;"Reta;Aclive";Urbano;1;0;2;0
29541;605422;2024-06-05;quarta-feira;22:15:00;SP;116.0;231.0;SAO PAULO;Ausência de reação do condutor;Colisão traseira;Com Vítimas Feridas;Plena Noite;Decrescente;Ensolarado;Múltipla;Reta;Rural;0;0;2;0
29544;605425;2024-06-05;quarta-feira;19:40:00;SP;116.0;478.0;JACUPIRANGA;Transitar na contramão;Colisão transversal;Sem Vítimas;Plena Noite;Crescente;Ensolarado;Dupla;Reta;Rural;0;0;2;0
29557;605438;2024-06-05;quarta-feira;23:15:00;SP;101.0;51.1;UBATUBA;Conversão proibida;Colisão traseira;Com Vítimas Feridas;Plena Noite;Crescente;Ensolarado;Simples;Interseção de Vias;Urbano;0;0;2;0
29562;605444;2024-06-06;quinta-feira;00:00:00;SP;381.0;70.0;MAIRIPORA;Pedestre andava na pista;Atropelamento de Pedestre;Com Vítimas Fatais;Plena Noite;Decrescente;Ensolarado;Múltipla;"Curva;Declive";Rural;0;0;1;1
29579;605462;2024-06-06;quinta-feira;07:12:00;SP;153.0;256.0;MARILIA;Acessar a via sem observar a presença dos outros veículos;Colisão transversal;Com Vítimas Feridas;Pleno dia;Decrescente;Ensolarado;Dupla;"Reta;Interseção de Vias";Urbano;0;0;2;0
29581;605464;2024-06-06;quinta-feira;07:20:00;SP;116.0;276.0;EMBU DAS ARTES;Condutor deixou de manter distância do veículo da frente;Saída de leito carroçável;Sem Vítimas;Pleno dia;Crescente;Ensolarado;Dupla;"Reta;Aclive";Urbano;0;0;1;0
29602;605486;2024-06-06;quinta-feira;09:35:00;SP;116.0;221.0;GUARULHOS;Trafegar com motocicleta (ou similar) entre as faixas;Colisão lateral mesmo sentido;Com Vítimas Feridas;Pleno dia;Crescente;Ensolarado;Múltipla;Reta;Urbano;1;0;3;0
29623;605510;2024-06-06;quinta-feira;12:31:00;SP;116.0;229.0;GUARULHOS;Reação tardia ou ineficiente do condutor;Colisão lateral mesmo sentido;Sem Vítimas;Pleno dia;Crescente;Ensolarado;Múltipla;Reta;Urbano;0;0;2;0
29624;605511;2024-06-06;quinta-feira;12:44:00;SP;116.0;181.0;SANTA ISABEL;Reação tardia ou ineficiente do condutor;Atropelamento de Pedestre;Com Vítimas Feridas;Pleno dia;Crescente;Ensolarado;Dupla;Reta;Rural;0;0;1;1
29628;605515;2024-06-06;quinta-feira;12:29:00;SP;381.0;56.0;MAIRIPORA;Reação tardia ou ineficiente do condutor;Colisão traseira;Com Vítimas Feridas;Pleno dia;Crescente;Ensolarado;Dupla;"Reta;Aclive";Rural;0;0;2;0
29665;605552;2024-06-06;quinta-feira;16:05:00;SP;116.0;169.7;JACAREI;Avarias e/ou desgaste excessivo no pneu;Tombamento;Com Vítimas Feridas;Pleno dia;Decrescente;Ensolarado;Dupla;"Reta;Aclive";Rural;1;0;1;0
29677;605566;2024-06-06;quinta-feira;18:25:00;SP;116.0;281.0;EMBU DAS ARTES;Trafegar com motocicleta (ou similar) entre as faixas;Queda de ocupante de veículo;Com Vítimas Feridas;Pleno dia;Crescente;Ensolarado;Dupla;Reta;Urbano;0;0;1;0
29708;605602;2024-06-06;quinta-feira;20:30:00;SP;116.0;211.0;GUARULHOS;Reação tardia ou ineficiente do condutor;Tombamento;Com Vítimas Feridas;Plena Noite;Crescente;Vento;Dupla;Declive;Urbano;0;0;1;0
29709;605603;2024-06-06;quinta-feira;20:35:00;SP;116.0;215.0;GUARULHOS;Manobra de mudança de faixa;Queda de ocupante de veículo;Com Vítimas Feridas;Plena Noite;Decrescente;Ensolarado;Múltipla;Reta;Urbano;0;0;1;0
29732;605627;2024-06-06;quinta-feira;22:35:00;SP;101.0;50.0;UBATUBA;Reação tardia ou ineficiente do condutor;Colisão lateral sentido oposto;Com Vítimas Feridas;Plena Noite;Decrescente;Ensolarado;Dupla;Reta;Urbano;0;0;2;0
29739;605634;2024-06-06;quinta-feira;23:14:00;SP;116.0;152.0;SAO JOSE DOS CAMPOS;Manobra de mudança de faixa;Colisão lateral mesmo sentido;Com Vítimas Feridas;Plena Noite;Crescente;Ensolarado;Dupla;Reta;Rural;1;0;2;0
29746;605641;2024-06-07;sexta-feira;00:10:00;SP;381.0;49.0;ATIBAIA;Velocidade Incompatível;Colisão traseira;Sem Vítimas;Plena Noite;Crescente;Ensolarado;Dupla;Reta;Urbano;1;0;2;0
29753;605649;2024-06-07;sexta-feira;03:50:00;SP;116.0;24.0;LAVRINHAS;Reação tardia ou ineficiente do condutor;Capotamento;Com Vítimas Feridas;Plena Noite;Crescente;Nevoeiro/Neblina;Dupla;"Reta;Declive";Rural;1;0;1;0
29774;605672;2024-06-07;sexta-feira;07:00:00;SP;153.0;163.0;PROMISSAO;Reação tardia ou ineficiente do condutor;Saída de leito carroçável;Com Vítimas Feridas;Pleno dia;Crescente;Ensolarado;Simples;Reta;Rural;0;0;1;0
29780;605678;2024-06-07;sexta-feira;08:00:00;SP;116.0;301.0;SAO LOURENCO DA SERRA;Ausência de reação do condutor;Queda de ocupante de veículo;Com Vítimas Feridas;Pleno dia;Decrescente;Ensolarado;Dupla;Reta;Rural;0;0;2;0
29781;605679;2024-06-07;sexta-feira;07:30:00;SP;116.0;222.8;GUARULHOS;Reação tardia ou ineficiente do condutor;Colisão traseira;Sem Vítimas;Pleno dia;Decrescente;Ensolarado;Múltipla;Reta;Urbano;0;0;2;0
29790;605688;2024-06-07;sexta-feira;09:20:00;SP;116.0;224.0;GUARULHOS;Reação tardia ou ineficiente do condutor;Colisão traseira;Sem Vítimas;Pleno dia;Crescente;Ensolarado;Múltipla;"Reta;Em Obras";Urbano;2;0;2;0
29794;605693;2024-06-07;sexta-feira;09:50:00;SP;116.0;222.0;GUARULHOS;Reação tardia ou ineficiente do condutor;Colisão traseira;Com Vítimas Feridas;Pleno dia;Decrescente;Ensolarado;Múltipla;Reta;Urbano;0;0;2;0
29795;605694;2024-06-07;sexta-feira;09:18:00;SP;116.0;145.0;SAO JOSE DOS CAMPOS;Trafegar com motocicleta (ou similar) entre as faixas;Colisão lateral mesmo sentido;Com Vítimas Feridas;Pleno dia;Crescente;Nublado;Simples;Reta;Rural;1;0;3;0
29890;605810;2024-06-07;sexta-feira;19:00:00;SP;116.0;212.0;GUARULHOS;Iluminação deficiente;Atropelamento de Animal;Com Vítimas Feridas;Plena Noite;Decrescente;Nublado;Múltipla;"Reta;Aclive";Urbano;1;0;1;0
29919;605841;2024-06-07;sexta-feira;20:50:00;SP;116.0;220.0;GUARULHOS;Reação tardia ou ineficiente do condutor;Colisão traseira;Com Vítimas Feridas;Plena Noite;Crescente;Nublado;Múltipla;Reta;Urbano;1;0;2;0
29925;605847;2024-06-07;sexta-feira;21:00:00;SP;116.0;220.0;GUARULHOS;Ausência de reação do condutor;Colisão traseira;Com Vítimas Feridas;Plena Noite;Decrescente;Ensolarado;Múltipla;Reta;Urbano;0;0;2;0
29977;605901;2024-06-08;sábado;02:30:00;SP;116.0;217.8;GUARULHOS;Ausência de reação do condutor;Colisão lateral mesmo sentido;Sem Vítimas;Plena Noite;Decrescente;Ensolarado;Múltipla;"Reta;Aclive";Urbano;0;0;2;0
29984;605908;2024-06-08;sábado;04:10:00;SP;116.0;308.0;SAO LOURENCO DA SERRA;Reação tardia ou ineficiente do condutor;Saída de leito carroçável;Sem Vítimas;Plena Noite;Crescente;Ensolarado;Simples;"Reta;Aclive";Urbano;0;0;1;0
29990;605914;2024-06-08;sábado;06:30:00;SP;116.0;229.0;SAO PAULO;Acessar a via sem observar a presença dos outros veículos;Colisão lateral mesmo sentido;Com Vítimas Feridas;Pleno dia;Decrescente;Ensolarado;Múltipla;Reta;Urbano;0;0;2;0
29998;605924;2024-06-08;sábado;06:40:00;SP;116.0;104.0;TAUBATE;Reação tardia ou ineficiente do condutor;Colisão traseira;Com Vítimas Feridas;Pleno dia;Decrescente;Ensolarado;Dupla;Reta;Rural;4;0;2;0
30050;605979;2024-06-08;sábado;12:10:00;SP;153.0;0.3;ICEM;Conversão proibida;Colisão transversal;Com Vítimas Feridas;Pleno dia;Crescente;Ensolarado;Simples;Reta;Rural;0;0;2;0
30090;606023;2024-06-08;sábado;14:30:00;SP;116.0;204.0;ARUJA;Ausência de reação do condutor;Colisão traseira;Sem Vítimas;Pleno dia;Crescente;Nublado;Múltipla;Reta;Rural;0;0;2;0
30105;606039;2024-06-08;sábado;16:30:00;SP;153.0;14.6;ICEM;Entrada inopinada do pedestre;Atropelamento de Pedestre;Com Vítimas Feridas;Pleno dia;Crescente;Ensolarado;Simples;Ponte;Urbano;2;0;1;1
30124;606058;2024-06-08;sábado;16:30:00;SP;381.0;38.0;ATIBAIA;Reação tardia ou ineficiente do condutor;Colisão lateral mesmo sentido;Com Vítimas Feridas;Anoitecer;Crescente;Ensolarado;Simples;"Reta;Aclive";Urbano;1;0;2;0
30133;606067;2024-06-08;sábado;17:40:00;SP;153.0;171.9;GUAICARA;Acesso irregular;Queda de ocupante de veículo;Com Vítimas Feridas;Anoitecer;Crescente;Ensolarado;Simples;Reta;Rural;0;0;1;0
30143;606077;2024-06-08;sábado;18:20:00;SP;116.0;155.0;SAO JOSE DOS CAMPOS;Ausência de reação do condutor;Colisão traseira;Com Vítimas Feridas;Plena Noite;Crescente;Ensolarado;Dupla;Declive;Urbano;0;0;2;0
30145;606079;2024-06-08;sábado;19:20:00;SP;116.0;227.0;GUARULHOS;Ingestão de álcool pelo condutor;Colisão traseira;Sem Vítimas;Plena Noite;Decrescente;Ensolarado;Múltipla;Aclive;Urbano;1;0;2;0
30177;606114;2024-06-08;sábado;17:00:00;SP;116.0;118.9;TAUBATE;Manobra de mudança de faixa;Colisão com objeto;Sem Vítimas;Pleno dia;Decrescente;Ensolarado;Dupla;Reta;Rural;0;0;1;0
30185;606123;2024-06-08;sábado;18:00:00;SP;101.0;23.0;UBATUBA;Acessar a via sem observar a presença dos outros veículos;Colisão transversal;Com Vítimas Feridas;Plena Noite;Decrescente;Ensolarado;Simples;Reta;Rural;0;0;2;0
30186;606124;2024-06-08;sábado;21:00:00;SP;116.0;348.6;MIRACATU;Demais falhas mecânicas ou elétricas;Incêndio;Sem Vítimas;Plena Noite;Crescente;Ensolarado;Dupla;"Reta;Aclive";Rural;0;0;1;0
30197;606136;2024-06-08;sábado;21:00:00;SP;116.0;479.0;JACUPIRANGA;Ausência de reação do condutor;Atropelamento de Pedestre;Com Vítimas Feridas;Plena Noite;Decrescente;Não Informado;Dupla;Reta;Rural;0;0;1;1
30200;606139;2024-06-08;sábado;21:00:00;SP;116.0;220.0;GUARULHOS;Velocidade Incompatível;Colisão traseira;Com Vítimas Feridas;Plena Noite;Crescente;Ensolarado;Múltipla;"Reta;Em Obras";Urbano;0;0;2;0
30202;606141;2024-06-08;sábado;22:30:00;SP;116.0;226.0;GUARULHOS;Ausência de reação do condutor;Queda de ocupante de veículo;Com Vítimas Feridas;Plena Noite;Decrescente;Ensolarado;Múltipla;Reta;Urbano;0;0;1;0
30221;606161;2024-06-08;sábado;21:40:00;SP;459.0;10.6;PIQUETE;Velocidade Incompatível;Colisão com objeto;Com Vítimas Feridas;Plena Noite;Crescente;Ensolarado;Simples;"Curva;Declive";Rural;0;0;1;0
30244;606186;2024-06-09;domingo;04:00:00;SP;116.0;449.0;REGISTRO;Carga excessiva e/ou mal acondicionada;Tombamento;Sem Vítimas;Pleno dia;Crescente;Ensolarado;Dupla;Reta;Rural;0;0;2;0
30255;606198;2024-06-09;domingo;04:00:00;SP;116.0;40.4;CACHOEIRA PAULISTA;Avarias e/ou desgaste excessivo no pneu;Queda de ocupante de veículo;Com Vítimas Feridas;Amanhecer;Decrescente;Ensolarado;Dupla;Reta;Rural;1;0;1;0
30267;606211;2024-06-09;domingo;04:00:00;SP;116.0;129.6;CACAPAVA;Ausência de reação do condutor;Saída de leito carroçável;Com Vítimas Feridas;Plena Noite;Decrescente;Não Informado;Simples;Curva;Urbano;1;0;1;0
30270;606214;2024-06-09;domingo;07:23:00;SP;116.0;223.0;GUARULHOS;Ingestão de álcool pelo condutor;Tombamento;Com Vítimas Feridas;Pleno dia;Decrescente;Ensolarado;Múltipla;Reta;Urbano;1;0;1;0
30338;606285;2024-06-09;domingo;15:45:00;SP;101.0;39.0;UBATUBA;Condutor deixou de manter distância do veículo da frente;Colisão traseira;Com Vítimas Feridas;Pleno dia;Crescente;Ensolarado;Simples;"Reta;Em Obras";Rural;1;0;2;0
30353;606303;2024-06-09;domingo;16:45:00;SP;116.0;116.0;TAUBATE;Reação tardia ou ineficiente do condutor;Colisão traseira;Com Vítimas Feridas;Pleno dia;Decrescente;Ensolarado;Dupla;Reta;Urbano;0;0;2;0
30355;606306;2024-06-09;domingo;17:50:00;SP;116.0;278.0;EMBU DAS ARTES;Reação tardia ou ineficiente do condutor;Queda de ocupante de veículo;Com Vítimas Feridas;Plena Noite;Decrescente;Ensolarado;Dupla;"Curva;Aclive";Rural;0;0;1;0
30378;606330;2024-06-09;domingo;18:50:00;SP;116.0;103.0;TAUBATE;Ausência de reação do condutor;Colisão lateral mesmo sentido;Com Vítimas Feridas;Plena Noite;Crescente;Nublado;Dupla;Reta;Rural;1;0;3;0
30405;606360;2024-06-09;domingo;19:35:00;SP;116.0;516.0;CAJATI;Velocidade Incompatível;Saída de leito carroçável;Com Vítimas Feridas;Plena Noite;Decrescente;Ensolarado;Simples;Reta;Rural;0;0;1;0
30407;606363;2024-06-09;domingo;20:00:00;SP;116.0;228.0;SAO PAULO;Entrada inopinada do pedestre;Atropelamento de Pedestre;Com Vítimas Fatais;Plena Noite;Decrescente;Ensolarado;Múltipla;Reta;Urbano;0;0;1;1
30468;606427;2024-06-10;segunda-feira;00:20:00;SP;153.0;100.9;JOSE BONIFACIO;Acessar a via sem observar a presença dos outros veículos;Colisão transversal;Sem Vítimas;Plena Noite;Crescente;Ensolarado;Simples;Reta;Rural;0;0;2;0
30498;606457;2024-06-10;segunda-feira;07:30:00;SP;116.0;215.5;GUARULHOS;Ausência de reação do condutor;Colisão traseira;Com Vítimas Feridas;Pleno dia;Crescente;Ensolarado;Dupla;Reta;Urbano;0;0;3;0
30509;606469;2024-06-10;segunda-feira;07:35:00;SP;116.0;147.0;SAO JOSE DOS CAMPOS;Reação tardia ou ineficiente do condutor;Colisão lateral mesmo sentido;Com Vítimas Feridas;Pleno dia;Decrescente;Ensolarado;Dupla;Reta;Urbano;0;0;2;0
30516;606478;2024-06-10;segunda-feira;07:40:00;SP;116.0;214.4;GUARULHOS;Reação tardia ou ineficiente do condutor;Colisão traseira;Com Vítimas Feridas;Pleno dia;Crescente;Ensolarado;Múltipla;Aclive;Rural;0;0;2;0
30519;606481;2024-06-10;segunda-feira;08:20:00;SP;116.0;280.9;EMBU DAS ARTES;Condutor deixou de manter distância do veículo da frente;Colisão lateral mesmo sentido;Com Vítimas Feridas;Pleno dia;Crescente;Ensolarado;Dupla;"Reta;Declive";Urbano;0;0;3;0
30521;606483;2024-06-10;segunda-feira;09:20:00;SP;153.0;61.5;SAO JOSE DO RIO PRETO;Ausência de reação do condutor;Colisão traseira;Com Vítimas Feridas;Pleno dia;Crescente;Ensolarado;Dupla;"Reta;Declive";Rural;1;0;2;0
30547;606513;2024-06-10;segunda-feira;11:40:00;SP;116.0;124.5;CACAPAVA;Reação tardia ou ineficiente do condutor;Colisão traseira;Com Vítimas Feridas;Pleno dia;Crescente;Ensolarado;Dupla;Reta;Rural;1;0;2;0
30562;606530;2024-05-25;sábado;13:30:00;SP;116.0;145.7;SAO JOSE DOS CAMPOS;Ausência de reação do condutor;Colisão traseira;Com Vítimas Feridas;Pleno dia;Decrescente;Nublado;Múltipla;Reta;Urbano;0;0;2;0
30563;606531;2024-06-10;segunda-feira;12:10:00;SP;116.0;478.0;JACUPIRANGA;Ausência de reação do condutor;Colisão traseira;Com Vítimas Feridas;Pleno dia;Crescente;Ensolarado;Simples;Reta;Urbano;0;0;2;0
30572;606541;2024-06-10;segunda-feira;14:05:00;SP;381.0;28.0;ATIBAIA;Manobra de mudança de faixa;Colisão traseira;Com Vítimas Feridas;Pleno dia;Decrescente;Ensolarado;Dupla;"Reta;Aclive";Rural;2;0;2;0
30653;606629;2024-06-10;segunda-feira;21:20:00;SP;459.0;26.0;LORENA;Ausência de reação do condutor;Atropelamento de Animal;Com Vítimas Feridas;Plena Noite;Crescente;Nublado;Simples;"Reta;Ponte";Rural;0;1;1;0
30699;606678;2024-06-11;terça-feira;07:32:00;SP;116.0;539.0;BARRA DO TURVO;Reação tardia ou ineficiente do condutor;Saída de leito carroçável;Com Vítimas Feridas;Pleno dia;Decrescente;Ensolarado;Dupla;Reta;Rural;0;0;1;0
30712;606692;2024-06-11;terça-feira;08:45:00;SP;116.0;182.0;SANTA ISABEL;Reação tardia ou ineficiente do condutor;Colisão com objeto;Com Vítimas Feridas;Pleno dia;Decrescente;Ensolarado;Dupla;Desvio Temporário;Rural;0;0;1;0
30721;606703;2024-06-11;terça-feira;09:40:00;SP;116.0;122.0;CACAPAVA;Reação tardia ou ineficiente do condutor;Atropelamento de Pedestre;Com Vítimas Feridas;Pleno dia;Decrescente;Ensolarado;Dupla;Reta;Rural;0;0;1;1
30727;606709;2024-06-11;terça-feira;10:00:00;SP;116.0;58.2;GUARATINGUETA;Reação tardia ou ineficiente do condutor;Colisão traseira;Com Vítimas Feridas;Pleno dia;Decrescente;Ensolarado;Dupla;Reta;Urbano;0;0;2;0
30735;606717;2024-06-11;terça-feira;09:30:00;SP;459.0;13.3;PIQUETE;Acumulo de óleo sobre o pavimento;Tombamento;Com Vítimas Feridas;Pleno dia;Decrescente;Ensolarado;Dupla;Curva;Rural;0;0;1;0
30751;606735;2024-06-11;terça-feira;11:45:00;SP;381.0;1.0;VARGEM;Reação tardia ou ineficiente do condutor;Tombamento;Com Vítimas Feridas;Pleno dia;Decrescente;Ensolarado;Dupla;Reta;Rural;1;0;1;0
30781;606767;2024-06-11;terça-feira;14:30:00;SP;116.0;298.9;SAO LOURENCO DA SERRA;Manobra de mudança de faixa;Colisão lateral mesmo sentido;Com Vítimas Feridas;Pleno dia;Decrescente;Ensolarado;Múltipla;Aclive;Rural;1;0;2;0
30817;606804;2024-06-11;terça-feira;18:00:00;SP;116.0;217.0;GUARULHOS;Reação tardia ou ineficiente do condutor;Tombamento;Com Vítimas Feridas;Plena Noite;Decrescente;Ensolarado;Múltipla;"Reta;Desvio Temporário;Em Obras";Urbano;0;0;1;0
30861;606849;2024-06-11;terça-feira;22:00:00;SP;116.0;109.5;TAUBATE;Reação tardia ou ineficiente do condutor;Colisão lateral mesmo sentido;Com Vítimas Feridas;Plena Noite;Decrescente;Ensolarado;Dupla;Reta;Urbano;0;0;3;0
30885;606876;2024-06-12;quarta-feira;03:45:00;SP;116.0;228.4;SAO PAULO;Reação tardia ou ineficiente do condutor;Colisão traseira;Com Vítimas Feridas;Plena Noite;Decrescente;Nublado;Múltipla;"Reta;Aclive";Urbano;0;0;2;0
30892;606884;2024-06-12;quarta-feira;00:10:00;SP;116.0;511.0;CAJATI;Ausência de reação do condutor;Tombamento;Com Vítimas Feridas;Plena Noite;Decrescente;Ensolarado;Simples;"Curva;Declive";Rural;0;0;1;0
30898;606891;2024-06-12;quarta-feira;06:51:00;SP;153.0;61.0;SAO JOSE DO RIO PRETO;Condutor deixou de manter distância do veículo da frente;Colisão lateral mesmo sentido;Com Vítimas Feridas;Pleno dia;Crescente;Ensolarado;Dupla;Reta;Urbano;0;0;2;0
30913;606910;2024-06-12;quarta-feira;08:40:00;SP;381.0;20.0;BRAGANCA PAULISTA;Pista Escorregadia;Tombamento;Com Vítimas Feridas;Pleno dia;Crescente;Ensolarado;Múltipla;Curva;Rural;0;0;1;0
30920;606917;2024-06-12;quarta-feira;08:20:00;SP;153.0;295.3;CAMPOS NOVOS PAULISTA;Manobra de mudança de faixa;Saída de leito carroçável;Sem Vítimas;Pleno dia;Decrescente;Ensolarado;Simples;Reta;Rural;0;0;2;0
30933;606933;2024-06-12;quarta-feira;08:35:00;SP;116.0;139.6;SAO JOSE DOS CAMPOS;Condutor deixou de manter distância do veículo da frente;Colisão traseira;Com Vítimas Feridas;Pleno dia;Crescente;Ensolarado;Dupla;Reta;Rural;1;0;3;0
30960;606967;2024-06-12;quarta-feira;13:10:00;SP;381.0;62.0;MAIRIPORA;Reação tardia ou ineficiente do condutor;Colisão traseira;Sem Vítimas;Pleno dia;Decrescente;Ensolarado;Dupla;"Curva;Aclive";Rural;0;0;2;0
30993;607007;2024-06-12;quarta-feira;17:45:00;SP;116.0;221.0;GUARULHOS;Reação tardia ou ineficiente do condutor;Queda de ocupante de veículo;Sem Vítimas;Anoitecer;Decrescente;Nublado;Múltipla;Reta;Urbano;0;0;1;0
31043;607061;2024-06-12;quarta-feira;20:30:00;SP;381.0;85.0;SAO PAULO;Reação tardia ou ineficiente do condutor;Colisão traseira;Com Vítimas Feridas;Plena Noite;Decrescente;Ensolarado;Dupla;Reta;Rural;3;0;2;0
31045;607064;2024-06-12;quarta-feira;22:00:00;SP;116.0;221.9;GUARULHOS;Velocidade Incompatível;Colisão traseira;Com Vítimas Feridas;Plena Noite;Decrescente;Ensolarado;Múltipla;Reta;Rural;1;0;3;0
31053;607072;2024-06-12;quarta-feira;20:30:00;SP;153.0;189.5;LINS;Reação tardia ou ineficiente do condutor;Colisão traseira;Com Vítimas Feridas;Plena Noite;Decrescente;Ensolarado;Simples;Reta;Rural;0;0;1;0
31076;607095;2024-06-13;quinta-feira;05:30:00;SP;116.0;222.5;GUARULHOS;Acessar a via sem observar a presença dos outros veículos;Colisão traseira;Com Vítimas Feridas;Pleno dia;Crescente;Ensolarado;Múltipla;Reta;Urbano;0;0;2;0
31099;607123;2024-06-13;quinta-feira;07:30:00;SP;116.0;148.0;SAO JOSE DOS CAMPOS;Manobra de mudança de faixa;Colisão traseira;Com Vítimas Feridas;Pleno dia;Decrescente;Ensolarado;Múltipla;Reta;Urbano;0;0;3;0
31108;607132;2024-06-13;quinta-feira;08:20:00;SP;116.0;139.5;SAO JOSE DOS CAMPOS;Trafegar com motocicleta (ou similar) entre as faixas;Colisão traseira;Com Vítimas Feridas;Pleno dia;Crescente;Ensolarado;Dupla;Reta;Rural;0;0;2;0
31133;607160;2024-06-13;quinta-feira;11:20:00;SP;116.0;125.0;CACAPAVA;Carga excessiva e/ou mal acondicionada;Colisão com objeto;Com Vítimas Feridas;Pleno dia;Crescente;Ensolarado;Dupla;Reta;Rural;0;0;1;0
31154;607182;2024-06-13;quinta-feira;13:30:00;SP;381.0;42.0;ATIBAIA;Manobra de mudança de faixa;Colisão lateral mesmo sentido;Com Vítimas Feridas;Pleno dia;Crescente;Ensolarado;Múltipla;"Reta;Declive";Urbano;0;0;2;0
31163;607193;2024-06-13;quinta-feira;14:30:00;SP;116.0;159.0;JACAREI;Ultrapassagem Indevida;Colisão lateral mesmo sentido;Sem Vítimas;Pleno dia;Decrescente;Ensolarado;Dupla;Reta;Urbano;0;0;2;0
31168;607198;2024-06-13;quinta-feira;13:15:00;SP;153.0;182.6;LINS;Acessar a via sem observar a presença dos outros veículos;Colisão transversal;Com Vítimas Feridas;Pleno dia;Crescente;Ensolarado;Simples;Interseção de Vias;Rural;0;0;2;0
31182;607214;2024-06-13;quinta-feira;17:00:00;SP;116.0;277.0;EMBU DAS ARTES;Ausência de reação do condutor;Colisão traseira;Com Vítimas Feridas;Plena Noite;Crescente;Ensolarado;Dupla;Reta;Urbano;2;0;2;0
31215;607248;2024-06-13;quinta-feira;19:00:00;SP;116.0;305.0;SAO LOURENCO DA SERRA;Demais falhas mecânicas ou elétricas;Incêndio;Sem Vítimas;Pleno dia;Crescente;Ensolarado;Dupla;Reta;Rural;0;0;1;0
31254;607290;2024-06-13;quinta-feira;21:45:00;SP;116.0;22.0;LAVRINHAS;Carga excessiva e/ou mal acondicionada;Tombamento;Com Vítimas Feridas;Plena Noite;Decrescente;Nublado;Dupla;Curva;Rural;0;0;1;0
31260;607296;2024-06-13;quinta-feira;22:40:00;SP;153.0;62.0;SAO JOSE DO RIO PRETO;Ausência de reação do condutor;Colisão traseira;Com Vítimas Feridas;Plena Noite;Decrescente;Ensolarado;Dupla;"Reta;Declive";Urbano;2;0;2;0
31269;607307;2024-06-13;quinta-feira;22:45:00;SP;381.0;31.0;ATIBAIA;Demais falhas mecânicas ou elétricas;Incêndio;Sem Vítimas;Plena Noite;Decrescente;Ensolarado;Dupla;"Curva;Declive";Urbano;0;0;1;0
31286;607324;2024-06-14;sexta-feira;02:50:00;SP;116.0;289.0;ITAPECERICA DA SERRA;Ausência de reação do condutor;Colisão traseira;Com Vítimas Fatais;Plena Noite;Crescente;Ensolarado;Dupla;"Reta;Em Obras";Rural;0;0;2;0
31305;607347;2024-06-14;sexta-feira;06:05:00;SP;381.0;89.0;SAO PAULO;Ausência de reação do condutor;Colisão com objeto;Com Vítimas Feridas;Pleno dia;Crescente;Ensolarado;Múltipla;Reta;Urbano;0;0;1;0
31311;607353;2024-06-14;sexta-feira;06:00:00;SP;116.0;222.0;GUARULHOS;Demais falhas mecânicas ou elétricas;Incêndio;Sem Vítimas;Pleno dia;Decrescente;Ensolarado;Múltipla;Reta;Urbano;0;0;1;0
31312;607354;2024-06-14;sexta-feira;07:30:00;SP;116.0;282.0;EMBU DAS ARTES;Reação tardia ou ineficiente do condutor;Colisão traseira;Com Vítimas Feridas;Pleno dia;Decrescente;Ensolarado;Dupla;Reta;Urbano;0;0;3;0
31322;607369;2024-06-14;sexta-feira;07:30:00;SP;116.0;223.0;GUARULHOS;Manobra de mudança de faixa;Colisão lateral mesmo sentido;Com Vítimas Feridas;Pleno dia;Decrescente;Ensolarado;Múltipla;Reta;Urbano;0;0;2;0
31331;607380;2024-06-11;terça-feira;01:20:00;SP;116.0;284.0;ITAPECERICA DA SERRA;Ausência de reação do condutor;Queda de ocupante de veículo;Com Vítimas Feridas;Plena Noite;Decrescente;Ensolarado;Dupla;Reta;Rural;1;0;1;0
31336;607386;2024-06-14;sexta-feira;09:28:00;SP;116.0;49.9;LORENA;Condutor deixou de manter distância do veículo da frente;Colisão traseira;Com Vítimas Feridas;Pleno dia;Crescente;Ensolarado;Dupla;Reta;Urbano;0;0;2;0
31345;607395;2024-06-14;sexta-feira;10:15:00;SP;381.0;17.0;BRAGANCA PAULISTA;Ausência de reação do condutor;Colisão traseira;Com Vítimas Feridas;Pleno dia;Crescente;Ensolarado;Dupla;Reta;Rural;0;0;2;0
31363;607413;2024-06-06;quinta-feira;21:50:00;SP;116.0;196.0;ARUJA;Velocidade Incompatível;Colisão lateral mesmo sentido;Sem Vítimas;Plena Noite;Decrescente;Ensolarado;Dupla;Reta;Rural;1;0;2;0
31375;607427;2024-06-14;sexta-feira;11:55:00;SP;116.0;515.0;CAJATI;Demais falhas mecânicas ou elétricas;Incêndio;Sem Vítimas;Pleno dia;Crescente;Ensolarado;Simples;"Reta;Aclive";Rural;0;0;1;0