;Identificador do acidente;Data;Dia da semana;Horário;Estado;BR;km;Município;Causa do acidente;Tipo do acidente;Gravidade do acidente;Fase do dia;Sentido da via;Condição do tempo;Tipo de pista;Traçado da via;uso_solo;Número de passageiros;Número de cavaleiro;Número de condutor;Número de pedestre
31420;607478;2024-06-14;sexta-feira;18:09:00;SP;116.0;279.9;EMBU DAS ARTES;Ausência de reação do condutor;Colisão traseira;Com Vítimas Feridas;Plena Noite;Crescente;Ensolarado;Dupla;Reta;Rural;0;0;3;0
31432;607492;2024-06-14;sexta-feira;17:45:00;SP;116.0;284.0;ITAPECERICA DA SERRA;Demais falhas mecânicas ou elétricas;Queda de ocupante de veículo;Com Vítimas Feridas;Anoitecer;Crescente;Ensolarado;Dupla;Reta;Rural;1;0;2;0
31435;607495;2024-06-14;sexta-feira;18:38:00;SP;116.0;222.0;GUARULHOS;Frear bruscamente;Colisão traseira;Sem Vítimas;Plena Noite;Decrescente;Ensolarado;Múltipla;Reta;Urbano;1;0;2;0
31443;607504;2024-06-14;sexta-feira;19:00:00;SP;116.0;216.0;GUARULHOS;Manobra de mudança de faixa;Queda de ocupante de veículo;Com Vítimas Feridas;Plena Noite;Crescente;Ensolarado;Múltipla;Reta;Urbano;0;0;1;0
31478;607541;2024-06-14;sexta-feira;22:27:00;SP;116.0;155.0;SAO JOSE DOS CAMPOS;Animais na Pista;Colisão lateral mesmo sentido;Com Vítimas Feridas;Plena Noite;Decrescente;Ensolarado;Dupla;Reta;Urbano;1;0;2;0
31485;607549;2024-06-14;sexta-feira;23:57:00;SP;116.0;282.2;EMBU DAS ARTES;Ausência de reação do condutor;Saída de leito carroçável;Com Vítimas Feridas;Plena Noite;Crescente;Ensolarado;Dupla;Retorno Regulamentado;Urbano;1;0;1;0
31488;607552;2024-06-15;sábado;00:15:00;SP;101.0;41.0;UBATUBA;Transitar na contramão;Colisão frontal;Com Vítimas Feridas;Plena Noite;Decrescente;Ensolarado;Simples;Reta;Rural;4;0;2;0
31492;607556;2024-06-15;sábado;00:59:00;SP;116.0;310.0;SAO LOURENCO DA SERRA;Ausência de reação do condutor;Colisão traseira;Com Vítimas Feridas;Plena Noite;Decrescente;Ensolarado;Dupla;Reta;Rural;0;0;2;0
31498;607562;2024-06-15;sábado;01:15:00;SP;116.0;107.0;TAUBATE;Ausência de reação do condutor;Colisão com objeto;Sem Vítimas;Plena Noite;Decrescente;Ensolarado;Simples;"Reta;Retorno Regulamentado";Urbano;0;0;1;0
31525;607590;2024-06-15;sábado;05:04:00;SP;116.0;173.0;JACAREI;Ausência de reação do condutor;Tombamento;Com Vítimas Feridas;Anoitecer;Decrescente;Ensolarado;Dupla;Reta;Rural;0;0;1;0
31543;607612;2024-06-15;sábado;07:40:00;SP;116.0;168.0;JACAREI;Condutor Dormindo;Colisão traseira;Com Vítimas Feridas;Pleno dia;Decrescente;Ensolarado;Múltipla;Reta;Urbano;1;0;1;0
31559;607630;2024-06-15;sábado;08:00:00;SP;116.0;109.0;TAUBATE;Reação tardia ou ineficiente do condutor;Engavetamento;Com Vítimas Feridas;Pleno dia;Decrescente;Ensolarado;Dupla;Reta;Urbano;0;0;5;0
31570;607641;2024-06-15;sábado;11:00:00;SP;116.0;189.0;SANTA ISABEL;Pedestre andava na pista;Atropelamento de Pedestre;Com Vítimas Fatais;Pleno dia;Crescente;Ensolarado;Dupla;Reta;Rural;0;0;1;1
31619;607694;2024-06-15;sábado;16:35:00;SP;153.0;30.2;NOVA GRANADA;Desrespeitar a preferência no cruzamento;Colisão transversal;Com Vítimas Feridas;Pleno dia;Crescente;Ensolarado;Simples;Interseção de Vias;Urbano;1;0;2;0
31654;607734;2024-06-15;sábado;19:55:00;SP;116.0;112.1;TAUBATE;Entrada inopinada do pedestre;Atropelamento de Pedestre;Com Vítimas Fatais;Plena Noite;Crescente;Ensolarado;Dupla;Reta;Rural;0;0;3;1
31697;607779;2024-06-16;domingo;00:45:00;SP;116.0;484.0;CAJATI;Ausência de reação do condutor;Colisão traseira;Com Vítimas Feridas;Plena Noite;Crescente;Ensolarado;Dupla;Reta;Rural;4;0;2;0
31704;607786;2024-06-16;domingo;00:20:00;SP;116.0;167.4;JACAREI;Condutor Dormindo;Tombamento;Com Vítimas Feridas;Plena Noite;Decrescente;Ensolarado;Múltipla;"Reta;Declive";Rural;0;0;1;0
31720;607805;2024-06-16;domingo;04:00:00;SP;381.0;86.3;SAO PAULO;Velocidade Incompatível;Capotamento;Com Vítimas Feridas;Plena Noite;Crescente;Ensolarado;Múltipla;Curva;Urbano;2;0;1;0
31761;607849;2024-06-16;domingo;08:00:00;SP;116.0;295.0;ITAPECERICA DA SERRA;Demais falhas mecânicas ou elétricas;Incêndio;Sem Vítimas;Pleno dia;Crescente;Ensolarado;Dupla;Reta;Urbano;0;0;1;0
31787;607876;2024-06-16;domingo;11:30:00;SP;381.0;78.0;MAIRIPORA;Ausência de reação do condutor;Colisão com objeto;Com Vítimas Feridas;Pleno dia;Crescente;Ensolarado;Dupla;Curva;Rural;0;0;1;0
31794;607883;2024-06-16;domingo;12:20:00;SP;153.0;62.0;SAO JOSE DO RIO PRETO;Manobra de mudança de faixa;Tombamento;Com Vítimas Feridas;Pleno dia;Decrescente;Ensolarado;Dupla;"Reta;Declive";Urbano;0;0;1;0
31812;607903;2024-06-16;domingo;14:50:00;SP;116.0;219.0;GUARULHOS;Trafegar com motocicleta (ou similar) entre as faixas;Colisão lateral mesmo sentido;Com Vítimas Feridas;Pleno dia;Decrescente;Nublado;Múltipla;Reta;Urbano;2;0;3;0
31813;607904;2024-06-16;domingo;11:50:00;SP;116.0;517.0;CAJATI;Reação tardia ou ineficiente do condutor;Colisão traseira;Sem Vítimas;Pleno dia;Decrescente;Ensolarado;Simples;"Reta;Declive";Rural;0;0;2;0
31835;607927;2024-06-16;domingo;16:20:00;SP;116.0;96.6;PINDAMONHANGABA;Manobra de mudança de faixa;Colisão traseira;Com Vítimas Feridas;Pleno dia;Crescente;Ensolarado;Dupla;"Reta;Aclive";Rural;1;0;2;0
31841;607934;2024-06-16;domingo;16:20:00;SP;381.0;32.0;ATIBAIA;Condutor deixou de manter distância do veículo da frente;Colisão traseira;Sem Vítimas;Pleno dia;Crescente;Ensolarado;Múltipla;"Reta;Aclive";Rural;0;0;2;0
31875;607972;2024-06-16;domingo;19:05:00;SP;116.0;310.7;SAO LOURENCO DA SERRA;Ausência de reação do condutor;Colisão traseira;Sem Vítimas;Plena Noite;Decrescente;Ensolarado;Dupla;"Reta;Aclive";Rural;0;0;2;0
31879;607977;2024-06-16;domingo;19:20:00;SP;101.0;49.5;UBATUBA;Trafegar com motocicleta (ou similar) entre as faixas;Colisão lateral mesmo sentido;Com Vítimas Feridas;Plena Noite;Decrescente;Ensolarado;Simples;Reta;Urbano;1;0;2;0
31899;607997;2024-06-16;domingo;20:35:00;SP;153.0;272.6;OCAUCU;Demais falhas mecânicas ou elétricas;Incêndio;Sem Vítimas;Plena Noite;Decrescente;Nublado;Simples;Reta;Rural;0;0;1;0
31907;608005;2024-06-16;domingo;21:05:00;SP;381.0;82.0;SAO PAULO;Reação tardia ou ineficiente do condutor;Colisão com objeto;Sem Vítimas;Plena Noite;Decrescente;Nublado;Dupla;Reta;Rural;1;0;1;0
31925;608026;2024-06-17;segunda-feira;00:00:00;SP;116.0;225.0;GUARULHOS;Reação tardia ou ineficiente do condutor;Queda de ocupante de veículo;Com Vítimas Feridas;Plena Noite;Decrescente;Ensolarado;Múltipla;Reta;Urbano;0;0;1;0
31944;608047;2024-06-17;segunda-feira;03:20:00;SP;153.0;91.0;JACI;Reação tardia ou ineficiente do condutor;Saída de leito carroçável;Com Vítimas Feridas;Plena Noite;Decrescente;Ensolarado;Simples;"Reta;Em Obras";Rural;1;0;1;0
31953;608056;2024-06-17;segunda-feira;06:00:00;SP;116.0;223.0;GUARULHOS;Reação tardia ou ineficiente do condutor;Colisão traseira;Com Vítimas Feridas;Amanhecer;Decrescente;Ensolarado;Múltipla;Reta;Urbano;0;0;2;0
31959;608063;2024-06-17;segunda-feira;06:30:00;SP;116.0;204.0;ARUJA;Acessar a via sem observar a presença dos outros veículos;Engavetamento;Com Vítimas Feridas;Amanhecer;Crescente;Ensolarado;Múltipla;Reta;Urbano;0;0;3;0
31962;608067;2024-06-17;segunda-feira;07:30:00;SP;116.0;216.0;GUARULHOS;Trafegar com motocicleta (ou similar) entre as faixas;Colisão lateral mesmo sentido;Com Vítimas Feridas;Amanhecer;Crescente;Ensolarado;Múltipla;"Reta;Declive";Urbano;0;0;2;0
31966;608071;2024-06-17;segunda-feira;07:40:00;SP;116.0;285.0;ITAPECERICA DA SERRA;Reação tardia ou ineficiente do condutor;Colisão traseira;Com Vítimas Feridas;Pleno dia;Decrescente;Ensolarado;Dupla;Reta;Rural;2;0;2;0
31982;608088;2024-06-17;segunda-feira;08:30:00;SP;116.0;217.0;GUARULHOS;Ausência de reação do condutor;Colisão traseira;Com Vítimas Feridas;Pleno dia;Crescente;Nublado;Múltipla;Reta;Rural;0;0;2;0
32014;608126;2024-06-17;segunda-feira;09:30:00;SP;116.0;143.0;SAO JOSE DOS CAMPOS;Reação tardia ou ineficiente do condutor;Engavetamento;Com Vítimas Feridas;Pleno dia;Crescente;Ensolarado;Dupla;Reta;Urbano;0;0;2;0
32028;608140;2024-06-17;segunda-feira;13:00:00;SP;153.0;50.2;SAO JOSE DO RIO PRETO;Ingestão de álcool pelo condutor;Colisão frontal;Com Vítimas Feridas;Pleno dia;Crescente;Ensolarado;Simples;Reta;Urbano;0;0;2;0
32071;608187;2024-06-17;segunda-feira;16:30:00;SP;116.0;388.0;MIRACATU;Ausência de reação do condutor;Saída de leito carroçável;Sem Vítimas;Pleno dia;Decrescente;Ensolarado;Dupla;Reta;Rural;0;0;1;0
32130;608250;2024-06-17;segunda-feira;19:20:00;SP;153.0;21.8;NOVA GRANADA;Demais falhas mecânicas ou elétricas;Saída de leito carroçável;Sem Vítimas;Plena Noite;Crescente;Ensolarado;Simples;"Curva;Aclive";Rural;0;0;1;0
32144;608268;2024-06-17;segunda-feira;23:30:00;SP;116.0;195.0;SANTA ISABEL;Manobra de mudança de faixa;Colisão com objeto;Sem Vítimas;Plena Noite;Decrescente;Nublado;Dupla;Reta;Urbano;0;0;1;0
32162;608289;2024-06-18;terça-feira;06:50:00;SP;153.0;63.7;SAO JOSE DO RIO PRETO;Demais falhas mecânicas ou elétricas;Incêndio;Sem Vítimas;Pleno dia;Crescente;Ensolarado;Dupla;Reta;Urbano;0;0;1;0
32169;608297;2024-06-18;terça-feira;07:50:00;SP;116.0;146.0;SAO JOSE DOS CAMPOS;Condutor deixou de manter distância do veículo da frente;Queda de ocupante de veículo;Com Vítimas Feridas;Pleno dia;Decrescente;Ensolarado;Dupla;Reta;Urbano;0;0;1;0
32171;608299;2024-06-18;terça-feira;08:10:00;SP;153.0;63.8;SAO JOSE DO RIO PRETO;Demais falhas mecânicas ou elétricas;Queda de ocupante de veículo;Com Vítimas Feridas;Pleno dia;Decrescente;Ensolarado;Dupla;Reta;Urbano;0;0;1;0
32179;608307;2024-06-18;terça-feira;07:30:00;SP;116.0;225.7;GUARULHOS;Trafegar com motocicleta (ou similar) entre as faixas;Colisão lateral mesmo sentido;Com Vítimas Feridas;Pleno dia;Crescente;Ensolarado;Múltipla;Reta;Urbano;0;0;2;0
32184;608313;2024-06-18;terça-feira;07:10:00;SP;381.0;89.0;GUARULHOS;Trafegar com motocicleta (ou similar) entre as faixas;Colisão transversal;Com Vítimas Feridas;Pleno dia;Crescente;Ensolarado;Dupla;Reta;Urbano;0;0;3;0
32190;608319;2024-06-18;terça-feira;08:30:00;SP;381.0;43.0;ATIBAIA;Desrespeitar a preferência no cruzamento;Queda de ocupante de veículo;Com Vítimas Feridas;Pleno dia;Crescente;Ensolarado;Dupla;Retorno Regulamentado;Urbano;1;0;1;0
32201;608330;2024-06-18;terça-feira;10:20:00;SP;381.0;39.0;ATIBAIA;Reação tardia ou ineficiente do condutor;Colisão com objeto;Com Vítimas Feridas;Pleno dia;Crescente;Ensolarado;Dupla;Reta;Rural;0;0;1;0
32225;608359;2024-06-18;terça-feira;12:50:00;SP;116.0;491.0;CAJATI;Acessar a via sem observar a presença dos outros veículos;Atropelamento de Pedestre;Com Vítimas Fatais;Pleno dia;Decrescente;Ensolarado;Dupla;Reta;Rural;1;0;1;1
32234;608368;2024-06-18;terça-feira;14:10:00;SP;116.0;278.9;EMBU DAS ARTES;Avarias e/ou desgaste excessivo no pneu;Tombamento;Sem Vítimas;Pleno dia;Crescente;Ensolarado;Dupla;Reta;Urbano;1;0;1;0
32258;608392;2024-06-18;terça-feira;16:30:00;SP;381.0;20.0;BRAGANCA PAULISTA;Ingestão de álcool pelo condutor;Colisão traseira;Com Vítimas Feridas;Pleno dia;Decrescente;Ensolarado;Dupla;"Reta;Declive";Rural;0;0;3;0
32304;608443;2024-06-18;terça-feira;19:48:00;SP;116.0;219.0;GUARULHOS;Reação tardia ou ineficiente do condutor;Colisão lateral mesmo sentido;Com Vítimas Feridas;Plena Noite;Crescente;Não Informado;Dupla;Reta;Urbano;0;0;2;0
32305;608444;2024-06-18;terça-feira;20:10:00;SP;116.0;200.0;ARUJA;Reação tardia ou ineficiente do condutor;Tombamento;Sem Vítimas;Plena Noite;Crescente;Vento;Dupla;Reta;Rural;0;0;1;0
32313;608453;2024-06-18;terça-feira;20:01:00;SP;116.0;169.0;JACAREI;Reação tardia ou ineficiente do condutor;Colisão com objeto;Sem Vítimas;Plena Noite;Crescente;Ensolarado;Múltipla;"Curva;Declive";Rural;0;0;1;0
32319;608460;2024-06-18;terça-feira;19:35:00;SP;116.0;99.5;PINDAMONHANGABA;Reação tardia ou ineficiente do condutor;Queda de ocupante de veículo;Com Vítimas Feridas;Plena Noite;Decrescente;Ensolarado;Simples;Curva;Urbano;0;0;1;0
32350;608492;2024-06-19;quarta-feira;06:03:00;SP;116.0;161.0;JACAREI;Ausência de reação do condutor;Tombamento;Com Vítimas Feridas;Pleno dia;Crescente;Ensolarado;Simples;Curva;Urbano;0;0;1;0
32366;608511;2024-06-19;quarta-feira;08:05:00;SP;116.0;145.0;SAO JOSE DOS CAMPOS;Ausência de reação do condutor;Engavetamento;Com Vítimas Feridas;Pleno dia;Crescente;Ensolarado;Múltipla;Interseção de Vias;Urbano;0;0;5;0
32387;608535;2024-06-19;quarta-feira;08:20:00;SP;381.0;85.5;SAO PAULO;Condutor deixou de manter distância do veículo da frente;Colisão traseira;Com Vítimas Feridas;Pleno dia;Crescente;Ensolarado;Dupla;Reta;Urbano;0;0;2;0
32419;608573;2024-06-19;quarta-feira;13:15:00;SP;116.0;221.0;GUARULHOS;Ausência de reação do condutor;Queda de ocupante de veículo;Com Vítimas Feridas;Pleno dia;Decrescente;Ensolarado;Múltipla;Reta;Urbano;0;0;1;0
32422;608576;2024-06-19;quarta-feira;14:20:00;SP;116.0;221.0;GUARULHOS;Ausência de reação do condutor;Colisão lateral mesmo sentido;Com Vítimas Feridas;Pleno dia;Crescente;Ensolarado;Múltipla;Reta;Urbano;0;0;2;0
32465;608620;2024-06-19;quarta-feira;18:00:00;SP;116.0;230.0;SAO PAULO;Trafegar com motocicleta (ou similar) entre as faixas;Colisão lateral mesmo sentido;Com Vítimas Feridas;Plena Noite;Crescente;Ensolarado;Múltipla;Reta;Urbano;0;0;2;0
32468;608623;2024-06-19;quarta-feira;18:20:00;SP;116.0;152.0;SAO JOSE DOS CAMPOS;Demais falhas mecânicas ou elétricas;Tombamento;Com Vítimas Feridas;Plena Noite;Decrescente;Ensolarado;Dupla;Reta;Rural;1;0;1;0
32480;608636;2024-06-19;quarta-feira;11:15:00;SP;116.0;7.0;QUELUZ;Suicídio (presumido);Atropelamento de Pedestre;Com Vítimas Feridas;Pleno dia;Decrescente;Ensolarado;Múltipla;Reta;Urbano;0;0;1;1
32500;608658;2024-06-19;quarta-feira;21:20:00;SP;116.0;285.0;ITAPECERICA DA SERRA;Objeto estático sobre o leito carroçável;Queda de ocupante de veículo;Com Vítimas Feridas;Plena Noite;Decrescente;Nublado;Dupla;Reta;Urbano;0;0;1;0
32503;608661;2024-06-19;quarta-feira;21:45:00;SP;116.0;149.0;SAO JOSE DOS CAMPOS;Ausência de reação do condutor;Colisão traseira;Com Vítimas Fatais;Plena Noite;Decrescente;Nublado;Dupla;"Reta;Interseção de Vias";Urbano;0;0;2;0
32507;608665;2024-06-19;quarta-feira;21:35:00;SP;101.0;49.5;UBATUBA;Acessar a via sem observar a presença dos outros veículos;Colisão transversal;Com Vítimas Feridas;Plena Noite;Crescente;Ensolarado;Simples;Reta;Urbano;0;0;2;0
32515;608674;2024-06-19;quarta-feira;23:00:00;SP;116.0;145.6;SAO JOSE DOS CAMPOS;Reação tardia ou ineficiente do condutor;Tombamento;Com Vítimas Feridas;Plena Noite;Crescente;Ensolarado;Dupla;"Reta;Declive";Urbano;0;0;1;0
32534;608695;2024-06-20;quinta-feira;05:30:00;SP;116.0;218.0;GUARULHOS;Manobra de mudança de faixa;Colisão lateral mesmo sentido;Com Vítimas Feridas;Amanhecer;Decrescente;Ensolarado;Dupla;"Reta;Em Obras;Interseção de Vias";Urbano;1;0;2;0
32551;608712;2024-06-20;quinta-feira;07:20:00;SP;116.0;158.0;JACAREI;Reação tardia ou ineficiente do condutor;Engavetamento;Com Vítimas Feridas;Pleno dia;Decrescente;Ensolarado;Dupla;Reta;Rural;5;0;3;0
32556;608717;2024-06-20;quinta-feira;07:30:00;SP;116.0;289.0;ITAPECERICA DA SERRA;Ausência de reação do condutor;Colisão traseira;Com Vítimas Feridas;Pleno dia;Decrescente;Ensolarado;Dupla;Reta;Urbano;0;0;2;0
32567;608728;2024-06-20;quinta-feira;09:00:00;SP;116.0;223.0;GUARULHOS;Trafegar com motocicleta (ou similar) entre as faixas;Colisão lateral mesmo sentido;Com Vítimas Feridas;Pleno dia;Decrescente;Nublado;Múltipla;Reta;Urbano;1;0;2;0
32576;608738;2024-06-20;quinta-feira;10:40:00;SP;116.0;223.8;GUARULHOS;Condutor deixou de manter distância do veículo da frente;Colisão traseira;Com Vítimas Feridas;Pleno dia;Crescente;Ensolarado;Múltipla;Reta;Urbano;1;0;2;0
32596;608761;2024-06-16;domingo;16:36:00;SP;153.0;326.8;SALTO GRANDE;Acessar a via sem observar a presença dos outros veículos;Colisão transversal;Com Vítimas Feridas;Pleno dia;Decrescente;Ensolarado;Simples;Reta;Rural;6;0;2;0
32617;608787;2024-06-20;quinta-feira;15:10:00;SP;116.0;469.0;JACUPIRANGA;Reação tardia ou ineficiente do condutor;Colisão traseira;Com Vítimas Feridas;Pleno dia;Decrescente;Ensolarado;Dupla;"Reta;Em Obras";Rural;1;0;3;0
32622;608792;2024-06-20;quinta-feira;15:28:00;SP;381.0;40.3;ATIBAIA;Ausência de reação do condutor;Colisão traseira;Com Vítimas Feridas;Pleno dia;Crescente;Ensolarado;Dupla;Reta;Urbano;0;0;3;0
32649;608822;2024-06-04;terça-feira;15:20:00;SP;116.0;445.0;REGISTRO;Acessar a via sem observar a presença dos outros veículos;Eventos atípicos;Com Vítimas Feridas;Pleno dia;Decrescente;Ensolarado;Dupla;Reta;Rural;1;0;1;0
32653;608826;2024-06-20;quinta-feira;17:40:00;SP;381.0;57.7;MAIRIPORA;Reação tardia ou ineficiente do condutor;Colisão traseira;Com Vítimas Feridas;Anoitecer;Crescente;Ensolarado;Dupla;"Reta;Aclive";Rural;0;0;2;0
32676;608849;2024-06-20;quinta-feira;19:40:00;SP;153.0;114.7;JOSE BONIFACIO;Ingestão de álcool pelo condutor;Colisão traseira;Com Vítimas Feridas;Plena Noite;Crescente;Ensolarado;Simples;Reta;Urbano;0;0;3;0
32727;608901;2024-06-21;sexta-feira;05:15:00;SP;116.0;330.0;JUQUITIBA;Acessar a via sem observar a presença dos outros veículos;Colisão traseira;Com Vítimas Feridas;Amanhecer;Decrescente;Nevoeiro/Neblina;Dupla;Reta;Rural;1;0;2;0
32738;608912;2024-06-21;sexta-feira;06:05:00;SP;153.0;0.5;ICEM;Demais falhas mecânicas ou elétricas;Incêndio;Sem Vítimas;Amanhecer;Decrescente;Ensolarado;Simples;Reta;Rural;0;0;1;0
32788;608963;2024-06-21;sexta-feira;12:10:00;SP;116.0;57.0;GUARATINGUETA;Ausência de reação do condutor;Colisão traseira;Com Vítimas Feridas;Pleno dia;Decrescente;Ensolarado;Dupla;Reta;Urbano;0;0;3;0
32807;608984;2024-06-21;sexta-feira;12:40:00;SP;116.0;142.0;SAO JOSE DOS CAMPOS;Reação tardia ou ineficiente do condutor;Colisão traseira;Com Vítimas Feridas;Pleno dia;Decrescente;Ensolarado;Dupla;Reta;Rural;2;0;2;0
32814;608991;2024-06-21;sexta-feira;12:45:00;SP;116.0;416.0;JUQUIA;Manobra de mudança de faixa;Colisão lateral mesmo sentido;Com Vítimas Feridas;Pleno dia;Crescente;Ensolarado;Dupla;Reta;Urbano;0;0;2;0
32846;609023;2024-06-21;sexta-feira;17:00:00;SP;153.0;61.3;SAO JOSE DO RIO PRETO;Manobra de mudança de faixa;Tombamento;Com Vítimas Feridas;Pleno dia;Crescente;Ensolarado;Dupla;"Reta;Declive";Urbano;0;0;1;0
32848;609025;2024-06-21;sexta-feira;17:00:00;SP;116.0;156.0;SAO JOSE DOS CAMPOS;Trafegar com motocicleta (ou similar) entre as faixas;Colisão traseira;Com Vítimas Feridas;Pleno dia;Decrescente;Ensolarado;Dupla;Reta;Urbano;0;0;2;0
32849;609026;2024-06-21;sexta-feira;16:30:00;SP;116.0;155.0;SAO JOSE DOS CAMPOS;Reação tardia ou ineficiente do condutor;Colisão traseira;Com Vítimas Feridas;Pleno dia;Decrescente;Ensolarado;Múltipla;Reta;Urbano;0;0;2;0
32881;609060;2024-06-21;sexta-feira;07:40:00;SP;116.0;147.0;SAO JOSE DOS CAMPOS;Manobra de mudança de faixa;Colisão lateral mesmo sentido;Com Vítimas Feridas;Pleno dia;Crescente;Ensolarado;Dupla;Reta;Urbano;0;0;2;0
32891;609071;2024-06-21;sexta-feira;20:30:00;SP;116.0;148.0;SAO JOSE DOS CAMPOS;Reação tardia ou ineficiente do condutor;Colisão traseira;Com Vítimas Feridas;Plena Noite;Decrescente;Ensolarado;Dupla;Reta;Urbano;0;0;2;0
32892;609072;2024-06-21;sexta-feira;20:50:00;SP;116.0;230.0;SAO PAULO;Ausência de reação do condutor;Queda de ocupante de veículo;Com Vítimas Feridas;Plena Noite;Decrescente;Ensolarado;Múltipla;Reta;Urbano;1;0;1;0
32939;609121;2024-06-21;sexta-feira;22:45:00;SP;101.0;18.0;UBATUBA;Faróis desregulados;Saída de leito carroçável;Sem Vítimas;Plena Noite;Crescente;Ensolarado;Simples;Reta;Rural;0;0;1;0
32941;609123;2024-06-21;sexta-feira;22:30:00;SP;116.0;57.0;GUARATINGUETA;Deficiência do Sistema de Iluminação/Sinalização;Colisão traseira;Com Vítimas Feridas;Plena Noite;Decrescente;Ensolarado;Dupla;Reta;Rural;0;0;2;0
32946;609128;2024-06-21;sexta-feira;23:40:00;SP;116.0;149.0;SAO JOSE DOS CAMPOS;Reação tardia ou ineficiente do condutor;Colisão lateral mesmo sentido;Com Vítimas Feridas;Plena Noite;Crescente;Ensolarado;Múltipla;Reta;Urbano;0;0;2;0
32984;609167;2024-06-22;sábado;06:30:00;SP;153.0;63.0;SAO JOSE DO RIO PRETO;Condutor deixou de manter distância do veículo da frente;Colisão com objeto;Com Vítimas Feridas;Amanhecer;Crescente;Ensolarado;Dupla;"Reta;Aclive";Urbano;1;0;2;0
32986;609169;2024-06-22;sábado;06:30:00;SP;116.0;284.8;ITAPECERICA DA SERRA;Ausência de reação do condutor;Queda de ocupante de veículo;Com Vítimas Feridas;Pleno dia;Decrescente;Ensolarado;Dupla;Reta;Rural;1;0;1;0
32991;609174;2024-06-22;sábado;01:17:00;SP;116.0;139.0;SAO JOSE DOS CAMPOS;Reação tardia ou ineficiente do condutor;Atropelamento de Animal;Com Vítimas Feridas;Plena Noite;Decrescente;Ensolarado;Dupla;Reta;Urbano;0;0;2;0
32996;609180;2024-06-22;sábado;02:20:00;SP;116.0;503.0;CAJATI;Velocidade Incompatível;Tombamento;Com Vítimas Feridas;Plena Noite;Decrescente;Ensolarado;Simples;"Curva;Declive";Urbano;0;0;1;0
32997;609181;2024-06-22;sábado;06:40:00;SP;153.0;42.8;ONDA VERDE;Transitar na contramão;Colisão lateral sentido oposto;Com Vítimas Feridas;Amanhecer;Crescente;Nevoeiro/Neblina;Simples;Reta;Rural;0;0;3;0
32998;609182;2024-06-22;sábado;07:00:00;SP;116.0;84.6;PINDAMONHANGABA;Ausência de reação do condutor;Colisão lateral mesmo sentido;Com Vítimas Feridas;Pleno dia;Decrescente;Ensolarado;Dupla;Reta;Rural;0;0;2;0
33007;609195;2024-06-22;sábado;08:30:00;SP;116.0;135.0;SAO JOSE DOS CAMPOS;Ausência de reação do condutor;Engavetamento;Com Vítimas Feridas;Pleno dia;Decrescente;Ensolarado;Dupla;Reta;Rural;1;0;3;0
33050;609241;2024-06-22;sábado;11:30:00;SP;153.0;111.2;JOSE BONIFACIO;Demais falhas mecânicas ou elétricas;Incêndio;Sem Vítimas;Pleno dia;Decrescente;Nublado;Simples;Retorno Regulamentado;Rural;0;0;1;0
33055;609246;2024-06-22;sábado;12:40:00;SP;116.0;146.0;SAO JOSE DOS CAMPOS;Ingestão de álcool pelo condutor;Saída de leito carroçável;Sem Vítimas;Pleno dia;Decrescente;Ensolarado;Dupla;Reta;Urbano;0;0;1;0
33078;609271;2024-06-22;sábado;15:30:00;SP;116.0;161.0;JACAREI;Reação tardia ou ineficiente do condutor;Colisão com objeto;Com Vítimas Feridas;Pleno dia;Decrescente;Ensolarado;Simples;Curva;Urbano;1;0;1;0
33092;609287;2024-06-22;sábado;16:30:00;SP;101.0;49.0;UBATUBA;Condutor deixou de manter distância do veículo da frente;Colisão traseira;Com Vítimas Feridas;Pleno dia;Crescente;Ensolarado;Simples;Reta;Urbano;0;0;2;0
33120;609317;2024-06-22;sábado;18:30:00;SP;116.0;111.3;TAUBATE;Acessar a via sem observar a presença dos outros veículos;Colisão lateral mesmo sentido;Com Vítimas Feridas;Pleno dia;Crescente;Ensolarado;Dupla;"Reta;Interseção de Vias";Urbano;1;0;2;0
33161;609362;2024-06-23;domingo;03:25:00;SP;116.0;56.3;LORENA;Manobra de mudança de faixa;Colisão lateral mesmo sentido;Com Vítimas Feridas;Plena Noite;Decrescente;Ensolarado;Dupla;Reta;Rural;4;0;3;0
33164;609365;2024-06-22;sábado;22:45:00;SP;116.0;523.0;BARRA DO TURVO;Condutor Dormindo;Saída de leito carroçável;Sem Vítimas;Plena Noite;Crescente;Ensolarado;Dupla;"Curva;Declive";Rural;0;0;1;0
33173;609374;2024-06-23;domingo;04:50:00;SP;116.0;229.0;SAO PAULO;Reação tardia ou ineficiente do condutor;Saída de leito carroçável;Sem Vítimas;Amanhecer;Decrescente;Ensolarado;Dupla;Reta;Rural;0;0;1;0
33174;609375;2024-06-23;domingo;05:05:00;SP;116.0;214.0;GUARULHOS;Reação tardia ou ineficiente do condutor;Capotamento;Com Vítimas Feridas;Amanhecer;Decrescente;Ensolarado;Múltipla;Reta;Urbano;3;0;1;0
33219;609422;2024-06-23;domingo;07:10:00;SP;116.0;208.0;GUARULHOS;Ausência de reação do condutor;Tombamento;Com Vítimas Feridas;Pleno dia;Decrescente;Ensolarado;Múltipla;Reta;Urbano;1;0;1;0
33259;609468;2024-06-23;domingo;09:45:00;SP;381.0;35.0;ATIBAIA;Ultrapassagem Indevida;Colisão traseira;Com Vítimas Feridas;Pleno dia;Decrescente;Ensolarado;Múltipla;"Reta;Declive";Rural;0;0;2;0