;Identificador do acidente;Data;Dia da semana;Horário;Estado;BR;km;Município;Causa do acidente;Tipo do acidente;Gravidade do acidente;Fase do dia;Sentido da via;Condição do tempo;Tipo de pista;Traçado da via;uso_solo;Número de passageiros;Número de cavaleiro;Número de condutor;Número de pedestre
33273;609483;2024-06-23;domingo;11:30:00;SP;116.0;343.0;MIRACATU;Ausência de reação do condutor;Colisão traseira;Com Vítimas Feridas;Pleno dia;Decrescente;Ensolarado;Dupla;Curva;Rural;1;0;2;0
33281;609491;2024-06-23;domingo;13:00:00;SP;116.0;227.9;GUARULHOS;Manobra de mudança de faixa;Colisão lateral mesmo sentido;Com Vítimas Feridas;Pleno dia;Decrescente;Ensolarado;Múltipla;Reta;Rural;1;0;2;0
33282;609492;2024-06-23;domingo;14:30:00;SP;116.0;216.0;SAO PAULO;Manobra de mudança de faixa;Colisão com objeto;Com Vítimas Feridas;Pleno dia;Crescente;Ensolarado;Múltipla;"Reta;Declive;Interseção de Vias;Viaduto;Retorno Regulamentado";Urbano;4;0;1;0
33286;609496;2024-06-23;domingo;14:30:00;SP;116.0;485.0;CAJATI;Trafegar com motocicleta (ou similar) entre as faixas;Colisão traseira;Com Vítimas Feridas;Pleno dia;Crescente;Ensolarado;Dupla;Reta;Rural;0;0;2;0
33296;609508;2024-06-23;domingo;15:20:00;SP;116.0;400.4;MIRACATU;Ausência de reação do condutor;Colisão traseira;Com Vítimas Feridas;Pleno dia;Crescente;Ensolarado;Dupla;Curva;Rural;0;0;2;0
33312;609525;2024-06-23;domingo;16:40:00;SP;381.0;83.7;SAO PAULO;Pedestre cruzava a pista fora da faixa;Atropelamento de Pedestre;Com Vítimas Fatais;Pleno dia;Crescente;Ensolarado;Dupla;Reta;Urbano;0;0;1;1
33321;609534;2024-06-23;domingo;18:00:00;SP;116.0;552.0;BARRA DO TURVO;Pedestre - Ingestão de álcool/ substâncias psicoativas;Atropelamento de Pedestre;Com Vítimas Feridas;Plena Noite;Decrescente;Ensolarado;Simples;Reta;Rural;0;0;1;1
33349;609564;2024-06-23;domingo;18:00:00;SP;116.0;57.3;GUARATINGUETA;Deficiência do Sistema de Iluminação/Sinalização;Colisão traseira;Com Vítimas Feridas;Anoitecer;Crescente;Ensolarado;Dupla;"Reta;Retorno Regulamentado";Urbano;0;0;2;0
33367;609582;2024-06-23;domingo;21:00:00;SP;116.0;147.0;SAO JOSE DOS CAMPOS;Ausência de reação do condutor;Colisão traseira;Com Vítimas Feridas;Plena Noite;Crescente;Ensolarado;Dupla;Reta;Urbano;0;0;2;0
33379;609595;2024-06-23;domingo;17:40:00;SP;153.0;18.5;NOVA GRANADA;Reação tardia ou ineficiente do condutor;Tombamento;Com Vítimas Feridas;Pleno dia;Crescente;Ensolarado;Simples;Reta;Rural;1;0;1;0
33390;609608;2024-06-23;domingo;22:30:00;SP;381.0;80.5;SAO PAULO;Ingestão de álcool pelo condutor;Colisão traseira;Sem Vítimas;Plena Noite;Decrescente;Ensolarado;Dupla;Reta;Rural;0;0;1;0
33430;609650;2024-06-24;segunda-feira;07:30:00;SP;116.0;219.0;GUARULHOS;Ausência de reação do condutor;Colisão lateral mesmo sentido;Com Vítimas Feridas;Pleno dia;Crescente;Ensolarado;Múltipla;Reta;Urbano;0;0;2;0
33431;609651;2024-06-24;segunda-feira;07:00:00;SP;116.0;216.0;GUARULHOS;Ausência de reação do condutor;Colisão com objeto;Com Vítimas Feridas;Pleno dia;Decrescente;Ensolarado;Múltipla;Reta;Urbano;0;0;1;0
33448;609669;2024-06-24;segunda-feira;08:00:00;SP;116.0;95.7;PINDAMONHANGABA;Avarias e/ou desgaste excessivo no pneu;Queda de ocupante de veículo;Com Vítimas Feridas;Pleno dia;Crescente;Ensolarado;Dupla;"Reta;Declive";Urbano;1;0;1;0
33450;609671;2024-06-24;segunda-feira;08:00:00;SP;116.0;108.0;TAUBATE;Reação tardia ou ineficiente do condutor;Colisão traseira;Com Vítimas Feridas;Pleno dia;Crescente;Ensolarado;Dupla;Reta;Urbano;0;0;2;0
33451;609672;2024-06-24;segunda-feira;08:10:00;SP;381.0;19.0;BRAGANCA PAULISTA;Demais falhas mecânicas ou elétricas;Tombamento;Sem Vítimas;Pleno dia;Crescente;Ensolarado;Múltipla;Rotatória;Urbano;0;0;1;0
33462;609683;2024-06-24;segunda-feira;10:00:00;SP;116.0;224.5;GUARULHOS;Ausência de reação do condutor;Colisão com objeto;Com Vítimas Feridas;Pleno dia;Crescente;Ensolarado;Múltipla;"Reta;Em Obras";Urbano;0;0;1;0
33467;609688;2024-06-24;segunda-feira;10:55:00;SP;381.0;35.0;ATIBAIA;Manobra de mudança de faixa;Colisão lateral mesmo sentido;Sem Vítimas;Pleno dia;Crescente;Ensolarado;Múltipla;"Declive;Reta;Em Obras";Urbano;0;0;2;0
33478;609701;2024-06-24;segunda-feira;12:39:00;SP;381.0;33.0;ATIBAIA;Ausência de reação do condutor;Colisão lateral mesmo sentido;Com Vítimas Feridas;Pleno dia;Crescente;Ensolarado;Múltipla;Reta;Rural;0;0;2;0
33562;609793;2024-06-24;segunda-feira;18:55:00;SP;116.0;391.9;MIRACATU;Reação tardia ou ineficiente do condutor;Colisão traseira;Sem Vítimas;Plena Noite;Crescente;Nublado;Dupla;"Reta;Em Obras";Urbano;0;0;2;0
33574;609806;2024-06-24;segunda-feira;20:20:00;SP;381.0;54.0;MAIRIPORA;Pedestre andava na pista;Atropelamento de Pedestre;Com Vítimas Fatais;Plena Noite;Decrescente;Ensolarado;Dupla;Reta;Urbano;1;0;1;1
33576;609808;2024-06-24;segunda-feira;19:50:00;SP;116.0;445.0;REGISTRO;Animais na Pista;Atropelamento de Animal;Com Vítimas Feridas;Pleno dia;Crescente;Não Informado;Dupla;Reta;Urbano;1;0;2;0
33578;609810;2024-06-24;segunda-feira;19:50:00;SP;101.0;50.0;UBATUBA;Ingestão de álcool pelo condutor;Tombamento;Com Vítimas Feridas;Plena Noite;Crescente;Ensolarado;Simples;Reta;Urbano;0;0;1;0
33587;609819;2024-06-24;segunda-feira;19:45:00;SP;116.0;279.0;EMBU DAS ARTES;Manobra de mudança de faixa;Colisão lateral mesmo sentido;Com Vítimas Feridas;Plena Noite;Crescente;Nublado;Dupla;Reta;Urbano;0;0;2;0
33588;609820;2024-06-24;segunda-feira;16:45:00;SP;153.0;334.5;SALTO GRANDE;Ausência de reação do condutor;Capotamento;Com Vítimas Feridas;Pleno dia;Crescente;Ensolarado;Simples;Reta;Rural;0;0;1;0
33619;609854;2024-06-25;terça-feira;03:00:00;SP;116.0;225.0;GUARULHOS;Condutor Dormindo;Colisão com objeto;Com Vítimas Feridas;Plena Noite;Crescente;Ensolarado;Múltipla;"Reta;Aclive";Urbano;2;0;1;0
33621;609857;2024-06-25;terça-feira;00:20:00;SP;116.0;499.0;CAJATI;Reação tardia ou ineficiente do condutor;Saída de leito carroçável;Com Vítimas Feridas;Plena Noite;Crescente;Chuvoso;Simples;Curva;Rural;0;0;1;0
33626;609862;2024-06-25;terça-feira;04:20:00;SP;116.0;0.0;QUELUZ;Demais falhas mecânicas ou elétricas;Incêndio;Sem Vítimas;Plena Noite;Crescente;Ensolarado;Dupla;Reta;Rural;0;0;1;0
33637;609873;2024-06-25;terça-feira;07:00:00;SP;381.0;69.0;MAIRIPORA;Reação tardia ou ineficiente do condutor;Queda de ocupante de veículo;Com Vítimas Feridas;Pleno dia;Crescente;Ensolarado;Múltipla;"Curva;Aclive";Rural;0;0;1;0
33647;609884;2024-06-25;terça-feira;08:20:00;SP;153.0;75.6;BADY BASSITT;Ausência de reação do condutor;Colisão traseira;Sem Vítimas;Pleno dia;Decrescente;Ensolarado;Dupla;"Curva;Declive";Urbano;0;0;2;0
33667;609906;2024-06-25;terça-feira;09:20:00;SP;116.0;362.0;MIRACATU;Velocidade Incompatível;Saída de leito carroçável;Com Vítimas Feridas;Pleno dia;Crescente;Chuvoso;Dupla;Curva;Rural;0;0;1;0
33676;609915;2024-06-25;terça-feira;08:00:00;SP;381.0;82.0;SAO PAULO;Acessar a via sem observar a presença dos outros veículos;Atropelamento de Pedestre;Com Vítimas Fatais;Pleno dia;Crescente;Ensolarado;Dupla;Reta;Rural;0;0;1;1
33684;609923;2024-06-25;terça-feira;09:00:00;SP;116.0;114.0;TAUBATE;Reação tardia ou ineficiente do condutor;Colisão traseira;Com Vítimas Feridas;Pleno dia;Decrescente;Ensolarado;Dupla;Reta;Urbano;0;0;2;0
33687;609926;2024-06-25;terça-feira;11:55:00;SP;153.0;62.0;SAO JOSE DO RIO PRETO;Reação tardia ou ineficiente do condutor;Colisão traseira;Com Vítimas Feridas;Pleno dia;Crescente;Ensolarado;Dupla;Reta;Rural;1;0;2;0
33815;610066;2024-06-25;terça-feira;23:20:00;SP;116.0;29.8;CRUZEIRO;Condutor Dormindo;Saída de leito carroçável;Com Vítimas Fatais;Plena Noite;Crescente;Ensolarado;Múltipla;"Reta;Aclive";Rural;5;0;1;0
33833;610106;2024-06-26;quarta-feira;06:40:00;SP;116.0;138.0;SAO JOSE DOS CAMPOS;Trafegar com motocicleta (ou similar) entre as faixas;Tombamento;Com Vítimas Feridas;Pleno dia;Crescente;Ensolarado;Dupla;Reta;Urbano;0;0;1;0
33849;610122;2024-06-26;quarta-feira;09:00:00;SP;116.0;225.0;GUARULHOS;Ausência de reação do condutor;Queda de ocupante de veículo;Com Vítimas Feridas;Pleno dia;Decrescente;Ensolarado;Dupla;Reta;Urbano;0;0;1;0
33855;610128;2024-06-26;quarta-feira;09:10:00;SP;116.0;134.0;CACAPAVA;Reação tardia ou ineficiente do condutor;Engavetamento;Com Vítimas Feridas;Pleno dia;Decrescente;Ensolarado;Dupla;Reta;Urbano;0;0;4;0
33878;610151;2024-06-26;quarta-feira;10:20:00;SP;116.0;138.0;SAO JOSE DOS CAMPOS;Trafegar com motocicleta (ou similar) entre as faixas;Colisão lateral mesmo sentido;Com Vítimas Feridas;Pleno dia;Decrescente;Ensolarado;Dupla;Reta;Rural;0;0;2;0
33880;610153;2024-06-26;quarta-feira;11:00:00;SP;381.0;86.5;SAO PAULO;Ausência de reação do condutor;Colisão traseira;Sem Vítimas;Pleno dia;Crescente;Ensolarado;Múltipla;Curva;Urbano;0;0;2;0
33882;610155;2024-06-26;quarta-feira;12:05:00;SP;101.0;45.0;UBATUBA;Trafegar com motocicleta (ou similar) entre as faixas;Colisão transversal;Com Vítimas Feridas;Pleno dia;Decrescente;Ensolarado;Simples;Reta;Urbano;0;0;2;0
33909;610183;2024-06-11;terça-feira;21:50:00;SP;116.0;508.0;CAJATI;Ausência de reação do condutor;Colisão com objeto;Com Vítimas Feridas;Plena Noite;Crescente;Ensolarado;Simples;Reta;Rural;0;0;1;0
33953;610232;2024-06-26;quarta-feira;12:50:00;SP;101.0;47.0;UBATUBA;Retorno proibido;Colisão transversal;Com Vítimas Feridas;Pleno dia;Decrescente;Ensolarado;Simples;Reta;Urbano;0;0;2;0
33982;610266;2024-06-26;quarta-feira;23:20:00;SP;381.0;88.0;SAO PAULO;Reação tardia ou ineficiente do condutor;Colisão lateral mesmo sentido;Sem Vítimas;Plena Noite;Decrescente;Ensolarado;Múltipla;Reta;Rural;0;0;2;0
33983;610267;2024-06-26;quarta-feira;21:55:00;SP;116.0;568.0;BARRA DO TURVO;Demais falhas mecânicas ou elétricas;Incêndio;Sem Vítimas;Plena Noite;Crescente;Ensolarado;Simples;Reta;Rural;0;0;1;0
33990;610274;2024-06-27;quinta-feira;00:30:00;SP;116.0;219.0;GUARULHOS;Pedestre andava na pista;Atropelamento de Pedestre;Com Vítimas Feridas;Plena Noite;Decrescente;Nublado;Dupla;Reta;Urbano;0;0;1;2
34006;610291;2024-06-27;quinta-feira;05:15:00;SP;153.0;59.0;SAO JOSE DO RIO PRETO;Ausência de reação do condutor;Colisão traseira;Com Vítimas Feridas;Plena Noite;Crescente;Ensolarado;Dupla;"Reta;Aclive";Urbano;0;0;2;0
34016;610302;2024-06-27;quinta-feira;07:00:00;SP;116.0;222.0;GUARULHOS;Reação tardia ou ineficiente do condutor;Colisão lateral mesmo sentido;Com Vítimas Feridas;Pleno dia;Crescente;Nublado;Múltipla;"Reta;Em Obras";Urbano;0;0;2;0
34017;610304;2024-06-27;quinta-feira;06:40:00;SP;116.0;19.4;LAVRINHAS;Condutor Dormindo;Colisão traseira;Com Vítimas Feridas;Amanhecer;Decrescente;Ensolarado;Dupla;Reta;Rural;0;0;2;0
34021;610308;2024-06-27;quinta-feira;06:40:00;SP;116.0;143.0;SAO JOSE DOS CAMPOS;Reação tardia ou ineficiente do condutor;Colisão traseira;Com Vítimas Feridas;Pleno dia;Decrescente;Ensolarado;Dupla;Reta;Urbano;1;0;2;0
34037;610325;2024-06-27;quinta-feira;07:30:00;SP;116.0;139.4;SAO JOSE DOS CAMPOS;Manobra de mudança de faixa;Colisão lateral mesmo sentido;Com Vítimas Feridas;Pleno dia;Crescente;Ensolarado;Dupla;Reta;Rural;0;0;2;0
34038;610326;2024-06-27;quinta-feira;07:50:00;SP;116.0;513.8;CAJATI;Reação tardia ou ineficiente do condutor;Tombamento;Com Vítimas Feridas;Pleno dia;Decrescente;Chuvoso;Dupla;"Curva;Declive";Rural;0;0;1;0
34044;610333;2024-06-27;quinta-feira;07:40:00;SP;116.0;219.0;GUARULHOS;Manobra de mudança de faixa;Colisão lateral mesmo sentido;Com Vítimas Feridas;Pleno dia;Decrescente;Nublado;Múltipla;Reta;Rural;0;0;2;0
34056;610346;2024-06-27;quinta-feira;09:05:00;SP;116.0;504.0;CAJATI;Reação tardia ou ineficiente do condutor;Saída de leito carroçável;Com Vítimas Feridas;Pleno dia;Decrescente;Chuvoso;Dupla;Curva;Rural;2;0;1;0
34076;610368;2024-06-27;quinta-feira;11:30:00;SP;116.0;225.0;GUARULHOS;Manobra de mudança de faixa;Colisão lateral mesmo sentido;Com Vítimas Feridas;Pleno dia;Decrescente;Ensolarado;Múltipla;Reta;Urbano;0;0;3;0
34088;610383;2024-06-27;quinta-feira;12:20:00;SP;381.0;68.0;MAIRIPORA;Ausência de reação do condutor;Capotamento;Com Vítimas Feridas;Pleno dia;Decrescente;Ensolarado;Múltipla;Reta;Rural;1;0;1;0
34109;610409;2024-06-27;quinta-feira;16:00:00;SP;116.0;223.0;GUARULHOS;Reação tardia ou ineficiente do condutor;Colisão lateral mesmo sentido;Com Vítimas Feridas;Pleno dia;Crescente;Neve;Múltipla;Reta;Urbano;0;0;2;0
34111;610411;2024-06-27;quinta-feira;15:35:00;SP;116.0;160.8;JACAREI;Reação tardia ou ineficiente do condutor;Tombamento;Com Vítimas Feridas;Pleno dia;Crescente;Ensolarado;Dupla;Curva;Urbano;0;0;1;0
34145;610448;2024-06-27;quinta-feira;16:20:00;SP;101.0;38.0;UBATUBA;Demais falhas mecânicas ou elétricas;Incêndio;Com Vítimas Feridas;Pleno dia;Decrescente;Ensolarado;Simples;"Reta;Aclive";Rural;0;0;1;0
34151;610454;2024-06-27;quinta-feira;19:15:00;SP;153.0;35.9;NOVA GRANADA;Ingestão de álcool pelo condutor;Saída de leito carroçável;Com Vítimas Feridas;Pleno dia;Crescente;Ensolarado;Simples;Curva;Urbano;0;0;1;0
34153;610456;2024-06-27;quinta-feira;18:27:00;SP;116.0;46.8;CANAS;Animais na Pista;Atropelamento de Animal;Com Vítimas Feridas;Anoitecer;Crescente;Ensolarado;Dupla;Reta;Rural;0;0;2;0
34154;610457;2024-06-27;quinta-feira;19:07:00;SP;116.0;146.0;SAO JOSE DOS CAMPOS;Condutor deixou de manter distância do veículo da frente;Colisão traseira;Com Vítimas Feridas;Plena Noite;Crescente;Ensolarado;Dupla;"Reta;Declive";Urbano;3;0;2;0
34159;610462;2024-06-27;quinta-feira;18:25:00;SP;381.0;89.4;SAO PAULO;Manobra de mudança de faixa;Colisão lateral mesmo sentido;Com Vítimas Feridas;Plena Noite;Crescente;Ensolarado;Dupla;Reta;Rural;0;0;4;0
34173;610476;2024-06-27;quinta-feira;21:05:00;SP;116.0;522.0;CAJATI;Pista Escorregadia;Tombamento;Sem Vítimas;Plena Noite;Crescente;Chuvoso;Simples;Curva;Rural;0;0;1;0
34187;610490;2024-06-28;sexta-feira;00:12:00;SP;116.0;54.0;LORENA;Ausência de reação do condutor;Capotamento;Com Vítimas Feridas;Plena Noite;Crescente;Ensolarado;Dupla;Reta;Urbano;0;0;1;0
34189;610492;2024-06-28;sexta-feira;01:50:00;SP;116.0;96.4;PINDAMONHANGABA;Ingestão de álcool pelo condutor;Colisão com objeto;Com Vítimas Feridas;Plena Noite;Crescente;Ensolarado;Dupla;"Reta;Aclive";Rural;0;0;1;0
34198;610501;2024-06-28;sexta-feira;04:10:00;SP;116.0;126.0;CACAPAVA;Pedestre andava na pista;Atropelamento de Pedestre;Com Vítimas Fatais;Plena Noite;Decrescente;Ensolarado;Dupla;Reta;Urbano;0;0;1;1
34199;610502;2024-06-28;sexta-feira;04:40:00;SP;116.0;224.0;GUARULHOS;Frear bruscamente;Colisão traseira;Com Vítimas Feridas;Plena Noite;Crescente;Ensolarado;Múltipla;Reta;Urbano;0;0;2;0
34200;610503;2024-06-27;quinta-feira;23:30:00;SP;381.0;87.0;SAO PAULO;Pedestre andava na pista;Atropelamento de Pedestre;Com Vítimas Fatais;Plena Noite;Crescente;Ensolarado;Dupla;Reta;Urbano;0;0;1;1
34208;610512;2024-06-28;sexta-feira;07:00:00;SP;116.0;211.0;GUARULHOS;Trafegar com motocicleta (ou similar) entre as faixas;Colisão lateral mesmo sentido;Com Vítimas Feridas;Pleno dia;Crescente;Nublado;Múltipla;Reta;Rural;1;0;3;0
34210;610514;2024-06-28;sexta-feira;06:18:00;SP;116.0;219.0;GUARULHOS;Reação tardia ou ineficiente do condutor;Colisão traseira;Com Vítimas Feridas;Amanhecer;Crescente;Ensolarado;Dupla;Reta;Urbano;0;0;2;0
34224;610528;2024-06-28;sexta-feira;08:00:00;SP;116.0;285.0;ITAPECERICA DA SERRA;Reação tardia ou ineficiente do condutor;Colisão lateral mesmo sentido;Com Vítimas Feridas;Pleno dia;Decrescente;Ensolarado;Dupla;Reta;Urbano;0;0;2;0
34227;610532;2024-06-28;sexta-feira;07:22:00;SP;116.0;430.0;REGISTRO;Pista Escorregadia;Queda de ocupante de veículo;Com Vítimas Feridas;Pleno dia;Crescente;Nevoeiro/Neblina;Dupla;"Declive;Curva;Viaduto";Rural;1;0;1;0
34238;610546;2024-06-28;sexta-feira;09:00:00;SP;116.0;208.0;GUARULHOS;Ausência de reação do condutor;Colisão frontal;Com Vítimas Feridas;Pleno dia;Decrescente;Ensolarado;Múltipla;Interseção de Vias;Urbano;0;0;2;0
34258;610569;2024-06-28;sexta-feira;10:55:00;SP;459.0;31.7;LORENA;Acessar a via sem observar a presença dos outros veículos;Colisão transversal;Com Vítimas Feridas;Pleno dia;Decrescente;Ensolarado;Simples;Reta;Urbano;0;0;2;0
34262;610574;2024-06-28;sexta-feira;11:50:00;SP;381.0;89.0;GUARULHOS;Ingestão de álcool pelo condutor;Colisão traseira;Com Vítimas Feridas;Pleno dia;Crescente;Ensolarado;Dupla;Reta;Urbano;0;0;3;0
34266;610578;2024-05-03;sexta-feira;11:35:00;SP;116.0;510.0;CAJATI;Ausência de reação do condutor;Colisão traseira;Com Vítimas Fatais;Pleno dia;Crescente;Ensolarado;Dupla;Reta;Rural;0;0;2;0
34272;610584;2024-06-28;sexta-feira;12:00:00;SP;116.0;60.2;GUARATINGUETA;Velocidade Incompatível;Capotamento;Com Vítimas Feridas;Pleno dia;Crescente;Ensolarado;Dupla;Reta;Urbano;1;0;1;0
34317;610631;2024-06-28;sexta-feira;17:21:00;SP;116.0;228.0;SAO PAULO;Acessar a via sem observar a presença dos outros veículos;Colisão traseira;Com Vítimas Feridas;Pleno dia;Decrescente;Ensolarado;Múltipla;Reta;Rural;0;0;2;0
34345;610660;2024-06-28;sexta-feira;18:40:00;SP;116.0;103.7;TAUBATE;Reação tardia ou ineficiente do condutor;Colisão traseira;Com Vítimas Feridas;Plena Noite;Crescente;Ensolarado;Dupla;"Reta;Aclive";Rural;2;0;3;0
34363;610679;2024-06-16;domingo;17:30:00;SP;381.0;86.0;SAO PAULO;Manobra de mudança de faixa;Colisão lateral mesmo sentido;Com Vítimas Feridas;Anoitecer;Crescente;Nublado;Dupla;Reta;Urbano;3;0;2;0
34390;610707;2024-06-28;sexta-feira;23:15:00;SP;116.0;70.1;APARECIDA;Entrada inopinada do pedestre;Atropelamento de Pedestre;Com Vítimas Feridas;Plena Noite;Decrescente;Ensolarado;Dupla;"Curva;Declive";Rural;0;0;1;1
34398;610715;2024-06-29;sábado;00:15:00;SP;381.0;42.3;ATIBAIA;Reação tardia ou ineficiente do condutor;Saída de leito carroçável;Sem Vítimas;Plena Noite;Decrescente;Ensolarado;Dupla;Reta;Rural;0;0;1;0
34402;610720;2024-06-28;sexta-feira;22:00:00;SP;488.0;3.5;APARECIDA;Acessar a via sem observar a presença dos outros veículos;Colisão lateral mesmo sentido;Com Vítimas Feridas;Plena Noite;Crescente;Ensolarado;Dupla;Reta;Urbano;0;0;2;0
34408;610726;2024-06-29;sábado;02:20:00;SP;116.0;277.0;EMBU DAS ARTES;Velocidade Incompatível;Colisão com objeto;Com Vítimas Feridas;Plena Noite;Decrescente;Ensolarado;Dupla;Reta;Urbano;0;0;1;0
34409;610727;2024-06-29;sábado;03:30:00;SP;116.0;476.0;JACUPIRANGA;Condutor Dormindo;Saída de leito carroçável;Com Vítimas Feridas;Plena Noite;Decrescente;Ensolarado;Dupla;Reta;Urbano;0;0;1;0
34412;610730;2024-06-29;sábado;04:30:00;SP;116.0;481.9;CAJATI;Demais falhas mecânicas ou elétricas;Incêndio;Sem Vítimas;Plena Noite;Decrescente;Chuvoso;Dupla;Reta;Rural;7;0;1;0
34413;610732;2024-06-29;sábado;04:00:00;SP;116.0;314.0;SAO LOURENCO DA SERRA;Ausência de reação do condutor;Colisão com objeto;Com Vítimas Feridas;Plena Noite;Decrescente;Nublado;Dupla;Reta;Urbano;3;0;1;0
34418;610737;2024-06-29;sábado;05:50:00;SP;116.0;65.0;GUARATINGUETA;Velocidade Incompatível;Colisão com objeto;Com Vítimas Feridas;Amanhecer;Crescente;Ensolarado;Dupla;"Aclive;Curva;Interseção de Vias";Urbano;0;0;1;0
34439;610758;2024-06-29;sábado;08:20:00;SP;116.0;506.0;CAJATI;Reação tardia ou ineficiente do condutor;Capotamento;Com Vítimas Feridas;Pleno dia;Crescente;Nevoeiro/Neblina;Dupla;"Curva;Declive";Rural;1;0;1;0
34461;610782;2024-06-29;sábado;10:30:00;SP;116.0;512.0;CAJATI;Velocidade Incompatível;Capotamento;Com Vítimas Feridas;Pleno dia;Decrescente;Nevoeiro/Neblina;Múltipla;"Curva;Declive";Rural;1;0;1;0
34463;610785;2024-06-29;sábado;11:15:00;SP;381.0;38.6;ATIBAIA;Sinalização mal posicionada;Colisão com objeto;Com Vítimas Feridas;Pleno dia;Decrescente;Ensolarado;Dupla;"Reta;Em Obras";Urbano;0;0;1;0
34470;610793;2024-06-29;sábado;11:30:00;SP;116.0;537.0;BARRA DO TURVO;Reação tardia ou ineficiente do condutor;Capotamento;Com Vítimas Feridas;Pleno dia;Crescente;Chuvoso;Múltipla;Curva;Rural;1;0;1;0
34481;610805;2024-06-29;sábado;13:20:00;SP;116.0;220.0;GUARULHOS;Condutor deixou de manter distância do veículo da frente;Colisão traseira;Com Vítimas Feridas;Pleno dia;Decrescente;Ensolarado;Múltipla;"Reta;Em Obras";Rural;0;0;2;0
34483;610807;2024-06-29;sábado;13:30:00;SP;381.0;58.0;MAIRIPORA;Trafegar com motocicleta (ou similar) entre as faixas;Colisão lateral mesmo sentido;Com Vítimas Feridas;Pleno dia;Decrescente;Ensolarado;Dupla;Reta;Rural;0;0;3;0
34484;610808;2024-06-29;sábado;13:28:00;SP;153.0;64.0;SAO JOSE DO RIO PRETO;Demais falhas mecânicas ou elétricas;Tombamento;Com Vítimas Feridas;Pleno dia;Decrescente;Ensolarado;Dupla;Reta;Urbano;1;0;1;0
34485;610809;2024-06-29;sábado;13:33:00;SP;153.0;64.0;SAO JOSE DO RIO PRETO;Pista Escorregadia;Tombamento;Com Vítimas Feridas;Pleno dia;Decrescente;Ensolarado;Dupla;Reta;Urbano;0;0;1;0
34512;610841;2024-06-29;sábado;15:10:00;SP;116.0;461.0;PARIQUERA-ACU;Acumulo de óleo sobre o pavimento;Queda de ocupante de veículo;Com Vítimas Feridas;Pleno dia;Decrescente;Nublado;Simples;"Curva;Declive";Rural;0;0;1;0
34533;610865;2024-06-29;sábado;18:05:00;SP;153.0;148.7;PROMISSAO;Acessar a via sem observar a presença dos outros veículos;Colisão transversal;Com Vítimas Feridas;Amanhecer;Decrescente;Ensolarado;Simples;Reta;Rural;1;0;2;0
34537;610870;2024-06-29;sábado;18:45:00;SP;116.0;226.8;GUARULHOS;Reação tardia ou ineficiente do condutor;Colisão com objeto;Com Vítimas Feridas;Plena Noite;Decrescente;Não Informado;Múltipla;"Reta;Em Obras";Urbano;0;0;1;0
34551;610884;2024-06-29;sábado;10:25:00;SP;459.0;11.5;PIQUETE;Velocidade Incompatível;Tombamento;Com Vítimas Feridas;Pleno dia;Crescente;Ensolarado;Simples;Curva;Rural;0;0;1;0
34555;610888;2024-06-29;sábado;19:50:00;SP;116.0;223.0;GUARULHOS;Condutor deixou de manter distância do veículo da frente;Engavetamento;Sem Vítimas;Plena Noite;Decrescente;Chuvoso;Múltipla;Reta;Urbano;0;0;3;0
34559;610892;2024-06-29;sábado;20:20:00;SP;116.0;205.7;GUARULHOS;Manobra de mudança de faixa;Colisão lateral mesmo sentido;Com Vítimas Feridas;Plena Noite;Crescente;Chuvoso;Dupla;Reta;Urbano;3;0;2;0
34567;610900;2024-06-29;sábado;19:30:00;SP;153.0;107.6;JOSE BONIFACIO;Ingestão de álcool pelo condutor;Colisão traseira;Com Vítimas Feridas;Plena Noite;Crescente;Ensolarado;Dupla;Reta;Rural;1;0;2;0
34592;610926;2024-06-29;sábado;22:30:00;SP;116.0;161.0;JACAREI;Reação tardia ou ineficiente do condutor;Colisão frontal;Com Vítimas Feridas;Plena Noite;Crescente;Nublado;Simples;Reta;Urbano;0;0;2;0
34605;610943;2024-06-29;sábado;22:40:00;SP;459.0;28.0;LORENA;Iluminação deficiente;Colisão com objeto;Com Vítimas Feridas;Anoitecer;Decrescente;Ensolarado;Simples;"Rotatória;Reta";Rural;1;0;1;0
34621;610959;2024-06-30;domingo;02:28:00;SP;116.0;284.0;ITAPECERICA DA SERRA;Ausência de reação do condutor;Queda de ocupante de veículo;Com Vítimas Feridas;Plena Noite;Decrescente;Chuvoso;Dupla;Reta;Rural;0;0;1;0
34624;610962;2024-06-30;domingo;03:20:00;SP;153.0;64.5;SAO JOSE DO RIO PRETO;Ingestão de álcool pelo condutor;Tombamento;Com Vítimas Feridas;Plena Noite;Crescente;Ensolarado;Dupla;Reta;Urbano;0;0;1;0
34639;610984;2024-06-30;domingo;06:30:00;SP;116.0;84.6;PINDAMONHANGABA;Ausência de reação do condutor;Colisão traseira;Com Vítimas Feridas;Amanhecer;Decrescente;Chuvoso;Dupla;Reta;Rural;0;0;2;0
34647;610992;2024-06-30;domingo;07:00:00;SP;262.0;319.4;CASTILHO;Ingestão de álcool pelo condutor;Saída de leito carroçável;Com Vítimas Feridas;Amanhecer;Decrescente;Nublado;Simples;Curva;Rural;0;0;1;0
34665;611012;2024-06-30;domingo;08:45:00;SP;116.0;511.0;CAJATI;Reação tardia ou ineficiente do condutor;Tombamento;Com Vítimas Feridas;Pleno dia;Decrescente;Nublado;Dupla;"Curva;Declive";Rural;1;0;1;0