;Identificador do acidente;Data;Dia da semana;Horário;Estado;BR;km;Município;Causa do acidente;Tipo do acidente;Gravidade do acidente;Fase do dia;Sentido da via;Condição do tempo;Tipo de pista;Traçado da via;uso_solo;Número de passageiros;Número de cavaleiro;Número de condutor;Número de pedestre
34670;611017;2024-06-30;domingo;09:40:00;SP;116.0;86.5;PINDAMONHANGABA;Reação tardia ou ineficiente do condutor;Colisão lateral mesmo sentido;Com Vítimas Feridas;Pleno dia;Crescente;Chuvoso;Múltipla;Reta;Urbano;0;0;2;0
34681;611028;2024-06-30;domingo;11:30:00;SP;116.0;355.0;MIRACATU;Ausência de reação do condutor;Saída de leito carroçável;Com Vítimas Feridas;Pleno dia;Crescente;Ensolarado;Dupla;Curva;Rural;0;0;1;0
34682;611029;2024-06-30;domingo;09:00:00;SP;116.0;471.0;JACUPIRANGA;Demais falhas mecânicas ou elétricas;Incêndio;Sem Vítimas;Pleno dia;Decrescente;Nublado;Dupla;Reta;Urbano;0;0;1;0
34702;611053;2024-06-30;domingo;14:30:00;SP;381.0;61.0;MAIRIPORA;Velocidade Incompatível;Tombamento;Com Vítimas Feridas;Pleno dia;Crescente;Chuvoso;Dupla;"Curva;Declive";Rural;0;0;1;0
34711;611062;2024-06-30;domingo;14:40:00;SP;116.0;177.0;GUARAREMA;Reação tardia ou ineficiente do condutor;Colisão com objeto;Com Vítimas Feridas;Pleno dia;Decrescente;Nublado;Dupla;Reta;Rural;0;0;1;0
34744;611096;2024-06-30;domingo;17:45:00;SP;153.0;109.2;JOSE BONIFACIO;Manobra de mudança de faixa;Colisão frontal;Com Vítimas Fatais;Anoitecer;Crescente;Nublado;Simples;Reta;Rural;1;0;2;0
34765;611118;2024-06-30;domingo;19:30:00;SP;116.0;145.9;SAO JOSE DOS CAMPOS;Reação tardia ou ineficiente do condutor;Saída de leito carroçável;Com Vítimas Feridas;Plena Noite;Decrescente;Ensolarado;Dupla;"Reta;Aclive";Urbano;0;0;1;0
34809;611164;2024-06-30;domingo;23:05:00;SP;116.0;149.2;SAO JOSE DOS CAMPOS;Acessar a via sem observar a presença dos outros veículos;Atropelamento de Pedestre;Com Vítimas Feridas;Plena Noite;Decrescente;Ensolarado;Dupla;Reta;Urbano;0;0;1;1
34817;611172;2024-06-30;domingo;21:40:00;SP;459.0;22.0;LORENA;Ingestão de álcool pelo condutor;Colisão lateral sentido oposto;Com Vítimas Feridas;Plena Noite;Crescente;Chuvoso;Simples;Reta;Rural;0;0;4;0
34827;611182;2024-07-01;segunda-feira;03:20:00;SP;116.0;215.0;GUARULHOS;Demais falhas mecânicas ou elétricas;Incêndio;Sem Vítimas;Plena Noite;Crescente;Nublado;Dupla;Reta;Urbano;0;0;1;0
34828;611183;2024-07-01;segunda-feira;03:30:00;SP;116.0;114.0;TAUBATE;Reação tardia ou ineficiente do condutor;Colisão traseira;Com Vítimas Feridas;Plena Noite;Decrescente;Nublado;Dupla;Reta;Rural;0;0;2;0
34833;611188;2024-07-01;segunda-feira;04:44:00;SP;116.0;231.0;SAO PAULO;Reação tardia ou ineficiente do condutor;Capotamento;Com Vítimas Feridas;Plena Noite;Decrescente;Nublado;Múltipla;Reta;Urbano;2;0;1;0
34847;611203;2024-07-01;segunda-feira;05:45:00;SP;116.0;499.0;CAJATI;Reação tardia ou ineficiente do condutor;Saída de leito carroçável;Com Vítimas Fatais;Amanhecer;Crescente;Nublado;Simples;Curva;Rural;0;0;1;0
34855;611211;2024-07-01;segunda-feira;08:13:00;SP;116.0;212.0;GUARULHOS;Trafegar com motocicleta (ou similar) entre as faixas;Colisão lateral mesmo sentido;Com Vítimas Feridas;Pleno dia;Crescente;Nublado;Múltipla;Reta;Urbano;1;0;2;0
34858;611214;2024-07-01;segunda-feira;07:50:00;SP;116.0;210.0;GUARULHOS;Trafegar com motocicleta (ou similar) entre as faixas;Colisão lateral mesmo sentido;Com Vítimas Feridas;Pleno dia;Crescente;Nublado;Múltipla;Reta;Urbano;0;0;2;0
34859;611215;2024-07-01;segunda-feira;08:00:00;SP;116.0;219.0;GUARULHOS;Trafegar com motocicleta (ou similar) entre as faixas;Colisão lateral mesmo sentido;Com Vítimas Feridas;Pleno dia;Decrescente;Nublado;Múltipla;Reta;Rural;0;0;2;0
34899;611256;2024-07-01;segunda-feira;11:05:00;SP;116.0;147.0;SAO JOSE DOS CAMPOS;Manobra de mudança de faixa;Colisão lateral mesmo sentido;Com Vítimas Feridas;Pleno dia;Crescente;Nublado;Dupla;Reta;Urbano;0;0;2;0
34918;611277;2024-07-01;segunda-feira;14:15:00;SP;381.0;41.0;ATIBAIA;Acumulo de óleo sobre o pavimento;Colisão traseira;Com Vítimas Feridas;Pleno dia;Crescente;Nublado;Dupla;Reta;Urbano;0;0;2;0
34930;611289;2024-07-01;segunda-feira;13:45:00;SP;381.0;60.9;MAIRIPORA;Reação tardia ou ineficiente do condutor;Tombamento;Com Vítimas Feridas;Pleno dia;Crescente;Chuvoso;Dupla;Curva;Rural;0;0;1;0
34942;611302;2024-07-01;segunda-feira;15:00:00;SP;116.0;147.0;SAO JOSE DOS CAMPOS;Ausência de reação do condutor;Colisão com objeto;Com Vítimas Feridas;Pleno dia;Crescente;Chuvoso;Dupla;Curva;Urbano;1;0;1;0
34954;611315;2024-07-01;segunda-feira;16:00:00;SP;116.0;147.0;SAO JOSE DOS CAMPOS;Manobra de mudança de faixa;Colisão transversal;Sem Vítimas;Pleno dia;Crescente;Ensolarado;Dupla;Reta;Urbano;0;0;2;0
34962;611323;2024-07-01;segunda-feira;17:00:00;SP;153.0;12.0;ICEM;Ausência de reação do condutor;Colisão traseira;Com Vítimas Feridas;Pleno dia;Decrescente;Ensolarado;Simples;Curva;Rural;2;0;2;0
34979;611342;2024-07-01;segunda-feira;18:20:00;SP;116.0;278.3;EMBU DAS ARTES;Manobra de mudança de faixa;Colisão lateral mesmo sentido;Com Vítimas Feridas;Plena Noite;Crescente;Ensolarado;Dupla;Curva;Urbano;0;0;2;0
35001;611366;2024-07-01;segunda-feira;11:40:00;SP;116.0;509.0;CAJATI;Velocidade Incompatível;Tombamento;Com Vítimas Feridas;Pleno dia;Decrescente;Ensolarado;Simples;Curva;Rural;0;0;1;0
35026;611391;2024-07-02;terça-feira;00:10:00;SP;116.0;111.3;TAUBATE;Reação tardia ou ineficiente do condutor;Tombamento;Com Vítimas Feridas;Plena Noite;Crescente;Nevoeiro/Neblina;Dupla;Reta;Urbano;0;0;1;0
35032;611397;2024-07-02;terça-feira;00:40:00;SP;381.0;60.0;MAIRIPORA;Pista Escorregadia;Capotamento;Com Vítimas Feridas;Plena Noite;Crescente;Nevoeiro/Neblina;Dupla;"Curva;Aclive";Urbano;0;0;2;0
35043;611408;2024-07-02;terça-feira;06:30:00;SP;116.0;218.0;GUARULHOS;Reação tardia ou ineficiente do condutor;Queda de ocupante de veículo;Com Vítimas Feridas;Pleno dia;Crescente;Ensolarado;Múltipla;Reta;Urbano;0;0;2;0
35050;611415;2024-07-02;terça-feira;05:40:00;SP;116.0;210.0;GUARULHOS;Ausência de reação do condutor;Colisão traseira;Com Vítimas Feridas;Amanhecer;Crescente;Nublado;Múltipla;Reta;Urbano;0;0;3;0
35062;611428;2024-07-02;terça-feira;07:40:00;SP;153.0;61.6;SAO JOSE DO RIO PRETO;Condutor deixou de manter distância do veículo da frente;Engavetamento;Com Vítimas Feridas;Pleno dia;Crescente;Ensolarado;Dupla;"Reta;Declive";Urbano;2;0;4;0
35106;611476;2024-07-02;terça-feira;12:00:00;SP;116.0;222.4;SAO PAULO;Manobra de mudança de faixa;Colisão lateral mesmo sentido;Com Vítimas Feridas;Pleno dia;Decrescente;Ensolarado;Múltipla;Reta;Urbano;1;0;2;0
35125;611497;2024-03-21;quinta-feira;06:20:00;SP;153.0;295.8;SAO PEDRO DO TURVO;Condutor Dormindo;Tombamento;Com Vítimas Feridas;Amanhecer;Decrescente;Ensolarado;Simples;"Reta;Aclive";Rural;0;0;1;0
35133;611505;2024-07-02;terça-feira;14:40:00;SP;116.0;116.6;TAUBATE;Ultrapassagem Indevida;Colisão traseira;Com Vítimas Feridas;Pleno dia;Crescente;Ensolarado;Dupla;Reta;Rural;0;0;2;0
35135;611507;2024-07-02;terça-feira;15:00:00;SP;116.0;156.3;SAO JOSE DOS CAMPOS;Ausência de reação do condutor;Tombamento;Com Vítimas Feridas;Pleno dia;Decrescente;Ensolarado;Dupla;Reta;Urbano;1;0;1;0
35147;611521;2024-07-02;terça-feira;16:15:00;SP;116.0;301.0;SAO LOURENCO DA SERRA;Ausência de reação do condutor;Colisão traseira;Com Vítimas Feridas;Pleno dia;Decrescente;Ensolarado;Dupla;Reta;Rural;0;0;2;0
35164;611540;2024-07-02;terça-feira;17:20:00;SP;488.0;2.0;APARECIDA;Ausência de reação do condutor;Colisão transversal;Com Vítimas Feridas;Anoitecer;Crescente;Ensolarado;Dupla;Reta;Urbano;1;0;2;0
35184;611561;2024-07-02;terça-feira;17:40:00;SP;116.0;155.0;SAO JOSE DOS CAMPOS;Reação tardia ou ineficiente do condutor;Engavetamento;Sem Vítimas;Anoitecer;Crescente;Ensolarado;Dupla;"Reta;Em Obras";Urbano;0;0;4;0
35241;611620;2024-07-02;terça-feira;23:45:00;SP;116.0;39.6;CACHOEIRA PAULISTA;Condutor deixou de manter distância do veículo da frente;Colisão traseira;Com Vítimas Feridas;Plena Noite;Decrescente;Ensolarado;Dupla;Reta;Rural;0;0;2;0
35249;611628;2024-07-03;quarta-feira;05:00:00;SP;116.0;170.0;JACAREI;Ausência de reação do condutor;Colisão transversal;Com Vítimas Feridas;Amanhecer;Crescente;Nevoeiro/Neblina;Dupla;Curva;Urbano;0;0;3;0
35255;611634;2024-07-03;quarta-feira;05:50:00;SP;116.0;216.0;GUARULHOS;Reação tardia ou ineficiente do condutor;Engavetamento;Com Vítimas Feridas;Amanhecer;Crescente;Nevoeiro/Neblina;Múltipla;"Reta;Declive";Urbano;5;0;3;0
35270;611651;2024-07-03;quarta-feira;07:55:00;SP;153.0;80.7;BADY BASSITT;Acumulo de óleo sobre o pavimento;Tombamento;Com Vítimas Feridas;Pleno dia;Crescente;Ensolarado;Simples;Viaduto;Rural;0;0;1;0
35288;611686;2024-07-03;quarta-feira;09:20:00;SP;116.0;76.0;ROSEIRA;Avarias e/ou desgaste excessivo no pneu;Tombamento;Com Vítimas Feridas;Pleno dia;Decrescente;Ensolarado;Dupla;Curva;Rural;0;0;1;0
35291;611691;2024-07-03;quarta-feira;10:10:00;SP;381.0;74.0;SAO PAULO;Manobra de mudança de faixa;Colisão lateral mesmo sentido;Com Vítimas Feridas;Pleno dia;Crescente;Ensolarado;Dupla;"Curva;Aclive";Rural;0;0;2;0
35308;611708;2024-07-03;quarta-feira;10:40:00;SP;153.0;216.0;MARILIA;Reação tardia ou ineficiente do condutor;Tombamento;Com Vítimas Feridas;Pleno dia;Decrescente;Ensolarado;Simples;Reta;Rural;0;0;1;0
35310;611710;2024-07-03;quarta-feira;12:00:00;SP;116.0;219.0;GUARULHOS;Trafegar com motocicleta (ou similar) entre as faixas;Colisão traseira;Com Vítimas Feridas;Pleno dia;Crescente;Ensolarado;Múltipla;Reta;Urbano;0;0;2;0
35311;611711;2024-07-03;quarta-feira;12:15:00;SP;116.0;218.0;GUARULHOS;Trafegar com motocicleta (ou similar) entre as faixas;Colisão lateral mesmo sentido;Com Vítimas Feridas;Pleno dia;Crescente;Ensolarado;Múltipla;Reta;Rural;1;0;2;0
35312;611712;2024-07-03;quarta-feira;05:00:00;SP;116.0;125.4;CACAPAVA;Ingestão de substâncias psicoativas pelo condutor;Colisão lateral mesmo sentido;Com Vítimas Feridas;Amanhecer;Decrescente;Ensolarado;Dupla;"Reta;Declive";Rural;0;0;2;0
35315;611715;2024-07-03;quarta-feira;05:10:00;SP;116.0;108.9;TAUBATE;Ingestão de substâncias psicoativas pelo condutor;Colisão lateral mesmo sentido;Sem Vítimas;Amanhecer;Decrescente;Ensolarado;Dupla;Reta;Urbano;0;0;2;0
35324;611732;2024-04-15;segunda-feira;07:35:00;SP;116.0;162.5;JACAREI;Reação tardia ou ineficiente do condutor;Colisão traseira;Com Vítimas Feridas;Pleno dia;Decrescente;Ensolarado;Dupla;Reta;Rural;2;0;3;0
35332;611741;2024-07-03;quarta-feira;14:45:00;SP;116.0;222.0;GUARULHOS;Trafegar com motocicleta (ou similar) entre as faixas;Colisão traseira;Com Vítimas Feridas;Pleno dia;Decrescente;Ensolarado;Múltipla;Reta;Urbano;0;0;2;0
35376;611791;2024-07-03;quarta-feira;18:20:00;SP;116.0;153.0;SAO JOSE DOS CAMPOS;Reação tardia ou ineficiente do condutor;Colisão traseira;Com Vítimas Feridas;Pleno dia;Crescente;Ensolarado;Dupla;Reta;Urbano;0;0;2;0
35411;611831;2024-07-03;quarta-feira;20:55:00;SP;116.0;282.0;EMBU DAS ARTES;Manobra de mudança de faixa;Colisão lateral mesmo sentido;Sem Vítimas;Plena Noite;Crescente;Ensolarado;Dupla;Reta;Urbano;1;0;2;0
35461;611883;2024-07-04;quinta-feira;08:00:00;SP;116.0;282.0;EMBU DAS ARTES;Trafegar com motocicleta (ou similar) entre as faixas;Tombamento;Com Vítimas Feridas;Pleno dia;Crescente;Ensolarado;Dupla;Reta;Urbano;0;0;1;0
35475;611900;2024-07-04;quinta-feira;09:15:00;SP;116.0;225.0;GUARULHOS;Reação tardia ou ineficiente do condutor;Colisão lateral mesmo sentido;Com Vítimas Feridas;Pleno dia;Crescente;Ensolarado;Múltipla;"Reta;Aclive";Urbano;0;0;2;0
35481;611907;2024-07-04;quinta-feira;10:07:00;SP;116.0;226.0;GUARULHOS;Reação tardia ou ineficiente do condutor;Queda de ocupante de veículo;Com Vítimas Feridas;Pleno dia;Decrescente;Nublado;Dupla;Reta;Urbano;0;0;1;0
35506;611934;2024-07-04;quinta-feira;10:15:00;SP;381.0;90.0;SAO PAULO;Ausência de reação do condutor;Colisão lateral mesmo sentido;Sem Vítimas;Pleno dia;Crescente;Ensolarado;Múltipla;Reta;Urbano;0;0;2;0
35512;611941;2024-07-04;quinta-feira;11:20:00;SP;116.0;284.0;ITAPECERICA DA SERRA;Reação tardia ou ineficiente do condutor;Colisão traseira;Com Vítimas Feridas;Pleno dia;Crescente;Ensolarado;Dupla;Reta;Urbano;0;0;2;0
35521;611951;2024-05-21;terça-feira;09:20:00;SP;116.0;213.0;GUARULHOS;Reação tardia ou ineficiente do condutor;Colisão lateral mesmo sentido;Com Vítimas Feridas;Pleno dia;Crescente;Nublado;Dupla;Reta;Urbano;1;0;2;0
35524;611956;2024-07-04;quinta-feira;13:30:00;SP;116.0;219.0;GUARULHOS;Trafegar com motocicleta (ou similar) entre as faixas;Colisão lateral mesmo sentido;Com Vítimas Feridas;Pleno dia;Crescente;Ensolarado;Múltipla;"Desvio Temporário;Em Obras;Reta";Urbano;1;0;2;0
35535;611967;2024-07-04;quinta-feira;15:30:00;SP;116.0;179.0;SANTA ISABEL;Ausência de reação do condutor;Queda de ocupante de veículo;Com Vítimas Feridas;Pleno dia;Decrescente;Ensolarado;Múltipla;Reta;Urbano;0;0;1;0
35555;611989;2024-07-04;quinta-feira;16:50:00;SP;101.0;47.0;UBATUBA;Acessar a via sem observar a presença dos outros veículos;Colisão transversal;Com Vítimas Feridas;Pleno dia;Crescente;Ensolarado;Dupla;Reta;Urbano;0;0;2;0
35577;612013;2024-07-04;quinta-feira;17:55:00;SP;153.0;90.0;JACI;Demais falhas mecânicas ou elétricas;Incêndio;Sem Vítimas;Anoitecer;Crescente;Ensolarado;Simples;Reta;Rural;0;0;1;0
35590;612026;2024-06-07;sexta-feira;06:15:00;SP;116.0;221.0;GUARULHOS;Reação tardia ou ineficiente do condutor;Colisão com objeto;Com Vítimas Feridas;Amanhecer;Decrescente;Não Informado;Múltipla;Reta;Urbano;0;0;1;0
35628;612065;2024-07-05;sexta-feira;00:20:00;SP;116.0;140.4;SAO JOSE DOS CAMPOS;Reação tardia ou ineficiente do condutor;Colisão com objeto;Com Vítimas Feridas;Plena Noite;Crescente;Ensolarado;Dupla;Reta;Urbano;0;0;2;0
35655;612092;2024-07-04;quinta-feira;19:00:00;SP;116.0;147.0;SAO JOSE DOS CAMPOS;Ausência de reação do condutor;Colisão lateral mesmo sentido;Com Vítimas Feridas;Plena Noite;Decrescente;Ensolarado;Dupla;Reta;Rural;0;0;2;0
35667;612108;2024-07-05;sexta-feira;04:40:00;SP;116.0;150.0;SAO JOSE DOS CAMPOS;Ausência de reação do condutor;Capotamento;Sem Vítimas;Plena Noite;Decrescente;Ensolarado;Dupla;Reta;Rural;0;0;1;0
35692;612133;2024-07-05;sexta-feira;10:00:00;SP;153.0;124.0;UBARANA;Reação tardia ou ineficiente do condutor;Colisão com objeto;Com Vítimas Fatais;Pleno dia;Crescente;Ensolarado;Simples;Reta;Rural;0;0;2;0
35751;612199;2024-07-05;sexta-feira;15:00:00;SP;116.0;216.0;GUARULHOS;Trafegar com motocicleta (ou similar) entre as faixas;Colisão lateral mesmo sentido;Com Vítimas Feridas;Pleno dia;Crescente;Ensolarado;Múltipla;Reta;Urbano;1;0;3;0
35763;612213;2024-07-05;sexta-feira;16:10:00;SP;381.0;57.0;MAIRIPORA;Reação tardia ou ineficiente do condutor;Engavetamento;Com Vítimas Feridas;Pleno dia;Decrescente;Ensolarado;Dupla;"Reta;Declive";Rural;1;0;3;0
35775;612228;2024-07-05;sexta-feira;17:22:00;SP;116.0;222.0;GUARULHOS;Condutor deixou de manter distância do veículo da frente;Colisão traseira;Sem Vítimas;Pleno dia;Decrescente;Nublado;Múltipla;Reta;Urbano;0;0;2;0
35838;612294;2024-07-05;sexta-feira;19:45:00;SP;116.0;146.0;SAO JOSE DOS CAMPOS;Condutor deixou de manter distância do veículo da frente;Colisão traseira;Com Vítimas Feridas;Plena Noite;Decrescente;Ensolarado;Dupla;Reta;Rural;0;0;2;0
35839;612295;2024-07-05;sexta-feira;18:50:00;SP;116.0;205.0;GUARULHOS;Reação tardia ou ineficiente do condutor;Engavetamento;Com Vítimas Feridas;Plena Noite;Crescente;Nublado;Dupla;Reta;Urbano;0;0;3;0
35856;612313;2024-07-05;sexta-feira;16:50:00;SP;101.0;44.5;UBATUBA;Acessar a via sem observar a presença dos outros veículos;Colisão traseira;Com Vítimas Feridas;Pleno dia;Crescente;Ensolarado;Simples;Reta;Rural;0;0;3;0
35858;612315;2024-07-05;sexta-feira;22:10:00;SP;116.0;4.5;GUARULHOS;Área urbana sem a presença de local apropriado para a travessia de pedestres;Atropelamento de Pedestre;Com Vítimas Feridas;Plena Noite;Decrescente;Nublado;Dupla;"Reta;Aclive";Urbano;0;0;1;1
35859;612316;2024-07-05;sexta-feira;22:15:00;SP;116.0;230.0;SAO PAULO;Reação tardia ou ineficiente do condutor;Engavetamento;Sem Vítimas;Plena Noite;Crescente;Nublado;Múltipla;"Reta;Interseção de Vias";Urbano;0;0;3;0
35862;612319;2024-07-05;sexta-feira;18:20:00;SP;116.0;138.7;SAO JOSE DOS CAMPOS;Reação tardia ou ineficiente do condutor;Colisão lateral mesmo sentido;Com Vítimas Feridas;Anoitecer;Crescente;Ensolarado;Dupla;Reta;Urbano;0;0;2;0
35869;612326;2024-07-05;sexta-feira;22:40:00;SP;116.0;449.0;REGISTRO;Chuva;Queda de ocupante de veículo;Com Vítimas Feridas;Plena Noite;Crescente;Chuvoso;Dupla;Reta;Rural;0;0;1;0
35876;612333;2024-07-05;sexta-feira;23:20:00;SP;116.0;137.0;SAO JOSE DOS CAMPOS;Reação tardia ou ineficiente do condutor;Colisão com objeto;Com Vítimas Feridas;Plena Noite;Decrescente;Ensolarado;Dupla;Reta;Rural;0;0;1;0
35906;612365;2024-07-06;sábado;03:00:00;SP;381.0;2.0;VARGEM;Reação tardia ou ineficiente do condutor;Saída de leito carroçável;Com Vítimas Feridas;Plena Noite;Crescente;Nublado;Dupla;Curva;Rural;0;0;1;0
35934;612395;2024-07-06;sábado;06:00:00;SP;262.0;320.0;CASTILHO;Transitar na contramão;Colisão lateral mesmo sentido;Com Vítimas Feridas;Pleno dia;Decrescente;Ensolarado;Simples;Reta;Rural;0;0;3;0
35951;612413;2024-07-06;sábado;06:50:00;SP;116.0;51.2;LORENA;Acumulo de areia ou detritos sobre o pavimento;Tombamento;Com Vítimas Feridas;Pleno dia;Crescente;Ensolarado;Dupla;"Curva;Declive";Rural;0;0;1;0
35952;612414;2024-07-06;sábado;06:15:00;SP;153.0;195.0;GETULINA;Acessar a via sem observar a presença dos outros veículos;Colisão transversal;Com Vítimas Feridas;Amanhecer;Crescente;Ensolarado;Simples;Interseção de Vias;Rural;1;0;2;0
35954;612416;2024-07-06;sábado;07:30:00;SP;116.0;219.0;GUARULHOS;Ingestão de substâncias psicoativas pelo condutor;Saída de leito carroçável;Sem Vítimas;Pleno dia;Decrescente;Ensolarado;Múltipla;Reta;Urbano;0;0;1;0
35955;612417;2024-07-06;sábado;07:30:00;SP;116.0;219.0;GUARULHOS;Trafegar com motocicleta (ou similar) entre as faixas;Colisão lateral mesmo sentido;Com Vítimas Feridas;Amanhecer;Crescente;Nublado;Múltipla;Reta;Urbano;0;0;3;0
35958;612420;2024-07-06;sábado;07:30:00;SP;116.0;330.0;JUQUITIBA;Reação tardia ou ineficiente do condutor;Saída de leito carroçável;Sem Vítimas;Pleno dia;Decrescente;Ensolarado;Dupla;"Reta;Declive";Rural;0;0;1;0
35962;612425;2024-07-06;sábado;07:35:00;SP;381.0;65.0;MAIRIPORA;Reação tardia ou ineficiente do condutor;Colisão traseira;Com Vítimas Feridas;Pleno dia;Crescente;Nublado;Dupla;Reta;Urbano;2;0;2;0
35972;612435;2024-07-06;sábado;09:30:00;SP;381.0;41.1;ATIBAIA;Velocidade Incompatível;Colisão traseira;Com Vítimas Feridas;Pleno dia;Decrescente;Ensolarado;Dupla;"Reta;Aclive";Urbano;5;0;2;0
35973;612436;2024-07-06;sábado;09:50:00;SP;116.0;283.0;ITAPECERICA DA SERRA;Reação tardia ou ineficiente do condutor;Colisão lateral mesmo sentido;Com Vítimas Feridas;Pleno dia;Decrescente;Nublado;Dupla;Reta;Urbano;0;0;3;0
36002;612468;2024-07-06;sábado;10:30:00;SP;381.0;26.0;ATIBAIA;Ausência de reação do condutor;Colisão traseira;Sem Vítimas;Pleno dia;Decrescente;Ensolarado;Dupla;Reta;Urbano;1;0;2;0
36006;612472;2024-07-06;sábado;11:20:00;SP;116.0;111.0;TAUBATE;Reação tardia ou ineficiente do condutor;Colisão traseira;Com Vítimas Feridas;Pleno dia;Decrescente;Ensolarado;Dupla;Declive;Urbano;0;0;2;0
36012;612478;2024-07-06;sábado;11:45:00;SP;116.0;110.4;TAUBATE;Manobra de mudança de faixa;Colisão lateral mesmo sentido;Com Vítimas Feridas;Pleno dia;Decrescente;Ensolarado;Dupla;Interseção de Vias;Rural;0;0;2;0
36026;612492;2024-07-06;sábado;13:20:00;SP;101.0;43.1;UBATUBA;Acessar a via sem observar a presença dos outros veículos;Colisão transversal;Com Vítimas Feridas;Pleno dia;Decrescente;Ensolarado;Simples;Reta;Rural;1;0;2;0
36027;612493;2024-07-06;sábado;13:45:00;SP;116.0;228.0;SAO PAULO;Mal súbito do condutor;Colisão lateral mesmo sentido;Com Vítimas Feridas;Pleno dia;Crescente;Ensolarado;Múltipla;"Reta;Aclive";Urbano;0;0;2;0
36103;612571;2024-07-06;sábado;18:20:00;SP;116.0;137.5;SAO JOSE DOS CAMPOS;Reação tardia ou ineficiente do condutor;Colisão traseira;Sem Vítimas;Plena Noite;Crescente;Ensolarado;Dupla;Reta;Urbano;0;0;3;0
36109;612578;2024-07-06;sábado;15:40:00;SP;381.0;62.0;MAIRIPORA;Ausência de reação do condutor;Colisão lateral mesmo sentido;Com Vítimas Feridas;Pleno dia;Decrescente;Ensolarado;Simples;"Reta;Aclive";Urbano;1;0;2;0
36134;612603;2024-07-06;sábado;22:00:00;SP;116.0;448.0;REGISTRO;Ingestão de álcool pelo condutor;Saída de leito carroçável;Sem Vítimas;Plena Noite;Decrescente;Não Informado;Dupla;Reta;Rural;2;0;2;0
36147;612618;2024-07-06;sábado;22:20:00;SP;116.0;27.5;SILVEIRAS;Velocidade Incompatível;Colisão com objeto;Com Vítimas Feridas;Plena Noite;Crescente;Ensolarado;Dupla;Curva;Rural;0;0;1;0
36156;612629;2024-07-06;sábado;23:45:00;SP;101.0;19.0;UBATUBA;Acessar a via sem observar a presença dos outros veículos;Colisão transversal;Com Vítimas Feridas;Plena Noite;Decrescente;Ensolarado;Simples;"Reta;Retorno Regulamentado";Rural;0;0;2;0
36219;612696;2024-07-07;domingo;01:00:00;SP;116.0;217.0;GUARULHOS;Velocidade Incompatível;Colisão com objeto;Sem Vítimas;Plena Noite;Decrescente;Nublado;Dupla;Curva;Urbano;0;0;1;0
36221;612698;2024-07-07;domingo;03:20:00;SP;116.0;537.0;BARRA DO TURVO;Reação tardia ou ineficiente do condutor;Colisão com objeto;Com Vítimas Feridas;Plena Noite;Crescente;Chuvoso;Dupla;"Curva;Declive";Rural;2;0;2;0
36229;612709;2024-07-07;domingo;08:20:00;SP;116.0;153.8;SAO JOSE DOS CAMPOS;Reação tardia ou ineficiente do condutor;Colisão traseira;Com Vítimas Feridas;Pleno dia;Decrescente;Nublado;Dupla;Reta;Urbano;2;0;3;0
36250;612733;2024-07-07;domingo;09:00:00;SP;116.0;143.0;SAO JOSE DOS CAMPOS;Reação tardia ou ineficiente do condutor;Colisão com objeto;Com Vítimas Feridas;Pleno dia;Decrescente;Ensolarado;Simples;Reta;Urbano;1;0;1;0
36256;612739;2024-07-07;domingo;10:00:00;SP;381.0;22.0;BRAGANCA PAULISTA;Ausência de reação do condutor;Capotamento;Com Vítimas Feridas;Pleno dia;Crescente;Ensolarado;Simples;Rotatória;Rural;2;0;1;0
36271;612754;2024-07-07;domingo;13:45:00;SP;116.0;310.0;SAO LOURENCO DA SERRA;Reação tardia ou ineficiente do condutor;Saída de leito carroçável;Com Vítimas Feridas;Pleno dia;Decrescente;Ensolarado;Dupla;Reta;Rural;0;0;1;0
36276;612759;2024-07-07;domingo;12:55:00;SP;116.0;94.0;PINDAMONHANGABA;Condutor deixou de manter distância do veículo da frente;Colisão traseira;Com Vítimas Feridas;Pleno dia;Decrescente;Ensolarado;Dupla;Reta;Rural;1;0;2;0
36294;612779;2024-07-07;domingo;16:30:00;SP;153.0;49.4;SAO JOSE DO RIO PRETO;Avarias e/ou desgaste excessivo no pneu;Colisão traseira;Com Vítimas Feridas;Pleno dia;Crescente;Nublado;Simples;Reta;Rural;0;0;2;0
36306;612791;2024-07-07;domingo;16:50:00;SP;381.0;35.0;ATIBAIA;Reação tardia ou ineficiente do condutor;Colisão lateral mesmo sentido;Com Vítimas Feridas;Pleno dia;Crescente;Ensolarado;Dupla;"Reta;Declive";Rural;4;0;2;0
36357;612843;2024-07-07;domingo;20:00:00;SP;116.0;205.0;ARUJA;Condutor deixou de manter distância do veículo da frente;Colisão traseira;Com Vítimas Feridas;Plena Noite;Decrescente;Ensolarado;Múltipla;"Reta;Aclive";Urbano;1;0;2;0
36376;612866;2024-07-07;domingo;19:15:00;SP;153.0;224.0;MARILIA;Ingestão de álcool pelo condutor;Colisão frontal;Sem Vítimas;Plena Noite;Crescente;Ensolarado;Simples;Reta;Rural;0;0;2;0
36410;612902;2024-07-07;domingo;22:30:00;SP;116.0;561.0;BARRA DO TURVO;Reação tardia ou ineficiente do condutor;Colisão com objeto;Com Vítimas Feridas;Plena Noite;Crescente;Chuvoso;Dupla;"Curva;Declive";Rural;2;0;2;0