;Identificador do acidente;Data;Dia da semana;Horário;Estado;BR;km;Município;Causa do acidente;Tipo do acidente;Gravidade do acidente;Fase do dia;Sentido da via;Condição do tempo;Tipo de pista;Traçado da via;uso_solo;Número de passageiros;Número de cavaleiro;Número de condutor;Número de pedestre
36424;612917;2024-07-08;segunda-feira;02:00:00;SP;116.0;149.0;SAO JOSE DOS CAMPOS;Acumulo de areia ou detritos sobre o pavimento;Colisão lateral mesmo sentido;Com Vítimas Feridas;Plena Noite;Decrescente;Ensolarado;Dupla;Reta;Rural;1;0;2;0
36445;612939;2024-07-08;segunda-feira;05:40:00;SP;116.0;340.0;JUQUITIBA;Condutor Dormindo;Colisão com objeto;Sem Vítimas;Pleno dia;Decrescente;Chuvoso;Dupla;Reta;Urbano;0;0;1;0
36451;612946;2024-07-08;segunda-feira;07:25:00;SP;116.0;327.0;JUQUITIBA;Reação tardia ou ineficiente do condutor;Colisão com objeto;Com Vítimas Feridas;Amanhecer;Decrescente;Chuvoso;Dupla;Curva;Urbano;0;0;1;0
36454;612949;2024-07-08;segunda-feira;06:40:00;SP;116.0;305.0;SAO LOURENCO DA SERRA;Demais falhas mecânicas ou elétricas;Incêndio;Sem Vítimas;Amanhecer;Decrescente;Nublado;Dupla;"Reta;Aclive";Rural;0;0;1;0
36476;612972;2024-07-08;segunda-feira;09:25:00;SP;116.0;488.0;CAJATI;Reação tardia ou ineficiente do condutor;Colisão com objeto;Sem Vítimas;Pleno dia;Crescente;Chuvoso;Dupla;Reta;Urbano;0;0;1;0
36483;612979;2024-06-27;quinta-feira;03:30:00;SP;116.0;193.0;SANTA ISABEL;Objeto estático sobre o leito carroçável;Colisão com objeto;Com Vítimas Feridas;Plena Noite;Decrescente;Ensolarado;Dupla;Reta;Rural;0;0;1;0
36487;612984;2024-07-08;segunda-feira;09:25:00;SP;116.0;488.0;CAJATI;Acumulo de água sobre o pavimento;Colisão com objeto;Com Vítimas Feridas;Pleno dia;Crescente;Chuvoso;Dupla;Reta;Urbano;0;0;1;0
36495;612992;2024-07-08;segunda-feira;09:30:00;SP;116.0;499.0;CAJATI;Chuva;Saída de leito carroçável;Sem Vítimas;Pleno dia;Crescente;Chuvoso;Múltipla;Curva;Rural;0;0;1;0
36499;612996;2024-07-08;segunda-feira;10:00:00;SP;116.0;499.0;CAJATI;Reação tardia ou ineficiente do condutor;Saída de leito carroçável;Com Vítimas Feridas;Pleno dia;Crescente;Chuvoso;Simples;Curva;Rural;1;0;1;0
36517;613018;2024-07-08;segunda-feira;13:15:00;SP;116.0;78.0;ROSEIRA;Condutor deixou de manter distância do veículo da frente;Colisão traseira;Com Vítimas Feridas;Pleno dia;Crescente;Ensolarado;Dupla;Reta;Urbano;0;0;1;0
36528;613032;2024-07-08;segunda-feira;14:50:00;SP;116.0;220.0;GUARULHOS;Reação tardia ou ineficiente do condutor;Tombamento;Com Vítimas Feridas;Pleno dia;Decrescente;Nublado;Múltipla;Reta;Urbano;0;0;1;0
36551;613056;2024-07-08;segunda-feira;13:44:00;SP;116.0;509.0;CAJATI;Chuva;Saída de leito carroçável;Sem Vítimas;Pleno dia;Decrescente;Chuvoso;Dupla;Curva;Rural;0;0;1;0
36557;613063;2024-07-08;segunda-feira;15:20:00;SP;116.0;521.0;CAJATI;Reação tardia ou ineficiente do condutor;Saída de leito carroçável;Com Vítimas Feridas;Pleno dia;Decrescente;Chuvoso;Dupla;Reta;Rural;1;0;1;0
36561;613067;2024-07-08;segunda-feira;16:30:00;SP;116.0;515.0;CAJATI;Reação tardia ou ineficiente do condutor;Saída de leito carroçável;Com Vítimas Feridas;Pleno dia;Decrescente;Chuvoso;Simples;"Curva;Declive";Rural;0;0;1;1
36567;613073;2024-07-08;segunda-feira;14:00:00;SP;116.0;199.0;ARUJA;Demais falhas mecânicas ou elétricas;Incêndio;Sem Vítimas;Pleno dia;Decrescente;Ensolarado;Dupla;Reta;Urbano;0;0;1;0
36578;613084;2024-07-08;segunda-feira;18:30:00;SP;116.0;187.0;SANTA ISABEL;Pista Escorregadia;Tombamento;Com Vítimas Feridas;Plena Noite;Decrescente;Chuvoso;Dupla;Aclive;Rural;0;0;4;0
36581;613087;2024-07-08;segunda-feira;18:45:00;SP;116.0;189.0;SANTA ISABEL;Reação tardia ou ineficiente do condutor;Queda de ocupante de veículo;Com Vítimas Feridas;Anoitecer;Decrescente;Chuvoso;Dupla;Reta;Rural;0;0;3;0
36593;613099;2024-07-08;segunda-feira;20:00:00;SP;116.0;199.0;ARUJA;Manobra de mudança de faixa;Colisão lateral mesmo sentido;Com Vítimas Feridas;Plena Noite;Decrescente;Chuvoso;Dupla;"Reta;Declive";Rural;0;0;4;0
36595;613101;2024-04-09;terça-feira;22:00:00;SP;116.0;561.0;BARRA DO TURVO;Reação tardia ou ineficiente do condutor;Tombamento;Com Vítimas Feridas;Plena Noite;Decrescente;Ensolarado;Dupla;"Curva;Declive";Rural;0;0;1;0
36615;613121;2024-07-08;segunda-feira;19:50:00;SP;381.0;60.0;MAIRIPORA;Chuva;Queda de ocupante de veículo;Com Vítimas Feridas;Plena Noite;Crescente;Chuvoso;Dupla;Curva;Rural;0;0;1;0
36623;613131;2024-07-08;segunda-feira;21:00:00;SP;116.0;292.0;ITAPECERICA DA SERRA;Ausência de reação do condutor;Saída de leito carroçável;Sem Vítimas;Plena Noite;Crescente;Chuvoso;Dupla;"Reta;Retorno Regulamentado";Urbano;0;0;1;0
36631;613142;2024-07-08;segunda-feira;16:33:00;SP;;;ARAMINA;Ausência de sinalização;Colisão traseira;Sem Vítimas;Pleno dia;Não Informado;Ensolarado;Simples;"Reta;Interseção de Vias";Urbano;0;0;2;0
36634;613145;2024-07-09;terça-feira;00:00:00;SP;116.0;3.0;QUELUZ;Manobra de mudança de faixa;Colisão lateral mesmo sentido;Com Vítimas Feridas;Plena Noite;Decrescente;Ensolarado;Dupla;Reta;Rural;1;0;2;0
36636;613147;2024-07-08;segunda-feira;23:00:00;SP;153.0;146.9;PROMISSAO;Animais na Pista;Saída de leito carroçável;Com Vítimas Feridas;Plena Noite;Crescente;Ensolarado;Simples;Reta;Rural;0;0;1;0
36638;613149;2024-07-08;segunda-feira;23:30:00;SP;116.0;116.0;TAUBATE;Reação tardia ou ineficiente do condutor;Colisão traseira;Com Vítimas Feridas;Plena Noite;Decrescente;Nublado;Múltipla;Reta;Urbano;0;0;2;0
36647;613158;2024-07-09;terça-feira;03:53:00;SP;381.0;47.0;ATIBAIA;Ausência de reação do condutor;Colisão traseira;Sem Vítimas;Plena Noite;Crescente;Chuvoso;Dupla;Reta;Urbano;0;0;2;0
36648;613159;2024-07-09;terça-feira;04:00:00;SP;116.0;142.8;SAO JOSE DOS CAMPOS;Reação tardia ou ineficiente do condutor;Colisão traseira;Com Vítimas Feridas;Plena Noite;Decrescente;Chuvoso;Dupla;"Reta;Aclive";Rural;3;0;2;0
36655;613167;2024-07-09;terça-feira;06:20:00;SP;116.0;66.8;GUARATINGUETA;Objeto estático sobre o leito carroçável;Colisão com objeto;Com Vítimas Feridas;Amanhecer;Decrescente;Ensolarado;Dupla;Reta;Rural;0;0;1;0
36657;613170;2024-07-09;terça-feira;06:00:00;SP;116.0;199.0;ARUJA;Reação tardia ou ineficiente do condutor;Colisão com objeto;Com Vítimas Feridas;Amanhecer;Decrescente;Chuvoso;Dupla;Reta;Rural;0;0;1;0
36682;613197;2024-07-09;terça-feira;07:50:00;SP;381.0;59.0;MAIRIPORA;Chuva;Colisão com objeto;Com Vítimas Feridas;Pleno dia;Decrescente;Chuvoso;Dupla;"Reta;Aclive";Rural;0;0;1;0
36686;613202;2024-07-09;terça-feira;10:05:00;SP;381.0;60.8;MAIRIPORA;Reação tardia ou ineficiente do condutor;Colisão com objeto;Sem Vítimas;Pleno dia;Crescente;Chuvoso;Dupla;"Curva;Declive";Rural;0;0;1;0
36706;613224;2024-07-09;terça-feira;09:15:00;SP;153.0;343.5;OURINHOS;Chuva;Capotamento;Com Vítimas Feridas;Pleno dia;Decrescente;Chuvoso;Dupla;"Reta;Declive";Rural;3;0;1;0
36715;613233;2024-07-09;terça-feira;12:55:00;SP;116.0;331.0;JUQUITIBA;Chuva;Saída de leito carroçável;Com Vítimas Feridas;Pleno dia;Decrescente;Chuvoso;Dupla;Curva;Rural;1;0;1;0
36747;613265;2024-07-09;terça-feira;15:40:00;SP;116.0;339.0;JUQUITIBA;Chuva;Saída de leito carroçável;Com Vítimas Feridas;Pleno dia;Decrescente;Chuvoso;Dupla;Curva;Rural;1;0;1;0
36749;613267;2024-07-09;terça-feira;12:40:00;SP;116.0;505.0;CAJATI;Ausência de reação do condutor;Saída de leito carroçável;Com Vítimas Feridas;Pleno dia;Crescente;Chuvoso;Dupla;Curva;Rural;0;0;1;0
36761;613281;2024-07-09;terça-feira;16:00:00;SP;116.0;474.0;JACUPIRANGA;Demais falhas mecânicas ou elétricas;Incêndio;Sem Vítimas;Pleno dia;Crescente;Chuvoso;Dupla;Reta;Rural;0;0;1;0
36774;613295;2024-07-09;terça-feira;17:40:00;SP;381.0;61.0;MAIRIPORA;Acumulo de água sobre o pavimento;Colisão com objeto;Com Vítimas Feridas;Anoitecer;Crescente;Chuvoso;Dupla;"Curva;Declive";Rural;2;0;1;0
36791;613314;2024-07-09;terça-feira;18:20:00;SP;116.0;70.0;APARECIDA;Reação tardia ou ineficiente do condutor;Engavetamento;Sem Vítimas;Anoitecer;Crescente;Chuvoso;Dupla;"Curva;Declive";Rural;0;0;3;0
36836;613361;2024-07-09;terça-feira;22:45:00;SP;381.0;69.0;MAIRIPORA;Reação tardia ou ineficiente do condutor;Colisão com objeto;Com Vítimas Feridas;Plena Noite;Crescente;Chuvoso;Dupla;Curva;Rural;1;0;1;0
36837;613362;2024-07-09;terça-feira;22:30:00;SP;116.0;218.0;GUARULHOS;Velocidade Incompatível;Colisão traseira;Com Vítimas Feridas;Plena Noite;Crescente;Nublado;Múltipla;Reta;Urbano;1;0;4;0
36839;613364;2024-07-09;terça-feira;23:00:00;SP;381.0;60.0;MAIRIPORA;Reação tardia ou ineficiente do condutor;Tombamento;Sem Vítimas;Plena Noite;Crescente;Chuvoso;Dupla;"Curva;Declive";Rural;0;0;1;0
36843;613368;2024-07-09;terça-feira;22:55:00;SP;116.0;206.0;GUARULHOS;Entrada inopinada do pedestre;Atropelamento de Pedestre;Com Vítimas Fatais;Plena Noite;Decrescente;Chuvoso;Múltipla;Reta;Urbano;0;0;1;1
36867;613394;2024-07-09;terça-feira;23:00:00;SP;101.0;52.0;UBATUBA;Ingestão de álcool pelo condutor;Colisão transversal;Com Vítimas Feridas;Plena Noite;Decrescente;Chuvoso;Simples;Curva;Urbano;0;0;2;0
36869;613396;2024-07-10;quarta-feira;06:51:00;SP;116.0;499.0;CAJATI;Acumulo de água sobre o pavimento;Saída de leito carroçável;Com Vítimas Feridas;Pleno dia;Crescente;Chuvoso;Simples;Curva;Rural;0;0;1;0
36871;613398;2024-07-10;quarta-feira;07:55:00;SP;116.0;146.0;SAO JOSE DOS CAMPOS;Acumulo de óleo sobre o pavimento;Colisão com objeto;Com Vítimas Feridas;Pleno dia;Crescente;Nublado;Dupla;Curva;Urbano;0;0;1;0
36872;613399;2024-07-10;quarta-feira;06:50:00;SP;116.0;3.9;QUELUZ;Condutor Dormindo;Saída de leito carroçável;Sem Vítimas;Pleno dia;Crescente;Ensolarado;Dupla;Curva;Rural;0;0;1;0
36894;613422;2024-04-25;quinta-feira;21:10:00;SP;116.0;307.0;SAO LOURENCO DA SERRA;Reação tardia ou ineficiente do condutor;Tombamento;Com Vítimas Feridas;Plena Noite;Crescente;Ensolarado;Dupla;Curva;Rural;0;0;1;0
36895;613423;2024-07-10;quarta-feira;09:00:00;SP;381.0;75.0;SAO PAULO;Pista Escorregadia;Colisão traseira;Sem Vítimas;Pleno dia;Crescente;Chuvoso;Dupla;Curva;Rural;2;0;2;0
36899;613428;2024-07-10;quarta-feira;08:00:00;SP;116.0;223.0;GUARULHOS;Ausência de reação do condutor;Colisão lateral mesmo sentido;Com Vítimas Feridas;Pleno dia;Decrescente;Nublado;Múltipla;Reta;Rural;0;0;2;0
36918;613448;2024-07-10;quarta-feira;12:00:00;SP;116.0;219.0;GUARULHOS;Trafegar com motocicleta (ou similar) entre as faixas;Colisão traseira;Com Vítimas Feridas;Pleno dia;Decrescente;Nublado;Múltipla;"Reta;Em Obras";Urbano;0;0;2;0
36942;613476;2024-07-10;quarta-feira;15:00:00;SP;116.0;569.0;BARRA DO TURVO;Reação tardia ou ineficiente do condutor;Saída de leito carroçável;Com Vítimas Feridas;Pleno dia;Crescente;Nublado;Simples;"Curva;Declive";Rural;4;0;1;0
36963;613497;2024-07-10;quarta-feira;16:06:00;SP;381.0;75.5;SAO PAULO;Ausência de reação do condutor;Tombamento;Com Vítimas Feridas;Anoitecer;Crescente;Chuvoso;Dupla;"Curva;Declive";Rural;1;0;1;0
36968;613505;2024-07-10;quarta-feira;17:00:00;SP;116.0;476.0;JACUPIRANGA;Ingestão de álcool pelo condutor;Saída de leito carroçável;Com Vítimas Feridas;Anoitecer;Decrescente;Chuvoso;Dupla;Reta;Urbano;1;0;1;0
36979;613517;2024-07-10;quarta-feira;18:00:00;SP;116.0;126.9;CACAPAVA;Condutor deixou de manter distância do veículo da frente;Colisão traseira;Com Vítimas Feridas;Plena Noite;Decrescente;Nublado;Dupla;Reta;Rural;0;0;2;0
37039;613580;2024-07-10;quarta-feira;23:00:00;SP;116.0;219.0;GUARULHOS;Trafegar com motocicleta (ou similar) entre as faixas;Tombamento;Com Vítimas Feridas;Plena Noite;Decrescente;Nublado;Múltipla;"Reta;Declive";Urbano;0;0;1;0
37042;613583;2024-07-10;quarta-feira;22:25:00;SP;116.0;284.0;ITAPECERICA DA SERRA;Reação tardia ou ineficiente do condutor;Colisão frontal;Com Vítimas Feridas;Plena Noite;Decrescente;Ensolarado;Simples;Reta;Urbano;1;0;2;0
37079;613622;2024-07-10;quarta-feira;22:10:00;SP;116.0;149.3;SAO JOSE DOS CAMPOS;Entrada inopinada do pedestre;Sinistro pessoal de trânsito;Com Vítimas Feridas;Plena Noite;Decrescente;Nublado;Múltipla;Reta;Urbano;0;0;1;1
37081;613625;2024-07-11;quinta-feira;05:29:00;SP;116.0;51.2;LORENA;Transitar na contramão;Colisão frontal;Com Vítimas Feridas;Amanhecer;Decrescente;Ensolarado;Dupla;Reta;Urbano;0;0;2;0
37090;613634;2024-07-11;quinta-feira;06:50:00;SP;116.0;505.0;CAJATI;Reação tardia ou ineficiente do condutor;Colisão com objeto;Com Vítimas Fatais;Amanhecer;Crescente;Chuvoso;Múltipla;Curva;Rural;0;0;2;0
37107;613653;2024-05-18;sábado;06:45:00;SP;116.0;213.0;GUARULHOS;Reação tardia ou ineficiente do condutor;Colisão lateral mesmo sentido;Sem Vítimas;Pleno dia;Crescente;Ensolarado;Dupla;Reta;Urbano;0;0;2;0
37112;613659;2024-07-11;quinta-feira;08:50:00;SP;116.0;143.4;SAO JOSE DOS CAMPOS;Condutor deixou de manter distância do veículo da frente;Colisão traseira;Com Vítimas Feridas;Pleno dia;Decrescente;Ensolarado;Múltipla;Reta;Rural;0;0;2;0
37126;613675;2024-07-11;quinta-feira;10:20:00;SP;116.0;218.0;GUARULHOS;Trafegar com motocicleta (ou similar) entre as faixas;Colisão traseira;Com Vítimas Feridas;Pleno dia;Crescente;Nublado;Múltipla;Reta;Rural;0;0;2;0
37127;613676;2024-07-11;quinta-feira;10:45:00;SP;381.0;40.0;ATIBAIA;Animais na Pista;Colisão traseira;Com Vítimas Feridas;Pleno dia;Crescente;Ensolarado;Dupla;Reta;Urbano;0;0;2;0
37131;613680;2024-07-11;quinta-feira;10:00:00;SP;381.0;13.0;BRAGANCA PAULISTA;Reação tardia ou ineficiente do condutor;Colisão com objeto;Com Vítimas Feridas;Pleno dia;Decrescente;Ensolarado;Dupla;"Curva;Declive";Rural;0;0;1;0
37161;613712;2024-07-11;quinta-feira;13:55:00;SP;116.0;545.0;BARRA DO TURVO;Reação tardia ou ineficiente do condutor;Colisão traseira;Com Vítimas Feridas;Pleno dia;Decrescente;Nublado;Simples;"Curva;Declive";Rural;2;0;2;0
37167;613718;2024-07-11;quinta-feira;15:13:00;SP;116.0;369.6;MIRACATU;Ausência de reação do condutor;Colisão traseira;Sem Vítimas;Pleno dia;Crescente;Nublado;Dupla;Reta;Rural;0;0;2;0
37170;613721;2024-07-11;quinta-feira;15:45:00;SP;116.0;283.0;EMBU DAS ARTES;Acessar a via sem observar a presença dos outros veículos;Colisão lateral mesmo sentido;Com Vítimas Feridas;Pleno dia;Decrescente;Ensolarado;Dupla;Reta;Rural;0;0;2;0
37172;613723;2024-06-25;terça-feira;05:30:00;SP;116.0;88.3;PINDAMONHANGABA;Acessar a via sem observar a presença dos outros veículos;Colisão traseira;Com Vítimas Feridas;Pleno dia;Decrescente;Ensolarado;Dupla;Reta;Rural;0;0;2;0
37184;613735;2024-07-11;quinta-feira;16:39:00;SP;153.0;38.9;ONDA VERDE;Condutor deixou de manter distância do veículo da frente;Colisão traseira;Sem Vítimas;Pleno dia;Crescente;Ensolarado;Simples;Reta;Rural;0;0;2;0
37208;613762;2024-07-11;quinta-feira;17:30:00;SP;116.0;115.0;TAUBATE;Pedestre andava na pista;Atropelamento de Pedestre;Com Vítimas Fatais;Pleno dia;Crescente;Ensolarado;Dupla;Reta;Urbano;1;0;2;1
37210;613764;2024-07-11;quinta-feira;17:35:00;SP;101.0;49.9;UBATUBA;Reação tardia ou ineficiente do condutor;Colisão transversal;Com Vítimas Feridas;Anoitecer;Decrescente;Chuvoso;Simples;Interseção de Vias;Urbano;0;0;2;0
37221;613776;2024-07-11;quinta-feira;19:40:00;SP;153.0;35.3;NOVA GRANADA;Reação tardia ou ineficiente do condutor;Colisão lateral mesmo sentido;Com Vítimas Feridas;Plena Noite;Decrescente;Ensolarado;Simples;Reta;Rural;1;0;2;0
37225;613780;2024-07-11;quinta-feira;19:50:00;SP;116.0;219.0;GUARULHOS;Manobra de mudança de faixa;Colisão traseira;Com Vítimas Feridas;Plena Noite;Crescente;Nublado;Múltipla;Reta;Urbano;0;0;2;0
37230;613785;2024-07-11;quinta-feira;20:45:00;SP;116.0;202.0;ARUJA;Ausência de reação do condutor;Colisão traseira;Com Vítimas Feridas;Plena Noite;Decrescente;Ensolarado;Múltipla;"Reta;Declive";Urbano;0;0;2;0
37235;613790;2024-07-11;quinta-feira;21:20:00;SP;381.0;57.0;MAIRIPORA;Ausência de reação do condutor;Capotamento;Sem Vítimas;Pleno dia;Decrescente;Ensolarado;Dupla;Curva;Rural;0;0;1;0
37246;613802;2024-07-11;quinta-feira;22:22:00;SP;116.0;171.0;JACAREI;Pedestre cruzava a pista fora da faixa;Atropelamento de Pedestre;Com Vítimas Fatais;Plena Noite;Decrescente;Ensolarado;Dupla;"Curva;Declive";Rural;0;0;1;2
37273;613832;2024-07-12;sexta-feira;04:20:00;SP;381.0;39.0;ATIBAIA;Avarias e/ou desgaste excessivo no pneu;Saída de leito carroçável;Sem Vítimas;Plena Noite;Crescente;Nublado;Dupla;"Em Obras;Declive;Curva";Urbano;0;0;1;0
37281;613841;2024-07-12;sexta-feira;05:00:00;SP;116.0;213.9;GUARULHOS;Ausência de reação do condutor;Colisão com objeto;Com Vítimas Feridas;Amanhecer;Crescente;Chuvoso;Múltipla;Reta;Urbano;0;0;1;0
37282;613842;2024-07-12;sexta-feira;05:15:00;SP;116.0;219.0;GUARULHOS;Ausência de reação do condutor;Colisão com objeto;Com Vítimas Feridas;Pleno dia;Crescente;Nublado;Múltipla;"Reta;Em Obras";Rural;1;0;1;0
37289;613849;2024-07-12;sexta-feira;06:00:00;SP;116.0;226.0;GUARULHOS;Reação tardia ou ineficiente do condutor;Colisão traseira;Com Vítimas Feridas;Amanhecer;Crescente;Nublado;Múltipla;Declive;Urbano;0;0;3;0
37290;613850;2024-07-12;sexta-feira;05:50:00;SP;116.0;38.0;CACHOEIRA PAULISTA;Reação tardia ou ineficiente do condutor;Queda de ocupante de veículo;Com Vítimas Feridas;Amanhecer;Decrescente;Ensolarado;Simples;"Curva;Declive";Rural;0;0;1;0
37329;613891;2024-07-12;sexta-feira;10:20:00;SP;116.0;216.0;GUARULHOS;Ausência de reação do condutor;Colisão com objeto;Com Vítimas Feridas;Pleno dia;Crescente;Nublado;Múltipla;Reta;Urbano;0;0;1;0
37344;613907;2024-07-12;sexta-feira;13:00:00;SP;116.0;51.0;LORENA;Ausência de reação do condutor;Colisão lateral mesmo sentido;Com Vítimas Feridas;Pleno dia;Decrescente;Nublado;Dupla;Reta;Urbano;1;0;1;0
37372;613939;2024-07-12;sexta-feira;14:25:00;SP;116.0;280.0;EMBU DAS ARTES;Ausência de reação do condutor;Queda de ocupante de veículo;Com Vítimas Feridas;Pleno dia;Crescente;Ensolarado;Dupla;Reta;Urbano;1;0;1;0
37380;613947;2024-07-12;sexta-feira;15:35:00;SP;116.0;554.0;BARRA DO TURVO;Reação tardia ou ineficiente do condutor;Saída de leito carroçável;Com Vítimas Feridas;Pleno dia;Crescente;Chuvoso;Simples;Curva;Rural;1;0;1;0
37399;613969;2024-07-12;sexta-feira;17:50:00;SP;101.0;40.0;UBATUBA;Reação tardia ou ineficiente do condutor;Atropelamento de Pedestre;Com Vítimas Feridas;Plena Noite;Decrescente;Chuvoso;Simples;Reta;Rural;0;0;1;1
37400;613970;2024-07-12;sexta-feira;17:15:00;SP;381.0;88.0;SAO PAULO;Condutor deixou de manter distância do veículo da frente;Colisão traseira;Sem Vítimas;Anoitecer;Crescente;Nublado;Múltipla;Reta;Rural;0;0;2;0
37401;613971;2024-07-12;sexta-feira;18:00:00;SP;116.0;340.0;MIRACATU;Ausência de reação do condutor;Colisão com objeto;Com Vítimas Feridas;Anoitecer;Decrescente;Chuvoso;Dupla;"Curva;Aclive";Rural;0;0;1;0
37421;613992;2024-07-12;sexta-feira;19:20:00;SP;101.0;48.0;UBATUBA;Acessar a via sem observar a presença dos outros veículos;Colisão lateral mesmo sentido;Com Vítimas Feridas;Plena Noite;Crescente;Chuvoso;Dupla;Interseção de Vias;Urbano;0;0;2;0
37444;614016;2024-07-12;sexta-feira;21:20:00;SP;153.0;65.7;SAO JOSE DO RIO PRETO;Ingestão de álcool pelo condutor;Saída de leito carroçável;Sem Vítimas;Plena Noite;Decrescente;Ensolarado;Dupla;Reta;Urbano;0;0;1;0
37445;614017;2024-07-12;sexta-feira;20:50:00;SP;116.0;186.0;SANTA ISABEL;Reação tardia ou ineficiente do condutor;Colisão frontal;Com Vítimas Feridas;Plena Noite;Crescente;Chuvoso;Dupla;Reta;Urbano;1;0;2;0
37447;614019;2024-07-12;sexta-feira;21:30:00;SP;381.0;56.0;MAIRIPORA;Chuva;Colisão traseira;Sem Vítimas;Plena Noite;Crescente;Chuvoso;Simples;"Reta;Aclive";Urbano;1;0;2;0
37469;614043;2024-07-12;sexta-feira;23:10:00;SP;116.0;217.0;GUARULHOS;Pedestre andava na pista;Atropelamento de Pedestre;Com Vítimas Feridas;Plena Noite;Crescente;Nublado;Múltipla;Reta;Urbano;0;0;1;1
37478;614052;2024-07-13;sábado;00:40:00;SP;381.0;84.0;SAO PAULO;Ingestão de álcool pelo condutor;Colisão traseira;Sem Vítimas;Plena Noite;Decrescente;Nublado;Múltipla;Reta;Rural;0;0;2;0
37489;614064;2024-07-13;sábado;04:40:00;SP;116.0;219.0;GUARULHOS;Ausência de reação do condutor;Colisão com objeto;Com Vítimas Feridas;Plena Noite;Crescente;Nublado;Múltipla;"Curva;Declive";Urbano;1;0;1;0
37510;614086;2024-07-13;sábado;06:30:00;SP;153.0;46.2;SAO JOSE DO RIO PRETO;Demais falhas mecânicas ou elétricas;Saída de leito carroçável;Com Vítimas Feridas;Amanhecer;Decrescente;Ensolarado;Simples;Reta;Rural;6;0;1;0
37532;614109;2024-07-13;sábado;09:00:00;SP;381.0;24.0;BRAGANCA PAULISTA;Ausência de reação do condutor;Saída de leito carroçável;Com Vítimas Feridas;Pleno dia;Crescente;Ensolarado;Múltipla;Reta;Rural;4;0;1;0
37541;614118;2024-07-13;sábado;09:20:00;SP;116.0;487.0;CAJATI;Reação tardia ou ineficiente do condutor;Colisão traseira;Com Vítimas Feridas;Pleno dia;Decrescente;Chuvoso;Dupla;Reta;Rural;0;0;2;0
37551;614130;2024-07-13;sábado;10:45:00;SP;381.0;65.5;MAIRIPORA;Ausência de reação do condutor;Colisão traseira;Com Vítimas Feridas;Pleno dia;Decrescente;Ensolarado;Dupla;Reta;Urbano;0;0;2;0
37568;614149;2024-07-13;sábado;12:30:00;SP;153.0;60.9;SAO JOSE DO RIO PRETO;Acumulo de óleo sobre o pavimento;Tombamento;Com Vítimas Feridas;Pleno dia;Crescente;Ensolarado;Dupla;Reta;Urbano;0;0;1;0
37576;614157;2024-07-13;sábado;13:20:00;SP;381.0;77.0;SAO PAULO;Demais falhas mecânicas ou elétricas;Saída de leito carroçável;Com Vítimas Feridas;Pleno dia;Crescente;Ensolarado;Dupla;"Reta;Declive";Rural;2;0;1;0
37598;614179;2024-07-13;sábado;15:00:00;SP;116.0;339.0;JUQUITIBA;Chuva;Saída de leito carroçável;Com Vítimas Feridas;Pleno dia;Decrescente;Chuvoso;Múltipla;Curva;Rural;0;0;1;0
37613;614195;2024-07-13;sábado;17:25:00;SP;116.0;230.0;SAO PAULO;Reação tardia ou ineficiente do condutor;Colisão traseira;Com Vítimas Feridas;Anoitecer;Decrescente;Nublado;Múltipla;Reta;Urbano;0;0;2;0
37652;614236;2024-07-13;sábado;19:40:00;SP;153.0;68.5;SAO JOSE DO RIO PRETO;Ingestão de álcool pelo condutor;Colisão com objeto;Sem Vítimas;Plena Noite;Crescente;Ensolarado;Dupla;Reta;Rural;0;0;1;0
37654;614238;2024-07-13;sábado;20:00:00;SP;116.0;305.3;SAO LOURENCO DA SERRA;Reação tardia ou ineficiente do condutor;Colisão com objeto;Sem Vítimas;Plena Noite;Crescente;Ensolarado;Dupla;Reta;Rural;0;0;1;0
37677;614263;2024-07-13;sábado;22:50:00;SP;116.0;80.0;ROSEIRA;Suicídio (presumido);Atropelamento de Pedestre;Com Vítimas Feridas;Plena Noite;Crescente;Ensolarado;Múltipla;Reta;Urbano;0;0;1;1
37681;614267;2024-07-13;sábado;23:15:00;SP;381.0;58.0;MAIRIPORA;Avarias e/ou desgaste excessivo no pneu;Incêndio;Sem Vítimas;Plena Noite;Crescente;Ensolarado;Dupla;"Reta;Aclive";Rural;0;0;1;0
37690;614276;2024-07-14;domingo;01:04:00;SP;116.0;223.0;GUARULHOS;Ausência de reação do condutor;Colisão traseira;Com Vítimas Feridas;Plena Noite;Decrescente;Nublado;Múltipla;"Reta;Em Obras";Rural;0;0;2;0
37692;614278;2024-07-13;sábado;22:50:00;SP;381.0;68.0;MAIRIPORA;Demais falhas mecânicas ou elétricas;Colisão com objeto;Com Vítimas Feridas;Plena Noite;Decrescente;Ensolarado;Dupla;Reta;Rural;1;0;2;0
37693;614279;2024-07-14;domingo;01:30:00;SP;116.0;217.0;GUARULHOS;Ausência de reação do condutor;Capotamento;Com Vítimas Feridas;Plena Noite;Decrescente;Nublado;Múltipla;Reta;Rural;0;0;1;0
37718;614305;2024-07-14;domingo;05:00:00;SP;381.0;60.0;MAIRIPORA;Curva acentuada;Colisão com objeto;Com Vítimas Feridas;Amanhecer;Crescente;Ensolarado;Dupla;"Curva;Declive";Rural;1;0;1;0
37740;614328;2024-07-14;domingo;07:10:00;SP;101.0;23.6;UBATUBA;Ausência de reação do condutor;Colisão lateral mesmo sentido;Com Vítimas Feridas;Pleno dia;Decrescente;Ensolarado;Simples;Reta;Rural;0;0;3;0
37741;614329;2024-07-13;sábado;18:10:00;SP;381.0;55.7;MAIRIPORA;Pedestre andava na pista;Atropelamento de Pedestre;Com Vítimas Fatais;Plena Noite;Decrescente;Ensolarado;Dupla;Reta;Urbano;0;0;1;1