;Identificador do acidente;Data;Dia da semana;Horário;Estado;BR;km;Município;Causa do acidente;Tipo do acidente;Gravidade do acidente;Fase do dia;Sentido da via;Condição do tempo;Tipo de pista;Traçado da via;uso_solo;Número de passageiros;Número de cavaleiro;Número de condutor;Número de pedestre
37756;614349;2024-07-14;domingo;08:10:00;SP;116.0;122.0;CACAPAVA;Condutor deixou de manter distância do veículo da frente;Colisão lateral mesmo sentido;Com Vítimas Feridas;Amanhecer;Decrescente;Ensolarado;Dupla;"Reta;Aclive";Rural;0;0;2;0
37785;614379;2024-07-14;domingo;08:45:00;SP;116.0;548.0;BARRA DO TURVO;Reação tardia ou ineficiente do condutor;Colisão com objeto;Com Vítimas Feridas;Pleno dia;Crescente;Chuvoso;Múltipla;Reta;Rural;2;0;1;0
37791;614385;2024-07-14;domingo;09:00:00;SP;116.0;565.0;BARRA DO TURVO;Reação tardia ou ineficiente do condutor;Colisão com objeto;Com Vítimas Feridas;Pleno dia;Crescente;Nublado;Simples;Curva;Rural;0;0;1;0
37795;614389;2024-07-14;domingo;13:14:00;SP;153.0;110.5;JOSE BONIFACIO;Demais falhas mecânicas ou elétricas;Saída de leito carroçável;Sem Vítimas;Pleno dia;Crescente;Ensolarado;Simples;Aclive;Rural;0;0;1;0
37824;614420;2024-07-14;domingo;16:30:00;SP;116.0;227.0;SAO PAULO;Ausência de reação do condutor;Queda de ocupante de veículo;Com Vítimas Feridas;Pleno dia;Crescente;Nublado;Múltipla;Reta;Urbano;0;0;1;0
37833;614429;2024-07-14;domingo;16:00:00;SP;116.0;68.9;APARECIDA;Reação tardia ou ineficiente do condutor;Colisão traseira;Com Vítimas Feridas;Pleno dia;Crescente;Nublado;Dupla;Reta;Rural;2;0;2;0
37858;614455;2024-07-14;domingo;18:00:00;SP;116.0;142.8;SAO JOSE DOS CAMPOS;Avarias e/ou desgaste excessivo no pneu;Tombamento;Com Vítimas Feridas;Anoitecer;Decrescente;Ensolarado;Dupla;Reta;Urbano;0;0;1;0
37875;614472;2024-07-14;domingo;19:45:00;SP;116.0;125.7;CACAPAVA;Ingestão de álcool pelo condutor;Colisão com objeto;Sem Vítimas;Plena Noite;Crescente;Ensolarado;Dupla;Reta;Rural;0;0;1;0
37876;614473;2024-07-14;domingo;20:30:00;SP;116.0;213.0;GUARULHOS;Manobra de mudança de faixa;Colisão lateral mesmo sentido;Com Vítimas Feridas;Plena Noite;Crescente;Nublado;Múltipla;"Reta;Em Obras";Urbano;4;0;2;0
37895;614494;2024-07-14;domingo;22:00:00;SP;116.0;216.3;GUARULHOS;Pedestre andava na pista;Atropelamento de Pedestre;Com Vítimas Fatais;Plena Noite;Decrescente;Ensolarado;Múltipla;"Reta;Aclive";Urbano;0;0;1;1
37908;614507;2024-07-14;domingo;23:25:00;SP;116.0;216.0;GUARULHOS;Frear bruscamente;Colisão traseira;Com Vítimas Feridas;Plena Noite;Decrescente;Ensolarado;Múltipla;Reta;Urbano;2;0;2;0
37922;614523;2024-07-14;domingo;21:00:00;SP;153.0;140.0;PROMISSAO;Ingestão de álcool pelo condutor;Saída de leito carroçável;Sem Vítimas;Pleno dia;Crescente;Ensolarado;Simples;Reta;Rural;0;0;1;0
37980;614584;2024-07-15;segunda-feira;09:10:00;SP;116.0;157.0;SAO JOSE DOS CAMPOS;Reação tardia ou ineficiente do condutor;Engavetamento;Com Vítimas Feridas;Pleno dia;Decrescente;Ensolarado;Múltipla;Reta;Urbano;1;0;3;0
38029;614637;2024-07-15;segunda-feira;09:20:00;SP;116.0;499.0;CAJATI;Reação tardia ou ineficiente do condutor;Capotamento;Com Vítimas Feridas;Pleno dia;Crescente;Chuvoso;Simples;Curva;Rural;1;0;1;0
38034;614642;2024-07-15;segunda-feira;11:25:00;SP;116.0;560.0;BARRA DO TURVO;Reação tardia ou ineficiente do condutor;Colisão com objeto;Com Vítimas Feridas;Pleno dia;Crescente;Chuvoso;Dupla;"Curva;Declive";Rural;2;0;1;0
38041;614651;2024-07-15;segunda-feira;15:00:00;SP;381.0;78.5;SAO PAULO;Reação tardia ou ineficiente do condutor;Colisão com objeto;Com Vítimas Feridas;Pleno dia;Crescente;Ensolarado;Dupla;Curva;Rural;0;0;1;0
38042;614652;2024-07-15;segunda-feira;15:00:00;SP;381.0;26.6;ATIBAIA;Ausência de reação do condutor;Colisão traseira;Sem Vítimas;Pleno dia;Crescente;Ensolarado;Dupla;Reta;Urbano;0;0;3;0
38052;614662;2024-07-15;segunda-feira;17:10:00;SP;381.0;72.0;MAIRIPORA;Reação tardia ou ineficiente do condutor;Colisão traseira;Com Vítimas Feridas;Pleno dia;Crescente;Ensolarado;Dupla;"Reta;Túnel";Rural;0;0;2;0
38065;614675;2024-07-15;segunda-feira;15:41:00;SP;116.0;509.0;CAJATI;Reação tardia ou ineficiente do condutor;Saída de leito carroçável;Com Vítimas Feridas;Pleno dia;Crescente;Chuvoso;Simples;"Curva;Aclive";Rural;0;0;1;0
38091;614703;2024-07-15;segunda-feira;18:10:00;SP;116.0;145.0;SAO JOSE DOS CAMPOS;Reação tardia ou ineficiente do condutor;Colisão com objeto;Com Vítimas Feridas;Plena Noite;Decrescente;Ensolarado;Dupla;Reta;Urbano;0;0;1;0
38124;614739;2024-07-15;segunda-feira;22:50:00;SP;116.0;563.0;BARRA DO TURVO;Reação tardia ou ineficiente do condutor;Colisão com objeto;Com Vítimas Feridas;Plena Noite;Decrescente;Chuvoso;Dupla;Curva;Rural;1;0;1;0
38132;614747;2024-07-16;terça-feira;00:00:00;SP;116.0;515.0;CAJATI;Reação tardia ou ineficiente do condutor;Capotamento;Com Vítimas Feridas;Plena Noite;Decrescente;Chuvoso;Dupla;"Curva;Declive";Rural;2;0;1;0
38170;614787;2024-07-16;terça-feira;09:20:00;SP;116.0;159.0;JACAREI;Trafegar com motocicleta (ou similar) entre as faixas;Colisão lateral mesmo sentido;Com Vítimas Feridas;Pleno dia;Decrescente;Ensolarado;Dupla;Reta;Rural;0;0;2;0
38184;614804;2024-07-08;segunda-feira;14:30:00;SP;116.0;110.0;TAUBATE;Manobra de mudança de faixa;Colisão lateral mesmo sentido;Com Vítimas Feridas;Pleno dia;Decrescente;Nublado;Dupla;"Reta;Interseção de Vias";Urbano;0;0;2;0
38192;614813;2024-07-16;terça-feira;12:00:00;SP;381.0;85.0;SAO PAULO;Ausência de reação do condutor;Colisão lateral mesmo sentido;Com Vítimas Feridas;Pleno dia;Crescente;Ensolarado;Dupla;Reta;Urbano;0;0;2;0
38205;614826;2024-07-16;terça-feira;14:10:00;SP;153.0;72.4;SAO JOSE DO RIO PRETO;Demais falhas mecânicas ou elétricas;Colisão lateral mesmo sentido;Com Vítimas Feridas;Pleno dia;Decrescente;Ensolarado;Dupla;"Reta;Declive";Rural;2;0;2;0
38210;614831;2024-07-16;terça-feira;14:10:00;SP;381.0;61.0;MAIRIPORA;Reação tardia ou ineficiente do condutor;Colisão traseira;Com Vítimas Feridas;Pleno dia;Decrescente;Ensolarado;Dupla;"Curva;Declive";Rural;1;0;2;0
38261;614883;2024-07-16;terça-feira;19:00:00;SP;381.0;72.0;SAO PAULO;Manobra de mudança de faixa;Colisão lateral mesmo sentido;Com Vítimas Feridas;Plena Noite;Crescente;Ensolarado;Múltipla;Curva;Rural;0;0;2;0
38266;614889;2024-07-16;terça-feira;18:44:00;SP;116.0;152.7;SAO JOSE DOS CAMPOS;Ausência de reação do condutor;Colisão traseira;Com Vítimas Feridas;Plena Noite;Crescente;Ensolarado;Múltipla;Reta;Rural;0;0;2;0
38284;614910;2024-07-16;terça-feira;20:40:00;SP;116.0;231.0;SAO PAULO;Entrada inopinada do pedestre;Atropelamento de Pedestre;Com Vítimas Feridas;Plena Noite;Decrescente;Ensolarado;Múltipla;Reta;Urbano;1;0;1;1
38285;614911;2024-07-16;terça-feira;21:00:00;SP;116.0;385.0;MIRACATU;Pedestre andava na pista;Atropelamento de Pedestre;Com Vítimas Fatais;Plena Noite;Crescente;Nublado;Dupla;Curva;Rural;0;0;1;1
38301;614928;2024-07-16;terça-feira;22:30:00;SP;116.0;496.0;CAJATI;Ausência de reação do condutor;Saída de leito carroçável;Com Vítimas Feridas;Plena Noite;Crescente;Chuvoso;Dupla;Reta;Rural;0;0;1;0
38309;614936;2024-07-17;quarta-feira;00:40:00;SP;381.0;86.0;SAO PAULO;Entrada inopinada do pedestre;Atropelamento de Pedestre;Com Vítimas Feridas;Plena Noite;Crescente;Ensolarado;Simples;"Reta;Declive";Urbano;0;0;1;1
38336;614963;2024-07-17;quarta-feira;06:30:00;SP;116.0;223.0;GUARULHOS;Demais falhas na via;Colisão com objeto;Com Vítimas Feridas;Pleno dia;Crescente;Ensolarado;Múltipla;Reta;Rural;1;0;2;0
38337;614964;2024-07-17;quarta-feira;07:30:00;SP;116.0;212.0;GUARULHOS;Reação tardia ou ineficiente do condutor;Colisão lateral mesmo sentido;Com Vítimas Feridas;Pleno dia;Crescente;Nublado;Múltipla;Reta;Urbano;0;0;2;0
38343;614970;2024-07-17;quarta-feira;06:15:00;SP;116.0;97.5;PINDAMONHANGABA;Ausência de reação do condutor;Tombamento;Com Vítimas Feridas;Amanhecer;Crescente;Nublado;Dupla;Reta;Rural;0;0;1;0
38380;615011;2024-07-17;quarta-feira;09:45:00;SP;116.0;550.0;BARRA DO TURVO;Reação tardia ou ineficiente do condutor;Tombamento;Com Vítimas Feridas;Pleno dia;Decrescente;Ensolarado;Dupla;Curva;Rural;0;0;1;0
38391;615024;2024-07-17;quarta-feira;12:05:00;SP;153.0;159.0;PROMISSAO;Acessar a via sem observar a presença dos outros veículos;Atropelamento de Pedestre;Com Vítimas Fatais;Pleno dia;Crescente;Ensolarado;Simples;Reta;Rural;1;0;1;1
38392;615025;2024-07-17;quarta-feira;14:15:00;SP;153.0;86.2;MIRASSOL;Ultrapassagem Indevida;Tombamento;Com Vítimas Fatais;Pleno dia;Decrescente;Ensolarado;Simples;"Desvio Temporário;Reta;Em Obras";Rural;3;0;3;0
38400;615033;2024-07-05;sexta-feira;18:00:00;SP;116.0;149.0;SAO JOSE DOS CAMPOS;Ausência de reação do condutor;Colisão traseira;Com Vítimas Feridas;Anoitecer;Crescente;Nublado;Dupla;Reta;Urbano;0;0;2;0
38409;615043;2024-07-17;quarta-feira;15:44:00;SP;116.0;278.0;EMBU DAS ARTES;Reação tardia ou ineficiente do condutor;Queda de ocupante de veículo;Com Vítimas Feridas;Pleno dia;Decrescente;Ensolarado;Dupla;Reta;Urbano;0;0;1;0
38425;615061;2024-07-17;quarta-feira;17:30:00;SP;116.0;209.7;GUARULHOS;Trafegar com motocicleta (ou similar) entre as faixas;Colisão lateral mesmo sentido;Com Vítimas Feridas;Anoitecer;Decrescente;Nublado;Múltipla;"Reta;Declive";Rural;0;0;4;0
38457;615096;2024-07-17;quarta-feira;18:00:00;SP;116.0;488.0;CAJATI;Trafegar com motocicleta (ou similar) entre as faixas;Colisão traseira;Com Vítimas Feridas;Pleno dia;Decrescente;Ensolarado;Dupla;Reta;Urbano;0;0;2;0
38470;615110;2024-07-17;quarta-feira;21:30:00;SP;116.0;155.0;SAO JOSE DOS CAMPOS;Reação tardia ou ineficiente do condutor;Colisão traseira;Sem Vítimas;Plena Noite;Decrescente;Ensolarado;Dupla;Reta;Urbano;0;0;2;0
38487;615130;2024-07-17;quarta-feira;23:30:00;SP;101.0;48.0;UBATUBA;Ultrapassagem Indevida;Colisão lateral mesmo sentido;Com Vítimas Feridas;Plena Noite;Decrescente;Nublado;Simples;Reta;Urbano;0;0;3;0
38499;615142;2024-07-17;quarta-feira;20:00:00;SP;116.0;497.0;CAJATI;Acessar a via sem observar a presença dos outros veículos;Colisão traseira;Com Vítimas Feridas;Plena Noite;Decrescente;Ensolarado;Dupla;"Reta;Retorno Regulamentado";Rural;4;0;2;0
38500;615144;2024-07-18;quinta-feira;01:15:00;SP;116.0;147.0;SAO JOSE DOS CAMPOS;Reação tardia ou ineficiente do condutor;Saída de leito carroçável;Com Vítimas Fatais;Plena Noite;Decrescente;Nublado;Dupla;Curva;Urbano;0;0;1;0
38517;615162;2024-07-18;quinta-feira;06:10:00;SP;116.0;339.0;JUQUITIBA;Condutor Dormindo;Tombamento;Com Vítimas Feridas;Amanhecer;Decrescente;Ensolarado;Dupla;Reta;Urbano;0;0;1;0
38529;615175;2024-07-18;quinta-feira;08:00:00;SP;116.0;162.0;JACAREI;Reação tardia ou ineficiente do condutor;Colisão traseira;Com Vítimas Feridas;Pleno dia;Decrescente;Ensolarado;Dupla;Reta;Urbano;0;0;2;0
38561;615209;2024-07-18;quinta-feira;09:45:00;SP;116.0;211.0;GUARULHOS;Acessar a via sem observar a presença dos outros veículos;Colisão lateral mesmo sentido;Com Vítimas Feridas;Pleno dia;Crescente;Ensolarado;Múltipla;Reta;Urbano;1;0;2;0
38569;615218;2024-07-18;quinta-feira;10:00:00;SP;116.0;63.7;GUARATINGUETA;Reação tardia ou ineficiente do condutor;Colisão traseira;Com Vítimas Feridas;Pleno dia;Crescente;Ensolarado;Dupla;"Curva;Aclive";Urbano;2;0;2;0
38573;615222;2024-07-15;segunda-feira;00:15:00;SP;381.0;83.5;SAO PAULO;Pedestre andava na pista;Atropelamento de Pedestre;Com Vítimas Fatais;Plena Noite;Crescente;Ensolarado;Dupla;Curva;Urbano;0;0;1;1
38574;615223;2024-07-18;quinta-feira;11:35:00;SP;153.0;62.0;SAO JOSE DO RIO PRETO;Transitar no Acostamento;Tombamento;Com Vítimas Feridas;Pleno dia;Crescente;Ensolarado;Dupla;"Reta;Aclive";Urbano;0;0;2;0
38594;615245;2024-07-18;quinta-feira;13:40:00;SP;381.0;88.0;GUARULHOS;Reação tardia ou ineficiente do condutor;Queda de ocupante de veículo;Com Vítimas Feridas;Pleno dia;Decrescente;Ensolarado;Dupla;Reta;Urbano;0;0;1;0
38605;615258;2024-07-18;quinta-feira;15:30:00;SP;116.0;142.0;SAO JOSE DOS CAMPOS;Trafegar com motocicleta (ou similar) entre as faixas;Colisão traseira;Com Vítimas Feridas;Pleno dia;Decrescente;Ensolarado;Dupla;Reta;Urbano;0;0;2;0
38610;615264;2024-07-18;quinta-feira;16:00:00;SP;381.0;43.0;ATIBAIA;Condutor deixou de manter distância do veículo da frente;Capotamento;Com Vítimas Feridas;Pleno dia;Decrescente;Ensolarado;Múltipla;"Reta;Em Obras";Rural;0;0;1;0
38611;615265;2024-07-18;quinta-feira;15:00:00;SP;116.0;279.0;EMBU DAS ARTES;Manobra de mudança de faixa;Colisão traseira;Com Vítimas Feridas;Pleno dia;Crescente;Ensolarado;Dupla;Curva;Urbano;0;0;2;0
38628;615282;2024-07-18;quinta-feira;16:30:00;SP;116.0;513.0;CAJATI;Reação tardia ou ineficiente do condutor;Colisão com objeto;Com Vítimas Feridas;Pleno dia;Decrescente;Chuvoso;Simples;"Curva;Declive";Rural;0;0;1;0
38629;615283;2024-07-18;quinta-feira;18:00:00;SP;116.0;147.1;SAO JOSE DOS CAMPOS;Trafegar com motocicleta (ou similar) entre as faixas;Tombamento;Com Vítimas Feridas;Plena Noite;Decrescente;Ensolarado;Múltipla;Reta;Urbano;0;0;1;0
38638;615292;2024-07-18;quinta-feira;17:10:00;SP;116.0;284.0;EMBU DAS ARTES;Velocidade Incompatível;Tombamento;Com Vítimas Feridas;Anoitecer;Crescente;Ensolarado;Dupla;Reta;Rural;1;0;1;0
38647;615303;2024-07-18;quinta-feira;17:02:00;SP;153.0;18.0;NOVA GRANADA;Acessar a via sem observar a presença dos outros veículos;Colisão transversal;Com Vítimas Feridas;Pleno dia;Crescente;Ensolarado;Simples;Reta;Rural;1;0;2;0
38689;615347;2024-07-18;quinta-feira;22:50:00;SP;153.0;270.3;OCAUCU;Ausência de reação do condutor;Tombamento;Com Vítimas Feridas;Plena Noite;Crescente;Ensolarado;Simples;"Reta;Aclive";Rural;0;0;1;0
38701;615359;2024-07-18;quinta-feira;23:50:00;SP;153.0;56.0;SAO JOSE DO RIO PRETO;Ingestão de álcool pelo condutor;Colisão com objeto;Com Vítimas Feridas;Plena Noite;Crescente;Ensolarado;Dupla;Reta;Urbano;0;0;1;0
38703;615361;2024-07-19;sexta-feira;00:50:00;SP;116.0;212.7;GUARULHOS;Velocidade Incompatível;Colisão com objeto;Sem Vítimas;Plena Noite;Crescente;Ensolarado;Múltipla;Reta;Urbano;0;0;1;0
38705;615363;2024-07-19;sexta-feira;01:00:00;SP;116.0;113.6;TAUBATE;Ingestão de álcool pelo condutor;Colisão traseira;Com Vítimas Feridas;Plena Noite;Decrescente;Ensolarado;Dupla;Reta;Urbano;1;0;2;0
38720;615380;2024-07-19;sexta-feira;04:00:00;SP;116.0;541.0;BARRA DO TURVO;Reação tardia ou ineficiente do condutor;Saída de leito carroçável;Com Vítimas Feridas;Plena Noite;Decrescente;Ensolarado;Dupla;Reta;Rural;2;0;1;0
38752;615415;2024-07-19;sexta-feira;09:00:00;SP;116.0;225.0;GUARULHOS;Reação tardia ou ineficiente do condutor;Colisão lateral mesmo sentido;Com Vítimas Feridas;Pleno dia;Crescente;Ensolarado;Múltipla;Reta;Urbano;1;0;2;0
38768;615431;2024-07-19;sexta-feira;11:10:00;SP;116.0;218.0;GUARULHOS;Condutor deixou de manter distância do veículo da frente;Colisão traseira;Com Vítimas Feridas;Pleno dia;Decrescente;Ensolarado;Múltipla;Reta;Urbano;0;0;2;0
38804;615470;2024-07-19;sexta-feira;13:30:00;SP;116.0;206.0;GUARULHOS;Ultrapassagem Indevida;Colisão lateral mesmo sentido;Sem Vítimas;Pleno dia;Crescente;Ensolarado;Dupla;"Reta;Em Obras";Urbano;7;0;3;0
38842;615509;2024-07-19;sexta-feira;17:00:00;SP;116.0;206.0;GUARULHOS;Ausência de reação do condutor;Colisão frontal;Com Vítimas Feridas;Anoitecer;Decrescente;Ensolarado;Dupla;Reta;Urbano;0;0;2;0
38856;615523;2024-07-19;sexta-feira;18:45:00;SP;116.0;217.9;GUARULHOS;Reação tardia ou ineficiente do condutor;Colisão lateral mesmo sentido;Com Vítimas Feridas;Plena Noite;Crescente;Não Informado;Múltipla;Reta;Urbano;0;0;2;0
38857;615524;2024-07-19;sexta-feira;13:40:00;SP;116.0;209.0;GUARULHOS;Ausência de reação do condutor;Colisão com objeto;Com Vítimas Fatais;Pleno dia;Crescente;Ensolarado;Dupla;"Reta;Declive";Urbano;3;0;1;0
38863;615530;2024-07-19;sexta-feira;18:20:00;SP;459.0;16.0;PIQUETE;Reação tardia ou ineficiente do condutor;Colisão lateral sentido oposto;Com Vítimas Feridas;Plena Noite;Crescente;Ensolarado;Simples;Reta;Rural;0;0;2;0
38873;615540;2024-07-19;sexta-feira;19:10:00;SP;116.0;284.0;EMBU DAS ARTES;Ausência de reação do condutor;Colisão traseira;Com Vítimas Feridas;Plena Noite;Crescente;Ensolarado;Dupla;Reta;Urbano;0;0;2;0
38874;615541;2024-07-19;sexta-feira;18:30:00;SP;116.0;118.0;TAUBATE;Reação tardia ou ineficiente do condutor;Engavetamento;Sem Vítimas;Plena Noite;Crescente;Ensolarado;Dupla;Reta;Rural;0;0;4;0
38890;615558;2024-07-19;sexta-feira;19:20:00;SP;116.0;99.0;PINDAMONHANGABA;Reação tardia ou ineficiente do condutor;Tombamento;Com Vítimas Feridas;Plena Noite;Decrescente;Ensolarado;Dupla;Reta;Rural;0;0;1;0
38901;615569;2024-07-19;sexta-feira;21:30:00;SP;116.0;134.0;CACAPAVA;Ausência de reação do condutor;Colisão traseira;Com Vítimas Feridas;Plena Noite;Crescente;Ensolarado;Dupla;Reta;Rural;0;0;2;0
38905;615574;2024-07-19;sexta-feira;20:20:00;SP;116.0;316.0;JUQUITIBA;Reação tardia ou ineficiente do condutor;Colisão lateral mesmo sentido;Com Vítimas Feridas;Plena Noite;Decrescente;Nevoeiro/Neblina;Dupla;Curva;Rural;1;0;2;0
38965;615637;2024-07-20;sábado;06:30:00;SP;116.0;213.0;GUARULHOS;Reação tardia ou ineficiente do condutor;Engavetamento;Com Vítimas Feridas;Amanhecer;Crescente;Nevoeiro/Neblina;Dupla;Reta;Rural;3;0;5;0
38973;615645;2024-07-20;sábado;06:30:00;SP;116.0;130.0;CACAPAVA;Reação tardia ou ineficiente do condutor;Saída de leito carroçável;Sem Vítimas;Pleno dia;Decrescente;Nevoeiro/Neblina;Dupla;Curva;Urbano;0;0;1;0
38997;615671;2024-07-20;sábado;08:40:00;SP;116.0;213.0;GUARULHOS;Reação tardia ou ineficiente do condutor;Capotamento;Sem Vítimas;Pleno dia;Decrescente;Ensolarado;Dupla;Reta;Urbano;0;0;1;0
39009;615684;2024-07-20;sábado;10:30:00;SP;116.0;529.0;BARRA DO TURVO;Reação tardia ou ineficiente do condutor;Colisão traseira;Com Vítimas Feridas;Pleno dia;Decrescente;Ensolarado;Dupla;Reta;Rural;0;0;2;0
39027;615707;2024-07-20;sábado;13:10:00;SP;116.0;65.0;GUARATINGUETA;Pista esburacada;Tombamento;Com Vítimas Feridas;Pleno dia;Crescente;Ensolarado;Dupla;"Curva;Declive";Rural;0;0;1;0
39028;615708;2024-07-20;sábado;12:40:00;SP;116.0;225.0;GUARULHOS;Reação tardia ou ineficiente do condutor;Queda de ocupante de veículo;Sem Vítimas;Pleno dia;Crescente;Ensolarado;Múltipla;Reta;Urbano;0;0;1;0
39037;615718;2024-07-20;sábado;13:30:00;SP;381.0;18.0;BRAGANCA PAULISTA;Reação tardia ou ineficiente do condutor;Saída de leito carroçável;Com Vítimas Feridas;Pleno dia;Crescente;Ensolarado;Dupla;"Reta;Declive";Rural;0;0;2;0
39041;615722;2024-07-20;sábado;13:10:00;SP;101.0;17.0;UBATUBA;Ausência de reação do condutor;Queda de ocupante de veículo;Com Vítimas Feridas;Pleno dia;Crescente;Ensolarado;Simples;Reta;Rural;0;0;1;0
39089;615776;2024-07-20;sábado;19:40:00;SP;116.0;298.0;ITAPECERICA DA SERRA;Ausência de reação do condutor;Colisão com objeto;Sem Vítimas;Plena Noite;Decrescente;Ensolarado;Dupla;Reta;Rural;0;0;1;0
39102;615792;2024-07-20;sábado;19:50:00;SP;381.0;38.0;ATIBAIA;Ingestão de álcool pelo condutor;Colisão com objeto;Com Vítimas Feridas;Plena Noite;Crescente;Ensolarado;Dupla;Reta;Urbano;0;0;1;0
39126;615818;2024-07-20;sábado;22:40:00;SP;116.0;309.0;SAO LOURENCO DA SERRA;Ausência de reação do condutor;Colisão traseira;Sem Vítimas;Pleno dia;Decrescente;Nublado;Dupla;Aclive;Rural;1;0;2;0
39135;615828;2024-07-20;sábado;23:56:00;SP;116.0;101.2;PINDAMONHANGABA;Ingestão de álcool pelo condutor;Colisão com objeto;Sem Vítimas;Plena Noite;Decrescente;Ensolarado;Dupla;"Reta;Aclive";Rural;2;0;1;0
39169;615866;2024-07-21;domingo;06:30:00;SP;116.0;230.0;SAO PAULO;Entrada inopinada do pedestre;Atropelamento de Pedestre;Com Vítimas Feridas;Amanhecer;Decrescente;Nublado;Múltipla;Reta;Urbano;0;0;1;1
39175;615872;2024-07-21;domingo;07:15:00;SP;116.0;279.0;EMBU DAS ARTES;Ausência de reação do condutor;Queda de ocupante de veículo;Com Vítimas Feridas;Pleno dia;Decrescente;Ensolarado;Dupla;Reta;Urbano;0;0;1;0
39177;615874;2024-07-21;domingo;06:40:00;SP;116.0;231.0;SAO PAULO;Reação tardia ou ineficiente do condutor;Colisão lateral mesmo sentido;Com Vítimas Feridas;Pleno dia;Decrescente;Nublado;Múltipla;Reta;Urbano;1;0;2;0
39183;615880;2024-07-21;domingo;07:00:00;SP;116.0;283.0;EMBU DAS ARTES;Ausência de reação do condutor;Colisão com objeto;Sem Vítimas;Pleno dia;Crescente;Ensolarado;Dupla;Reta;Rural;0;0;1;0
39185;615882;2024-07-21;domingo;08:02:00;SP;116.0;166.0;JACAREI;Demais falhas mecânicas ou elétricas;Incêndio;Sem Vítimas;Pleno dia;Decrescente;Ensolarado;Dupla;Reta;Rural;0;0;1;0
39206;615905;2024-07-21;domingo;10:45:00;SP;116.0;86.0;PINDAMONHANGABA;Reação tardia ou ineficiente do condutor;Colisão traseira;Com Vítimas Feridas;Pleno dia;Crescente;Ensolarado;Dupla;Reta;Urbano;0;0;2;0
39230;615929;2024-07-21;domingo;14:10:00;SP;116.0;287.5;ITAPECERICA DA SERRA;Reação tardia ou ineficiente do condutor;Saída de leito carroçável;Com Vítimas Feridas;Pleno dia;Decrescente;Ensolarado;Dupla;"Curva;Aclive";Urbano;0;0;1;0
39270;615971;2024-07-21;domingo;17:30:00;SP;381.0;65.0;MAIRIPORA;Mal súbito do condutor;Saída de leito carroçável;Com Vítimas Feridas;Anoitecer;Decrescente;Ensolarado;Múltipla;Reta;Rural;0;0;1;0
39308;616010;2024-07-21;domingo;19:15:00;SP;116.0;288.0;ITAPECERICA DA SERRA;Trafegar com motocicleta (ou similar) entre as faixas;Colisão com objeto;Com Vítimas Feridas;Plena Noite;Decrescente;Ensolarado;Dupla;Reta;Urbano;0;0;1;0
39340;616043;2024-07-21;domingo;21:00:00;SP;116.0;303.5;SAO LOURENCO DA SERRA;Manobra de mudança de faixa;Colisão lateral mesmo sentido;Com Vítimas Feridas;Plena Noite;Decrescente;Ensolarado;Dupla;Reta;Rural;1;0;2;0
39428;616137;2024-06-26;quarta-feira;20:00:00;SP;381.0;81.0;SAO PAULO;Condutor deixou de manter distância do veículo da frente;Colisão traseira;Com Vítimas Feridas;Plena Noite;Crescente;Nublado;Múltipla;Reta;Urbano;1;0;1;0
39434;616143;2024-07-22;segunda-feira;10:15:00;SP;116.0;112.3;TAUBATE;Condutor deixou de manter distância do veículo da frente;Colisão lateral mesmo sentido;Com Vítimas Feridas;Pleno dia;Decrescente;Ensolarado;Dupla;Interseção de Vias;Rural;0;0;2;0
39439;616148;2024-07-22;segunda-feira;10:50:00;SP;381.0;75.0;SAO PAULO;Ausência de reação do condutor;Colisão traseira;Com Vítimas Feridas;Pleno dia;Decrescente;Ensolarado;Dupla;"Curva;Aclive";Rural;0;0;2;0
39443;616152;2024-07-22;segunda-feira;10:15:00;SP;116.0;60.2;GUARATINGUETA;Condutor deixou de manter distância do veículo da frente;Colisão lateral mesmo sentido;Com Vítimas Feridas;Pleno dia;Crescente;Ensolarado;Dupla;Reta;Rural;0;0;3;0
39467;616176;2024-06-16;domingo;16:30:00;SP;116.0;287.0;ITAPECERICA DA SERRA;Trafegar com motocicleta (ou similar) entre as faixas;Colisão lateral mesmo sentido;Com Vítimas Feridas;Pleno dia;Decrescente;Ensolarado;Dupla;Reta;Rural;1;0;2;0
39474;616184;2024-07-22;segunda-feira;13:30:00;SP;153.0;100.0;JOSE BONIFACIO;Ausência de reação do condutor;Saída de leito carroçável;Com Vítimas Feridas;Pleno dia;Crescente;Ensolarado;Simples;Reta;Rural;0;0;1;0
39478;616188;2024-07-22;segunda-feira;14:10:00;SP;116.0;293.5;ITAPECERICA DA SERRA;Trafegar com motocicleta (ou similar) entre as faixas;Colisão lateral mesmo sentido;Com Vítimas Feridas;Pleno dia;Crescente;Ensolarado;Dupla;Reta;Rural;0;0;2;0
39487;616197;2024-07-22;segunda-feira;15:20:00;SP;153.0;97.7;JACI;Conversão proibida;Colisão transversal;Com Vítimas Fatais;Pleno dia;Decrescente;Ensolarado;Simples;"Reta;Declive";Rural;0;0;3;0
39516;616227;2024-07-22;segunda-feira;18:00:00;SP;116.0;218.0;GUARULHOS;Manobra de mudança de faixa;Colisão lateral mesmo sentido;Com Vítimas Feridas;Plena Noite;Decrescente;Nublado;Múltipla;Reta;Urbano;1;0;2;0