;Identificador do acidente;Data;Dia da semana;Horário;Estado;BR;km;Município;Causa do acidente;Tipo do acidente;Gravidade do acidente;Fase do dia;Sentido da via;Condição do tempo;Tipo de pista;Traçado da via;uso_solo;Número de passageiros;Número de cavaleiro;Número de condutor;Número de pedestre
39546;616257;2024-07-22;segunda-feira;19:30:00;SP;116.0;222.0;GUARULHOS;Trafegar com motocicleta (ou similar) entre as faixas;Colisão lateral mesmo sentido;Com Vítimas Feridas;Plena Noite;Decrescente;Ensolarado;Múltipla;Reta;Urbano;0;0;2;0
39575;616286;2024-07-22;segunda-feira;23:20:00;SP;116.0;461.0;PARIQUERA-ACU;Ausência de reação do condutor;Tombamento;Com Vítimas Feridas;Plena Noite;Crescente;Nevoeiro/Neblina;Simples;"Retorno Regulamentado;Viaduto";Rural;0;0;1;0
39589;616302;2024-07-23;terça-feira;05:50:00;SP;116.0;290.0;ITAPECERICA DA SERRA;Objeto estático sobre o leito carroçável;Engavetamento;Com Vítimas Feridas;Amanhecer;Decrescente;Ensolarado;Dupla;Reta;Urbano;0;0;5;0
39592;616305;2024-07-23;terça-feira;00:20:00;SP;116.0;514.0;CAJATI;Reação tardia ou ineficiente do condutor;Colisão lateral mesmo sentido;Com Vítimas Fatais;Plena Noite;Decrescente;Ensolarado;Simples;"Curva;Declive";Rural;1;0;2;0
39726;616450;2024-07-23;terça-feira;19:00:00;SP;116.0;436.0;REGISTRO;Ausência de reação do condutor;Engavetamento;Com Vítimas Feridas;Plena Noite;Crescente;Ensolarado;Dupla;Reta;Rural;2;0;3;0
39760;616487;2024-07-24;quarta-feira;03:15:00;SP;116.0;567.0;BARRA DO TURVO;Reação tardia ou ineficiente do condutor;Tombamento;Com Vítimas Feridas;Plena Noite;Decrescente;Ensolarado;Dupla;Curva;Rural;0;0;1;0
39786;616516;2024-07-24;quarta-feira;05:30:00;SP;116.0;551.0;BARRA DO TURVO;Velocidade Incompatível;Tombamento;Com Vítimas Feridas;Amanhecer;Decrescente;Ensolarado;Simples;Curva;Rural;2;0;1;0
39798;616529;2024-07-24;quarta-feira;08:10:00;SP;116.0;225.0;GUARULHOS;Reação tardia ou ineficiente do condutor;Engavetamento;Com Vítimas Feridas;Pleno dia;Crescente;Ensolarado;Múltipla;"Reta;Em Obras";Urbano;0;0;6;0
39825;616559;2024-07-24;quarta-feira;09:30:00;SP;116.0;475.0;JACUPIRANGA;Reação tardia ou ineficiente do condutor;Saída de leito carroçável;Com Vítimas Feridas;Pleno dia;Decrescente;Ensolarado;Dupla;Reta;Rural;1;0;1;0
39832;616568;2024-07-24;quarta-feira;14:00:00;SP;116.0;227.0;GUARULHOS;Reação tardia ou ineficiente do condutor;Colisão traseira;Com Vítimas Feridas;Pleno dia;Crescente;Ensolarado;Dupla;Reta;Urbano;0;0;2;0
39843;616579;2024-07-24;quarta-feira;14:30:00;SP;116.0;281.0;EMBU DAS ARTES;Velocidade Incompatível;Colisão traseira;Com Vítimas Feridas;Pleno dia;Decrescente;Ensolarado;Dupla;Reta;Rural;1;0;3;0
39863;616601;2024-07-24;quarta-feira;17:40:00;SP;116.0;128.0;CACAPAVA;Reação tardia ou ineficiente do condutor;Colisão traseira;Com Vítimas Feridas;Anoitecer;Decrescente;Ensolarado;Dupla;Reta;Urbano;0;0;2;0
39870;616608;2024-07-24;quarta-feira;17:20:00;SP;101.0;48.0;UBATUBA;Área urbana sem a presença de local apropriado para a travessia de pedestres;Engavetamento;Sem Vítimas;Pleno dia;Crescente;Ensolarado;Simples;Reta;Urbano;0;0;4;0
39883;616622;2024-07-24;quarta-feira;17:30:00;SP;381.0;76.0;SAO PAULO;Demais falhas mecânicas ou elétricas;Incêndio;Sem Vítimas;Anoitecer;Decrescente;Ensolarado;Múltipla;Reta;Rural;0;0;1;0
39897;616637;2024-07-24;quarta-feira;19:29:00;SP;116.0;289.0;ITAPECERICA DA SERRA;Ausência de reação do condutor;Queda de ocupante de veículo;Com Vítimas Feridas;Plena Noite;Decrescente;Ensolarado;Dupla;Reta;Urbano;1;0;1;0
39931;616674;2024-07-24;quarta-feira;22:50:00;SP;116.0;347.0;MIRACATU;Demais falhas mecânicas ou elétricas;Incêndio;Sem Vítimas;Plena Noite;Decrescente;Nublado;Dupla;Curva;Rural;1;0;1;0
39938;616681;2024-07-25;quinta-feira;00:22:00;SP;116.0;507.0;CAJATI;Reação tardia ou ineficiente do condutor;Tombamento;Com Vítimas Feridas;Plena Noite;Decrescente;Ensolarado;Dupla;"Curva;Declive";Rural;0;0;1;0
39945;616688;2024-07-25;quinta-feira;05:35:00;SP;116.0;225.0;GUARULHOS;Reação tardia ou ineficiente do condutor;Eventos atípicos;Sem Vítimas;Amanhecer;Decrescente;Ensolarado;Múltipla;Reta;Urbano;0;0;1;0
39951;616694;2024-07-25;quinta-feira;04:00:00;SP;116.0;413.0;JUQUIA;Demais falhas mecânicas ou elétricas;Incêndio;Sem Vítimas;Amanhecer;Crescente;Nublado;Dupla;Reta;Rural;0;0;1;0
39962;616705;2024-07-25;quinta-feira;04:50:00;SP;116.0;456.0;REGISTRO;Ausência de reação do condutor;Colisão traseira;Com Vítimas Feridas;Amanhecer;Decrescente;Nublado;Dupla;Reta;Rural;1;0;2;0
39982;616726;2024-07-25;quinta-feira;08:05:00;SP;116.0;62.0;GUARATINGUETA;Condutor deixou de manter distância do veículo da frente;Colisão traseira;Com Vítimas Feridas;Pleno dia;Crescente;Ensolarado;Múltipla;"Reta;Declive";Urbano;0;0;2;0
39986;616730;2024-07-25;quinta-feira;08:50:00;SP;116.0;63.6;GUARATINGUETA;Reação tardia ou ineficiente do condutor;Colisão traseira;Com Vítimas Feridas;Pleno dia;Crescente;Ensolarado;Dupla;Reta;Urbano;0;0;2;0
39996;616740;2024-07-04;quinta-feira;18:00:00;SP;116.0;146.0;SAO JOSE DOS CAMPOS;Condutor deixou de manter distância do veículo da frente;Colisão traseira;Com Vítimas Feridas;Plena Noite;Crescente;Ensolarado;Dupla;"Reta;Aclive";Urbano;1;0;2;0
40034;616780;2024-01-09;terça-feira;06:30:00;SP;116.0;218.0;GUARULHOS;Ausência de reação do condutor;Colisão traseira;Com Vítimas Feridas;Pleno dia;Decrescente;Nublado;Múltipla;Reta;Rural;0;0;2;0
40055;616805;2024-07-06;sábado;07:35:00;SP;116.0;103.6;TAUBATE;Condutor deixou de manter distância do veículo da frente;Engavetamento;Com Vítimas Feridas;Pleno dia;Decrescente;Ensolarado;Dupla;Reta;Rural;7;0;4;0
40151;616908;2024-07-26;sexta-feira;05:20:00;SP;381.0;58.0;MAIRIPORA;Demais falhas mecânicas ou elétricas;Queda de ocupante de veículo;Com Vítimas Feridas;Plena Noite;Decrescente;Ensolarado;Dupla;"Reta;Declive";Rural;0;0;1;0
40167;616924;2024-07-26;sexta-feira;07:30:00;SP;116.0;202.0;ARUJA;Trafegar com motocicleta (ou similar) entre as faixas;Colisão traseira;Com Vítimas Feridas;Pleno dia;Crescente;Ensolarado;Dupla;"Curva;Declive";Rural;0;0;2;0
40187;616946;2024-07-26;sexta-feira;07:50:00;SP;116.0;46.5;CANAS;Manobra de mudança de faixa;Colisão com objeto;Com Vítimas Feridas;Pleno dia;Decrescente;Ensolarado;Dupla;Reta;Rural;0;0;2;0
40188;616947;2024-06-25;terça-feira;07:30:00;SP;116.0;213.0;GUARULHOS;Trafegar com motocicleta (ou similar) entre as faixas;Colisão traseira;Com Vítimas Feridas;Pleno dia;Crescente;Ensolarado;Múltipla;Reta;Rural;0;0;2;0
40218;616980;2024-07-26;sexta-feira;11:30:00;SP;153.0;174.0;GUAICARA;Desrespeitar a preferência no cruzamento;Colisão transversal;Com Vítimas Feridas;Pleno dia;Decrescente;Ensolarado;Simples;"Reta;Interseção de Vias;Rotatória";Rural;4;0;2;0
40221;616983;2024-07-26;sexta-feira;12:20:00;SP;488.0;2.0;APARECIDA;Desrespeitar a preferência no cruzamento;Colisão transversal;Com Vítimas Feridas;Pleno dia;Decrescente;Ensolarado;Dupla;Reta;Urbano;0;0;2;0
40233;616995;2024-06-28;sexta-feira;20:15:00;SP;116.0;26.2;SILVEIRAS;Objeto estático sobre o leito carroçável;Colisão com objeto;Com Vítimas Feridas;Plena Noite;Crescente;Ensolarado;Dupla;Reta;Rural;1;0;1;0
40241;617004;2024-07-26;sexta-feira;16:50:00;SP;116.0;202.0;GUARULHOS;Trafegar com motocicleta (ou similar) entre as faixas;Colisão lateral mesmo sentido;Com Vítimas Feridas;Pleno dia;Decrescente;Ensolarado;Múltipla;Reta;Rural;0;0;3;0
40245;617008;2024-07-26;sexta-feira;14:25:00;SP;116.0;36.0;CACHOEIRA PAULISTA;Demais falhas mecânicas ou elétricas;Colisão traseira;Com Vítimas Feridas;Pleno dia;Crescente;Ensolarado;Dupla;"Reta;Aclive";Rural;0;0;2;0
40250;617013;2024-07-26;sexta-feira;14:30:00;SP;381.0;37.7;ATIBAIA;Velocidade Incompatível;Colisão traseira;Com Vítimas Feridas;Pleno dia;Decrescente;Ensolarado;Dupla;"Reta;Aclive";Urbano;1;0;3;0
40269;617033;2024-07-26;sexta-feira;16:10:00;SP;116.0;100.0;PINDAMONHANGABA;Ausência de reação do condutor;Colisão traseira;Com Vítimas Feridas;Pleno dia;Crescente;Ensolarado;Dupla;Reta;Rural;0;0;2;0
40310;617074;2024-07-26;sexta-feira;19:00:00;SP;101.0;52.0;UBATUBA;Acessar a via sem observar a presença dos outros veículos;Atropelamento de Pedestre;Com Vítimas Feridas;Plena Noite;Crescente;Ensolarado;Simples;Curva;Urbano;1;0;1;1
40313;617077;2024-07-26;sexta-feira;19:00:00;SP;116.0;148.0;SAO JOSE DOS CAMPOS;Ausência de reação do condutor;Colisão traseira;Sem Vítimas;Plena Noite;Decrescente;Ensolarado;Dupla;Reta;Rural;0;0;3;0
40316;617080;2024-07-26;sexta-feira;19:02:00;SP;116.0;131.7;CACAPAVA;Velocidade Incompatível;Colisão traseira;Com Vítimas Feridas;Plena Noite;Crescente;Ensolarado;Dupla;Reta;Rural;7;0;4;0
40333;617097;2024-07-26;sexta-feira;21:10:00;SP;116.0;282.0;EMBU DAS ARTES;Transitar na contramão;Colisão frontal;Com Vítimas Feridas;Plena Noite;Decrescente;Ensolarado;Simples;"Declive;Retorno Regulamentado;Curva";Urbano;0;0;2;0
40341;617105;2024-07-26;sexta-feira;22:00:00;SP;116.0;221.0;GUARULHOS;Ausência de reação do condutor;Colisão com objeto;Com Vítimas Feridas;Plena Noite;Decrescente;Nublado;Múltipla;Reta;Urbano;0;0;2;0
40346;617110;2024-07-26;sexta-feira;22:50:00;SP;116.0;133.7;CACAPAVA;Ingestão de álcool pelo condutor;Colisão com objeto;Sem Vítimas;Plena Noite;Crescente;Ensolarado;Dupla;"Reta;Declive";Rural;0;0;1;0
40385;617150;2024-07-27;sábado;05:50:00;SP;116.0;112.4;TAUBATE;Reação tardia ou ineficiente do condutor;Colisão traseira;Com Vítimas Feridas;Amanhecer;Decrescente;Ensolarado;Dupla;Reta;Urbano;0;0;2;0
40387;617152;2024-07-27;sábado;05:45:00;SP;116.0;112.4;TAUBATE;Ingestão de álcool pelo condutor;Incêndio;Sem Vítimas;Amanhecer;Decrescente;Ensolarado;Dupla;Reta;Urbano;0;0;1;0
40393;617158;2024-07-27;sábado;07:55:00;SP;101.0;35.0;UBATUBA;Acessar a via sem observar a presença dos outros veículos;Colisão transversal;Com Vítimas Feridas;Pleno dia;Crescente;Ensolarado;Simples;Reta;Rural;0;0;2;0
40461;617235;2024-07-27;sábado;14:50:00;SP;381.0;59.0;MAIRIPORA;Frear bruscamente;Engavetamento;Com Vítimas Feridas;Pleno dia;Crescente;Ensolarado;Dupla;"Reta;Declive";Rural;8;0;4;0
40472;617246;2024-07-27;sábado;17:00:00;SP;116.0;276.0;EMBU DAS ARTES;Demais falhas mecânicas ou elétricas;Incêndio;Sem Vítimas;Pleno dia;Decrescente;Ensolarado;Dupla;Reta;Urbano;1;0;1;0
40476;617251;2024-07-27;sábado;17:50:00;SP;101.0;47.6;UBATUBA;Ingestão de álcool pelo condutor;Colisão lateral sentido oposto;Com Vítimas Feridas;Plena Noite;Crescente;Ensolarado;Simples;Reta;Urbano;3;0;2;0
40488;617264;2024-07-27;sábado;18:40:00;SP;116.0;203.0;ARUJA;Ausência de reação do condutor;Colisão traseira;Com Vítimas Feridas;Plena Noite;Decrescente;Ensolarado;Dupla;Reta;Rural;0;0;2;0
40510;617286;2024-07-27;sábado;20:45:00;SP;116.0;307.0;SAO LOURENCO DA SERRA;Demais falhas mecânicas ou elétricas;Engavetamento;Com Vítimas Feridas;Plena Noite;Crescente;Ensolarado;Dupla;Reta;Rural;2;0;3;0
40516;617293;2024-07-27;sábado;20:55:00;SP;116.0;283.0;EMBU DAS ARTES;Trafegar com motocicleta (ou similar) entre as faixas;Tombamento;Com Vítimas Feridas;Plena Noite;Decrescente;Ensolarado;Dupla;Reta;Urbano;0;0;1;0
40517;617294;2024-07-27;sábado;21:30:00;SP;116.0;187.0;SANTA ISABEL;Velocidade Incompatível;Engavetamento;Com Vítimas Feridas;Plena Noite;Decrescente;Nublado;Dupla;Reta;Rural;0;0;3;0
40560;617339;2024-07-27;sábado;23:55:00;SP;116.0;301.6;SAO LOURENCO DA SERRA;Condutor Dormindo;Saída de leito carroçável;Com Vítimas Feridas;Plena Noite;Crescente;Ensolarado;Dupla;"Reta;Declive";Rural;1;0;1;0
40568;617350;2024-07-28;domingo;02:08:00;SP;116.0;218.0;GUARULHOS;Ausência de reação do condutor;Colisão lateral mesmo sentido;Com Vítimas Feridas;Plena Noite;Crescente;Ensolarado;Dupla;Reta;Urbano;0;0;2;0
40580;617363;2024-07-28;domingo;04:50:00;SP;116.0;222.0;GUARULHOS;Ausência de reação do condutor;Colisão traseira;Com Vítimas Feridas;Amanhecer;Decrescente;Ensolarado;Múltipla;Reta;Urbano;0;0;2;0
40600;617385;2024-07-28;domingo;07:00:00;SP;381.0;86.0;GUARULHOS;Reação tardia ou ineficiente do condutor;Colisão lateral mesmo sentido;Com Vítimas Feridas;Amanhecer;Crescente;Ensolarado;Múltipla;Curva;Urbano;0;0;2;0
40619;617404;2024-07-28;domingo;09:00:00;SP;116.0;136.0;SAO JOSE DOS CAMPOS;Ausência de reação do condutor;Colisão com objeto;Sem Vítimas;Pleno dia;Decrescente;Ensolarado;Dupla;Reta;Urbano;0;0;1;0
40628;617417;2024-07-28;domingo;11:00:00;SP;116.0;519.0;CAJATI;Condutor Dormindo;Saída de leito carroçável;Com Vítimas Feridas;Pleno dia;Crescente;Ensolarado;Simples;Reta;Rural;0;0;1;0
40635;617426;2024-07-28;domingo;12:15:00;SP;381.0;55.0;ATIBAIA;Ausência de reação do condutor;Colisão traseira;Com Vítimas Feridas;Pleno dia;Crescente;Ensolarado;Dupla;Reta;Urbano;1;0;4;0
40650;617442;2024-07-28;domingo;14:15:00;SP;116.0;1.0;GUARULHOS;Reação tardia ou ineficiente do condutor;Colisão traseira;Com Vítimas Feridas;Pleno dia;Crescente;Ensolarado;Múltipla;Reta;Urbano;0;0;3;0
40653;617445;2024-07-28;domingo;13:10:00;SP;116.0;142.9;SAO JOSE DOS CAMPOS;Acessar a via sem observar a presença dos outros veículos;Colisão traseira;Com Vítimas Feridas;Pleno dia;Decrescente;Ensolarado;Dupla;Reta;Urbano;0;0;2;0
40670;617463;2024-07-28;domingo;15:30:00;SP;116.0;105.0;TAUBATE;Trafegar com motocicleta (ou similar) entre as faixas;Colisão lateral mesmo sentido;Com Vítimas Feridas;Pleno dia;Crescente;Ensolarado;Dupla;Reta;Rural;1;0;4;0
40675;617468;2024-07-28;domingo;16:00:00;SP;116.0;296.0;ITAPECERICA DA SERRA;Reação tardia ou ineficiente do condutor;Colisão traseira;Com Vítimas Feridas;Pleno dia;Decrescente;Ensolarado;Dupla;Reta;Urbano;0;0;2;0
40704;617500;2024-07-28;domingo;18:35:00;SP;381.0;88.0;GUARULHOS;Reação tardia ou ineficiente do condutor;Colisão com objeto;Com Vítimas Feridas;Plena Noite;Decrescente;Ensolarado;Dupla;Reta;Urbano;0;0;1;0
40715;617513;2024-07-28;domingo;19:30:00;SP;116.0;224.0;GUARULHOS;Ausência de reação do condutor;Queda de ocupante de veículo;Com Vítimas Feridas;Plena Noite;Decrescente;Nublado;Múltipla;Reta;Urbano;0;0;1;0
40729;617527;2024-07-28;domingo;20:00:00;SP;116.0;365.0;MIRACATU;Reação tardia ou ineficiente do condutor;Colisão com objeto;Com Vítimas Feridas;Plena Noite;Crescente;Ensolarado;Dupla;Curva;Rural;0;0;1;0
40748;617547;2024-07-28;domingo;21:00:00;SP;116.0;276.0;EMBU DAS ARTES;Ausência de reação do condutor;Colisão lateral mesmo sentido;Com Vítimas Feridas;Plena Noite;Crescente;Ensolarado;Dupla;Reta;Urbano;0;0;2;0
40755;617554;2024-07-28;domingo;21:15:00;SP;116.0;144.0;SAO JOSE DOS CAMPOS;Ausência de reação do condutor;Colisão traseira;Com Vítimas Feridas;Plena Noite;Decrescente;Ensolarado;Dupla;Reta;Rural;1;0;2;0
40772;617572;2024-07-28;domingo;23:15:00;SP;116.0;175.7;GUARAREMA;Reação tardia ou ineficiente do condutor;Colisão traseira;Sem Vítimas;Plena Noite;Decrescente;Ensolarado;Dupla;Reta;Rural;0;0;2;0
40798;617599;2024-07-29;segunda-feira;06:20:00;SP;116.0;219.0;GUARULHOS;Reação tardia ou ineficiente do condutor;Colisão traseira;Sem Vítimas;Amanhecer;Decrescente;Ensolarado;Múltipla;Reta;Urbano;0;0;3;0
40810;617611;2024-07-29;segunda-feira;06:45:00;SP;153.0;161.5;PROMISSAO;Demais falhas mecânicas ou elétricas;Incêndio;Sem Vítimas;Pleno dia;Decrescente;Ensolarado;Simples;Reta;Rural;0;0;1;0
40814;617616;2024-07-29;segunda-feira;07:40:00;SP;116.0;217.0;GUARULHOS;Manobra de mudança de faixa;Colisão traseira;Com Vítimas Feridas;Pleno dia;Decrescente;Ensolarado;Múltipla;"Reta;Declive";Urbano;0;0;2;0
40829;617632;2024-07-29;segunda-feira;06:45:00;SP;116.0;99.0;PINDAMONHANGABA;Reação tardia ou ineficiente do condutor;Colisão lateral mesmo sentido;Com Vítimas Feridas;Amanhecer;Crescente;Nublado;Simples;Reta;Rural;0;0;2;0
40842;617646;2024-07-29;segunda-feira;09:45:00;SP;153.0;326.9;SALTO GRANDE;Desrespeitar a preferência no cruzamento;Colisão transversal;Com Vítimas Feridas;Pleno dia;Crescente;Ensolarado;Simples;"Reta;Retorno Regulamentado";Rural;1;0;2;0
40859;617663;2024-07-29;segunda-feira;11:50:00;SP;116.0;227.0;GUARULHOS;Ausência de reação do condutor;Colisão traseira;Com Vítimas Feridas;Pleno dia;Decrescente;Ensolarado;Múltipla;Reta;Urbano;0;0;2;0
40864;617668;2024-07-29;segunda-feira;11:45:00;SP;116.0;438.0;REGISTRO;Reação tardia ou ineficiente do condutor;Saída de leito carroçável;Com Vítimas Feridas;Pleno dia;Crescente;Ensolarado;Dupla;Reta;Rural;1;0;1;0
40887;617691;2024-07-29;segunda-feira;11:30:00;SP;116.0;297.0;ITAPECERICA DA SERRA;Transitar na contramão;Colisão frontal;Com Vítimas Fatais;Pleno dia;Decrescente;Ensolarado;Dupla;Reta;Urbano;0;0;2;0
40902;617710;2024-07-29;segunda-feira;16:00:00;SP;116.0;230.1;SAO PAULO;Objeto estático sobre o leito carroçável;Colisão com objeto;Com Vítimas Feridas;Pleno dia;Crescente;Nublado;Múltipla;Reta;Urbano;2;0;1;0
40940;617750;2024-07-29;segunda-feira;18:20:00;SP;116.0;206.0;GUARULHOS;Trafegar com motocicleta (ou similar) entre as faixas;Colisão lateral mesmo sentido;Com Vítimas Feridas;Plena Noite;Crescente;Chuvoso;Múltipla;Reta;Rural;1;0;3;0
40981;617796;2024-07-29;segunda-feira;22:05:00;SP;116.0;41.0;CACHOEIRA PAULISTA;Objeto estático sobre o leito carroçável;Colisão com objeto;Com Vítimas Feridas;Plena Noite;Crescente;Ensolarado;Múltipla;Reta;Rural;3;0;1;0
40984;617799;2024-07-29;segunda-feira;20:00:00;SP;116.0;362.0;MIRACATU;Chuva;Saída de leito carroçável;Sem Vítimas;Plena Noite;Crescente;Chuvoso;Dupla;Curva;Rural;0;0;1;0
41025;617842;2024-06-25;terça-feira;19:40:00;SP;381.0;32.0;ATIBAIA;Reação tardia ou ineficiente do condutor;Colisão lateral mesmo sentido;Com Vítimas Feridas;Plena Noite;Decrescente;Ensolarado;Dupla;Reta;Rural;1;0;3;0
41028;617845;2024-07-30;terça-feira;07:50:00;SP;116.0;561.0;BARRA DO TURVO;Reação tardia ou ineficiente do condutor;Colisão com objeto;Com Vítimas Feridas;Pleno dia;Crescente;Chuvoso;Dupla;Curva;Rural;1;0;1;0
41037;617854;2024-07-30;terça-feira;08:20:00;SP;116.0;326.2;JUQUITIBA;Chuva;Saída de leito carroçável;Com Vítimas Fatais;Pleno dia;Crescente;Chuvoso;Dupla;Curva;Urbano;0;0;1;0
41055;617872;2024-07-30;terça-feira;11:50:00;SP;381.0;33.9;ATIBAIA;Pista Escorregadia;Capotamento;Com Vítimas Feridas;Pleno dia;Crescente;Chuvoso;Dupla;"Curva;Declive";Urbano;3;0;1;0
41088;617908;2024-07-30;terça-feira;15:40:00;SP;116.0;105.8;TAUBATE;Condutor deixou de manter distância do veículo da frente;Colisão traseira;Com Vítimas Feridas;Pleno dia;Crescente;Chuvoso;Dupla;"Reta;Aclive";Rural;0;0;2;0
41092;617912;2024-07-30;terça-feira;16:40:00;SP;116.0;308.0;SAO LOURENCO DA SERRA;Velocidade Incompatível;Tombamento;Com Vítimas Feridas;Pleno dia;Decrescente;Chuvoso;Dupla;Curva;Rural;0;0;1;0
41119;617941;2024-07-30;terça-feira;19:10:00;SP;116.0;210.0;GUARULHOS;Manobra de mudança de faixa;Colisão lateral mesmo sentido;Sem Vítimas;Plena Noite;Decrescente;Nublado;Múltipla;"Reta;Declive";Urbano;0;0;2;0
41129;617951;2024-07-30;terça-feira;13:15:00;SP;116.0;561.0;BARRA DO TURVO;Reação tardia ou ineficiente do condutor;Colisão lateral mesmo sentido;Com Vítimas Feridas;Pleno dia;Crescente;Chuvoso;Simples;"Curva;Declive";Rural;3;0;2;0
41131;617953;2024-07-30;terça-feira;21:50:00;SP;116.0;211.0;GUARULHOS;Demais falhas mecânicas ou elétricas;Colisão traseira;Com Vítimas Feridas;Plena Noite;Decrescente;Nublado;Múltipla;"Reta;Aclive";Urbano;0;0;2;0
41157;617979;2024-07-30;terça-feira;23:45:00;SP;116.0;545.0;BARRA DO TURVO;Reação tardia ou ineficiente do condutor;Colisão com objeto;Com Vítimas Feridas;Plena Noite;Crescente;Chuvoso;Dupla;Curva;Rural;0;0;1;0
41160;617982;2024-07-31;quarta-feira;01:12:00;SP;116.0;66.5;GUARATINGUETA;Condutor Dormindo;Saída de leito carroçável;Com Vítimas Feridas;Plena Noite;Decrescente;Nublado;Dupla;"Curva;Declive";Rural;0;0;1;0
41172;617994;2024-07-31;quarta-feira;06:10:00;SP;153.0;41.5;ONDA VERDE;Ausência de reação do condutor;Tombamento;Com Vítimas Feridas;Amanhecer;Crescente;Ensolarado;Simples;Reta;Rural;0;0;1;0
41182;618005;2024-07-31;quarta-feira;08:00:00;SP;116.0;224.0;GUARULHOS;Acessar a via sem observar a presença dos outros veículos;Colisão traseira;Com Vítimas Feridas;Pleno dia;Crescente;Ensolarado;Múltipla;Reta;Urbano;0;0;2;0
41195;618019;2024-07-31;quarta-feira;08:50:00;SP;101.0;42.0;UBATUBA;Acessar a via sem observar a presença dos outros veículos;Colisão lateral mesmo sentido;Com Vítimas Feridas;Pleno dia;Crescente;Ensolarado;Simples;Curva;Urbano;0;0;2;0
41205;618029;2024-06-05;quarta-feira;17:50:00;SP;116.0;59.7;GUARATINGUETA;Condutor deixou de manter distância do veículo da frente;Engavetamento;Sem Vítimas;Plena Noite;Decrescente;Ensolarado;Dupla;Reta;Rural;0;0;2;0
41211;618035;2024-07-31;quarta-feira;09:20:00;SP;116.0;567.0;BARRA DO TURVO;Velocidade Incompatível;Saída de leito carroçável;Com Vítimas Feridas;Pleno dia;Crescente;Chuvoso;Dupla;Curva;Rural;1;0;1;0
41232;618057;2024-07-31;quarta-feira;11:45:00;SP;116.0;567.0;BARRA DO TURVO;Reação tardia ou ineficiente do condutor;Capotamento;Com Vítimas Feridas;Pleno dia;Decrescente;Chuvoso;Dupla;Curva;Rural;2;0;1;0
41239;618064;2024-07-31;quarta-feira;13:27:00;SP;116.0;231.0;SAO PAULO;Reação tardia ou ineficiente do condutor;Colisão traseira;Com Vítimas Feridas;Pleno dia;Crescente;Ensolarado;Múltipla;"Reta;Em Obras";Urbano;0;0;2;0
41274;618099;2024-07-31;quarta-feira;16:06:00;SP;116.0;389.1;MIRACATU;Avarias e/ou desgaste excessivo no pneu;Colisão lateral mesmo sentido;Com Vítimas Feridas;Pleno dia;Crescente;Chuvoso;Dupla;Reta;Urbano;1;0;2;0
41296;618122;2024-07-31;quarta-feira;17:20:00;SP;116.0;445.0;REGISTRO;Chuva;Queda de ocupante de veículo;Com Vítimas Feridas;Pleno dia;Crescente;Chuvoso;Dupla;Reta;Urbano;0;0;1;0
41308;618134;2024-07-31;quarta-feira;19:00:00;SP;381.0;76.0;SAO PAULO;Reação tardia ou ineficiente do condutor;Queda de ocupante de veículo;Com Vítimas Feridas;Plena Noite;Crescente;Ensolarado;Dupla;"Curva;Declive";Rural;0;0;1;0
41339;618165;2024-07-31;quarta-feira;22:40:00;SP;116.0;228.0;SAO PAULO;Pedestre andava na pista;Atropelamento de Pedestre;Com Vítimas Feridas;Plena Noite;Decrescente;Nublado;Múltipla;Reta;Urbano;0;0;1;1
41346;618188;2024-07-31;quarta-feira;23:30:00;SP;116.0;504.0;CAJATI;Demais falhas mecânicas ou elétricas;Incêndio;Sem Vítimas;Plena Noite;Crescente;Nublado;Dupla;"Curva;Aclive";Rural;0;0;1;0
41359;618281;2024-07-01;segunda-feira;08:30:00;SP;116.0;208.0;GUARULHOS;Objeto estático sobre o leito carroçável;Colisão com objeto;Sem Vítimas;Pleno dia;Crescente;Ensolarado;Dupla;Reta;Urbano;1;0;1;0
41365;618365;2024-06-12;quarta-feira;16:19:00;SP;381.0;58.0;MAIRIPORA;Reação tardia ou ineficiente do condutor;Colisão traseira;Com Vítimas Feridas;Pleno dia;Crescente;Ensolarado;Dupla;"Reta;Aclive";Rural;0;0;2;0
41381;618516;2024-07-05;sexta-feira;14:40:00;SP;381.0;36.0;ATIBAIA;Ausência de reação do condutor;Engavetamento;Com Vítimas Feridas;Pleno dia;Crescente;Ensolarado;Dupla;Reta;Urbano;0;0;2;0
41411;619255;2024-05-30;quinta-feira;02:15:00;SP;116.0;54.1;LORENA;Condutor deixou de manter distância do veículo da frente;Colisão traseira;Com Vítimas Feridas;Plena Noite;Crescente;Ensolarado;Dupla;Reta;Rural;0;0;1;0
41434;619576;2024-03-14;quinta-feira;22:20:00;SP;153.0;59.0;SAO JOSE DO RIO PRETO;Pedestre cruzava a pista fora da faixa;Atropelamento de Pedestre;Com Vítimas Feridas;Plena Noite;Decrescente;Nublado;Dupla;"Reta;Declive";Urbano;0;0;1;1
41472;620513;2024-07-30;terça-feira;12:50:00;SP;381.0;41.5;ATIBAIA;Demais falhas mecânicas ou elétricas;Colisão traseira;Com Vítimas Feridas;Pleno dia;Decrescente;Chuvoso;Múltipla;Reta;Urbano;0;0;2;0
41529;621574;2024-02-18;domingo;15:22:00;SP;116.0;564.0;BARRA DO TURVO;Velocidade Incompatível;Saída de leito carroçável;Com Vítimas Feridas;Pleno dia;Crescente;Chuvoso;Simples;Curva;Rural;3;0;2;0